xrun(64): 23.03-s003: (c) Copyright 1995-2023 Cadence Design Systems, Inc.
TOOL:	xrun(64)	23.03-s003: Started on Oct 07, 2026 at 17:45:28 -03
xrun
	-64bit
	-sv
	-access +rwc
	-timescale 1ns/1ps
	-sdf_cmd_file sdf_cmd.cmd
	-define XRUN
	-top tb_memread_conv_slice
	-run
	-exit
	/pdk/tsmc/PDK28/PDK_TSMC28_bv/tcbn28hpcplusbwp30p140_190a/TSMCHOME/digital/Front_End/verilog/tcbn28hpcplusbwp30p140_110a/tcbn28hpcplusbwp30p140.v
	/sim/tarsio/PipeCNN_Winograd/project/device/experiments/opencl_memread_compute/tb_memread_conv_slice.sv
	/sim/tarsio/PipeCNN_Winograd/project/device/RTL/synthesis/opencl-memread-f43-original-i8-l032/runs/memread-f43-i8-l032-20261007T-run03-sdf-fixed/logical/gate_level/pipecnn_memread_conv_slice_logic_mapped.v
DEFINE unisim  /tmp/fastconv-p3f-d0282f55/rtl/conv2x2/fpga_zcu104/conv-i16-h16-t16-o4-m08-std/reports/p3_funcsim/simlibs_func/unisim
|
xrun: *W,DLCPTH (/home/tarsio.onofrio/cds.lib,1): cds.lib Invalid path '/tmp/fastconv-p3f-d0282f55/rtl/conv2x2/fpga_zcu104/conv-i16-h16-t16-o4-m08-std/reports/p3_funcsim/simlibs_func/unisim' (cds.lib command ignored).
DEFINE unimacro  /tmp/fastconv-p3f-d0282f55/rtl/conv2x2/fpga_zcu104/conv-i16-h16-t16-o4-m08-std/reports/p3_funcsim/simlibs_func/unimacro
|
xrun: *W,DLCPTH (/home/tarsio.onofrio/cds.lib,2): cds.lib Invalid path '/tmp/fastconv-p3f-d0282f55/rtl/conv2x2/fpga_zcu104/conv-i16-h16-t16-o4-m08-std/reports/p3_funcsim/simlibs_func/unimacro' (cds.lib command ignored).
DEFINE unifast  /tmp/fastconv-p3f-d0282f55/rtl/conv2x2/fpga_zcu104/conv-i16-h16-t16-o4-m08-std/reports/p3_funcsim/simlibs_func/unifast
|
xrun: *W,DLCPTH (/home/tarsio.onofrio/cds.lib,3): cds.lib Invalid path '/tmp/fastconv-p3f-d0282f55/rtl/conv2x2/fpga_zcu104/conv-i16-h16-t16-o4-m08-std/reports/p3_funcsim/simlibs_func/unifast' (cds.lib command ignored).
DEFINE xpm  /tmp/fastconv-p3f-d0282f55/rtl/conv2x2/fpga_zcu104/conv-i16-h16-t16-o4-m08-std/reports/p3_funcsim/simlibs_func/xpm
|
xrun: *W,DLCPTH (/home/tarsio.onofrio/cds.lib,4): cds.lib Invalid path '/tmp/fastconv-p3f-d0282f55/rtl/conv2x2/fpga_zcu104/conv-i16-h16-t16-o4-m08-std/reports/p3_funcsim/simlibs_func/xpm' (cds.lib command ignored).
DEFINE xilinx_vip  /tmp/fastconv-p3f-d0282f55/rtl/conv2x2/fpga_zcu104/conv-i16-h16-t16-o4-m08-std/reports/p3_funcsim/simlibs_func/xilinx_vip
|
xrun: *W,DLCPTH (/home/tarsio.onofrio/cds.lib,5): cds.lib Invalid path '/tmp/fastconv-p3f-d0282f55/rtl/conv2x2/fpga_zcu104/conv-i16-h16-t16-o4-m08-std/reports/p3_funcsim/simlibs_func/xilinx_vip' (cds.lib command ignored).
DEFINE common_cpp_v1_0  /tmp/fastconv-p3f-d0282f55/rtl/conv2x2/fpga_zcu104/conv-i16-h16-t16-o4-m08-std/reports/p3_funcsim/simlibs_func/common_cpp_v1_0
|
xrun: *W,DLCPTH (/home/tarsio.onofrio/cds.lib,6): cds.lib Invalid path '/tmp/fastconv-p3f-d0282f55/rtl/conv2x2/fpga_zcu104/conv-i16-h16-t16-o4-m08-std/reports/p3_funcsim/simlibs_func/common_cpp_v1_0' (cds.lib command ignored).
DEFINE xtlm  /tmp/fastconv-p3f-d0282f55/rtl/conv2x2/fpga_zcu104/conv-i16-h16-t16-o4-m08-std/reports/p3_funcsim/simlibs_func/xtlm
|
xrun: *W,DLCPTH (/home/tarsio.onofrio/cds.lib,7): cds.lib Invalid path '/tmp/fastconv-p3f-d0282f55/rtl/conv2x2/fpga_zcu104/conv-i16-h16-t16-o4-m08-std/reports/p3_funcsim/simlibs_func/xtlm' (cds.lib command ignored).
DEFINE xscl  /tmp/fastconv-p3f-d0282f55/rtl/conv2x2/fpga_zcu104/conv-i16-h16-t16-o4-m08-std/reports/p3_funcsim/simlibs_func/xscl
|
xrun: *W,DLCPTH (/home/tarsio.onofrio/cds.lib,8): cds.lib Invalid path '/tmp/fastconv-p3f-d0282f55/rtl/conv2x2/fpga_zcu104/conv-i16-h16-t16-o4-m08-std/reports/p3_funcsim/simlibs_func/xscl' (cds.lib command ignored).
DEFINE emu_perf_common_v1_0  /tmp/fastconv-p3f-d0282f55/rtl/conv2x2/fpga_zcu104/conv-i16-h16-t16-o4-m08-std/reports/p3_funcsim/simlibs_func/emu_perf_common_v1_0
|
xrun: *W,DLCPTH (/home/tarsio.onofrio/cds.lib,9): cds.lib Invalid path '/tmp/fastconv-p3f-d0282f55/rtl/conv2x2/fpga_zcu104/conv-i16-h16-t16-o4-m08-std/reports/p3_funcsim/simlibs_func/emu_perf_common_v1_0' (cds.lib command ignored).
DEFINE axi_tlm_ext_v1_0  /tmp/fastconv-p3f-d0282f55/rtl/conv2x2/fpga_zcu104/conv-i16-h16-t16-o4-m08-std/reports/p3_funcsim/simlibs_func/axi_tlm_ext_v1_0
|
xrun: *W,DLCPTH (/home/tarsio.onofrio/cds.lib,10): cds.lib Invalid path '/tmp/fastconv-p3f-d0282f55/rtl/conv2x2/fpga_zcu104/conv-i16-h16-t16-o4-m08-std/reports/p3_funcsim/simlibs_func/axi_tlm_ext_v1_0' (cds.lib command ignored).
DEFINE axi_tg_sc_v1_0  /tmp/fastconv-p3f-d0282f55/rtl/conv2x2/fpga_zcu104/conv-i16-h16-t16-o4-m08-std/reports/p3_funcsim/simlibs_func/axi_tg_sc_v1_0
|
xrun: *W,DLCPTH (/home/tarsio.onofrio/cds.lib,11): cds.lib Invalid path '/tmp/fastconv-p3f-d0282f55/rtl/conv2x2/fpga_zcu104/conv-i16-h16-t16-o4-m08-std/reports/p3_funcsim/simlibs_func/axi_tg_sc_v1_0' (cds.lib command ignored).
DEFINE secureip  /sim/tarsio/reports-conv3x3-ifn9-explore-149bd5be/simlibs_unisim/secureip
|
xrun: *W,DLCPTH (/home/tarsio.onofrio/cds.lib,12): cds.lib InvalDEFINE unifast_ver  /sim/tarsio/reports-conv3x3-ifn9-explore-149bd5be/simlibs_unisim/unifast_ver
|
xrun: *W,DLCPTH (/home/tarsio.onofrio/cds.lib,15): cds.lib Invalid path '/sim/tarsio/reports-conv3x3-ifn9-explore-149bd5bLCPTH (/home/tarsio.onofrio/cds.lib,13): cds.lib Invalid path '/sim/tarsio/reports-conv3x3-ifn9-explore-149bd5be/simlibs_unisim/unisims_ver' (cds.lib command ignored).
DEFINE unimacro_ver  /sim/tarsio/reports-conv3x3-ifn9-explore-149bd5be/simlibs_unisim/unimacro_ver
|
xrun: *W,DLCPTH (/home/tarsio.onofrio/cds.lib,14): cds.lib Invalid path '/sim/tarsio/reports-conv3x3-ifn9-explore-149bd5be/simlibs_unisim/unimacro_ver' (cds.lib command ignored).
DEFINE unifast_ver  /sim/tarsio/reports-conv3x3-ifn9-explore-149bd5be/simlibs_unisim/unifast_ver
|
xrun: *W,DLCPTH (/home/tarsio.onofrio/cds.lib,15): cds.lib Invalid path '/sim/tarsio/reports-conv3x3-ifn9-explore-149bd5be/simlibs_unisim/unifast_ver' (cds.lib command ignored).
DEFINE unisim  /tmp/fastconv-p3f-d0282f55/rtl/conv2x2/fpga_zcu104/conv-i16-h16-t16-o4-m08-std/reports/p3_funcsim/simlibs_func/unisim
|
xrun: *W,DLCPTH (/home/tarsio.onofrio/cds.lib,1): cds.lib Invalid path '/tmp/fastconv-p3f-d0282f55/rtl/conv2x2/fpga_zcu104/conv-i16-h16-t16-o4-m08-std/reports/p3_funcsim/simlibs_func/unisim' (cds.lib command ignored).
DEFINE unimacro  /tmp/fastconv-p3f-d0282f55/rtl/conv2x2/fpga_zcu104/conv-i16-h16-t16-o4-m08-std/reports/p3_funcsim/simlibs_func/unimacro
|
xrun: *W,DLCPTH (/home/tarsio.onofrio/cds.lib,2): cds.lib Invalid path '/tmp/fastconv-p3f-d0282f55/rtl/conv2x2/fpga_zcu104/conv-i16-h16-t16-o4-m08-std/reports/p3_funcsim/simlibs_func/unimacro' (cds.lib command ignored).
DEFINE unifast  /tmp/fastconv-p3f-d0282f55/rtl/conv2x2/fpga_zcu104/conv-i16-h16-t16-o4-m08-std/reports/p3_funcsim/simlibs_func/unifast
|
xrun: *W,DLCPTH (/home/tarsio.onofrio/cds.lib,3): cds.lib Invalid path '/tmp/fastconv-p3f-d0282f55/rtl/conv2x2/fpga_zcu104/conv-i16-h16-t16-o4-m08-std/reports/p3_funcsim/simlibs_func/unifast' (cds.lib command ignored).
DEFINE xpm  /tmp/fastconv-p3f-d0282f55/rtl/conv2x2/fpga_zcu104/conv-i16-h16-t16-o4-m08-std/reports/p3_funcsim/simlibs_func/xpm
|
xrun: *W,DLCPTH (/home/tarsio.onofrio/cds.lib,4): cds.lib Invalid path '/tmp/fastconv-p3f-d0282f55/rtl/conv2x2/fpga_zcu104/conv-i16-h16-t16-o4-m08-std/reports/p3_funcsim/simlibs_func/xpm' (cds.lib command ignored).
DEFINE xilinx_vip  /tmp/fastconv-p3f-d0282f55/rtl/conv2x2/fpga_zcu104/conv-i16-h16-t16-o4-m08-std/reports/p3_funcsim/simlibs_func/xilinx_vip
|
xrun: *W,DLCPTH (/home/tarsio.onofrio/cds.lib,5): cds.lib Invalid path '/tmp/fastconv-p3f-d0282f55/rtl/conv2x2/fpga_zcu104/conv-i16-h16-t16-o4-m08-std/reports/p3_funcsim/simlibs_func/xilinx_vip' (cds.lib command ignored).
DEFINE common_cpp_v1_0  /tmp/fastconv-p3f-d0282f55/rtl/conv2x2/fpga_zcu104/conv-i16-h16-t16-o4-m08-std/reports/p3_funcsim/simlibs_func/common_cpp_v1_0
|
xrun: *W,DLCPTH (/home/tarsio.onofrio/cds.lib,6): cds.lib Invalid path '/tmp/fastconv-p3f-d0282f55/rtl/conv2x2/fpga_zcu104/conv-i16-h16-t16-o4-m08-std/reports/p3_funcsim/simlibs_func/common_cpp_v1_0' (cds.lib command ignored).
DEFINE xtlm  /tmp/fastconv-p3f-d0282f55/rtl/conv2x2/fpga_zcu104/conv-i16-h16-t16-o4-m08-std/reports/p3_funcsim/simlibs_func/xtlm
|
xrun: *W,DLCPTH (/home/tarsio.onofrio/cds.lib,7): cds.lib Invalid path '/tmp/fastconv-p3f-d0282f55/rtl/conv2x2/fpga_zcu104/conv-i16-h16-t16-o4-m08-std/reports/p3_funcsim/simlibs_func/xtlm' (cds.lib command ignored).
DEFINE xscl  /tmp/fastconv-p3f-d0282f55/rtl/conv2x2/fpga_zcu104/conv-i16-h16-t16-o4-m08-std/reports/p3_funcsim/simlibs_func/xscl
|
xrun: *W,DLCPTH (/home/tarsio.onofrio/cds.lib,8): cds.lib Invalid path '/tmp/fastconv-p3f-d0282f55/rtl/conv2x2/fpga_zcu104/conv-i16-h16-t16-o4-m08-std/reports/p3_funcsim/simlibs_func/xscl' (cds.lib command ignored).
DEFINE emu_perf_common_v1_0  /tmp/fastconv-p3f-d0282f55/rtl/conv2x2/fpga_zcu104/conv-i16-h16-t16-o4-m08-std/reports/p3_funcsim/simlibs_func/emu_perf_common_v1_0
|
xrun: *W,DLCPTH (/home/tarsio.onofrio/cds.lib,9): cds.lib Invalid path '/tmp/fastconv-p3f-d0282f55/rtl/conv2x2/fpga_zcu104/conv-i16-h16-t16-o4-m08-std/reports/p3_funcsim/simlibs_func/emu_perf_common_v1_0' (cds.lib command ignored).
DEFINE axi_tlm_ext_v1_0  /tmp/fastconv-p3f-d0282f55/rtl/conv2x2/fpga_zcu104/conv-i16-h16-t16-o4-m08-std/reports/p3_funcsim/simlibs_func/axi_tlm_ext_v1_0
|
xrun: *W,DLCPTH (/home/tarsio.onofrio/cds.lib,10): cds.lib Invalid path '/tmp/fastconv-p3f-d0282f55/rtl/conv2x2/fpga_zcu104/conv-i16-h16-t16-o4-m08-std/reports/p3_funcsim/simlibs_func/axi_tlm_ext_v1_0' (cds.lib command ignored).
DEFINE axi_tg_sc_v1_0  /tmp/fastconv-p3f-d0282f55/rtl/conv2x2/fpga_zcu104/conv-i16-h16-t16-o4-m08-std/reports/p3_funcsim/simlibs_func/axi_tg_sc_v1_0
|
xrun: *W,DLCPTH (/home/tarsio.onofrio/cds.lib,11): cds.lib Invalid path '/tmp/fastconv-p3f-d0282f55/rtl/conv2x2/fpga_zcu104/conv-i16-h16-t16-o4-m08-std/reports/p3_funcsim/simlibs_func/axi_tg_sc_v1_0' (cds.lib command ignored).
DEFINE secureip  /sim/tarsio/reports-conv3x3-ifn9-explore-149bd5be/simlibs_unisim/secureip
|
xrun: *W,DLCPTH (/home/tarsio.onofrio/cds.lib,12): cds.lib Invalid path '/sim/tarsio/reports-conv3x3-ifn9-explore-149bd5be/simlibs_unisim/sDEFINE unifast_ver  /sim/tarsio/reports-conv3x3-ifn9-explore-149bd5be/simlibs_unisim/unifast_ver
|
xrun: *W,DLCPTH (/home/tarsio.onofrio/cds.lib,15): cds.lme/tarsio.onofrio/cds.lib,13): cds.lib Invalid path '/sim/tarsio/reports-conv3x3-ifn9-explore-149bd5be/simlibs_unisim/unisims_ver' (cds.lib command ignored).
DEFINE unimacro_ver  /sim/tarsio/reports-conv3x3-ifn9-explore-149bd5be/simlibs_unisim/unimacro_ver
|
xrun: *W,DLCPTH (/home/tarsio.onofrio/cds.lib,14): cds.lib Invalid path '/sim/tarsio/reports-conv3x3-ifn9-explore-149bd5be/simlibs_unisim/unimacro_ver' (cds.lib command ignored).
DEFINE unifast_ver  /sim/tarsio/reports-conv3x3-ifn9-explore-149bd5be/simlibs_unisim/unifast_ver
|
xrun: *W,DLCPTH (/home/tarsio.onofrio/cds.lib,15): cds.lib Invalid path '/sim/tarsio/reports-conv3x3-ifn9-explore-149bd5be/simlibs_unisim/unifast_ver' (cds.lib command ignored).
DEFINE unisim  /tmp/fastconv-p3f-d0282f55/rtl/conv2x2/fpga_zcu104/conv-i16-h16-t16-o4-m08-std/reports/p3_funcsim/simlibs_func/unisim
|
xrun: *W,DLCPTH (/home/tarsio.onofrio/cds.lib,1): cds.lib Invalid path '/tmp/fastconv-p3f-d0282f55/rtl/conv2x2/fpga_zcu104/conv-i16-h16-t16-o4-m08-std/reports/p3_funcsim/simlibs_func/unisim' (cds.lib command ignored).
DEFINE unimacro  /tmp/fastconv-p3f-d0282f55/rtl/conv2x2/fpga_zcu104/conv-i16-h16-t16-o4-m08-std/reports/p3_funcsim/simlibs_func/unimacro
|
xrun: *W,DLCPTH (/home/tarsio.onofrio/cds.lib,2): cds.lib Invalid path '/tmp/fastconv-p3f-d0282f55/rtl/conv2x2/fpga_zcu104/conv-i16-h16-t16-o4-m08-std/reports/p3_funcsim/simlibs_func/unimacro' (cds.lib command ignored).
DEFINE unifast  /tmp/fastconv-p3f-d0282f55/rtl/conv2x2/fpga_zcu104/conv-i16-h16-t16-o4-m08-std/reports/p3_funcsim/simlibs_func/unifast
|
xrun: *W,DLCPTH (/home/tarsio.onofrio/cds.lib,3): cds.lib Invalid path '/tmp/fastconv-p3f-d0282f55/rtl/conv2x2/fpga_zcu104/conv-i16-h16-t16-o4-m08-std/reports/p3_funcsim/simlibs_func/unifast' (cds.lib command ignored).
DEFINE xpm  /tmp/fastconv-p3f-d0282f55/rtl/conv2x2/fpga_zcu104/conv-i16-h16-t16-o4-m08-std/reports/p3_funcsim/simlibs_func/xpm
|
xrun: *W,DLCPTH (/home/tarsio.onofrio/cds.lib,4): cds.lib Invalid path '/tmp/fastconv-p3f-d0282f55/rtl/conv2x2/fpga_zcu104/conv-i16-h16-t16-o4-m08-std/reports/p3_funcsim/simlibs_func/xpm' (cds.lib command ignored).
DEFINE xilinx_vip  /tmp/fastconv-p3f-d0282f55/rtl/conv2x2/fpga_zcu104/conv-i16-h16-t16-o4-m08-std/reports/p3_funcsim/simlibs_func/xilinx_vip
|
xrun: *W,DLCPTH (/home/tarsio.onofrio/cds.lib,5): cds.lib Invalid path '/tmp/fastconv-p3f-d0282f55/rtl/conv2x2/fpga_zcu104/conv-i16-h16-t16-o4-m08-std/reports/p3_funcsim/simlibs_func/xilinx_vip' (cds.lib command ignored).
DEFINE common_cpp_v1_0  /tmp/fastconv-p3f-d0282f55/rtl/conv2x2/fpga_zcu104/conv-i16-h16-t16-o4-m08-std/reports/p3_funcsim/simlibs_func/common_cpp_v1_0
|
xrun: *W,DLCPTH (/home/tarsio.onofrio/cds.lib,6): cds.lib Invalid path '/tmp/fastconv-p3f-d0282f55/rtl/conv2x2/fpga_zcu104/conv-i16-h16-t16-o4-m08-std/reports/p3_funcsim/simlibs_func/common_cpp_v1_0' (cds.lib command ignored).
DEFINE xtlm  /tmp/fastconv-p3f-d0282f55/rtl/conv2x2/fpga_zcu104/conv-i16-h16-t16-o4-m08-std/reports/p3_funcsim/simlibs_func/xtlm
|
xrun: *W,DLCPTH (/home/tarsio.onofrio/cds.lib,7): cds.lib Invalid path '/tmp/fastconv-p3f-d0282f55/rtl/conv2x2/fpga_zcu104/conv-i16-h16-t16-o4-m08-std/reports/p3_funcsim/simlibs_func/xtlm' (cds.lib command ignored).
DEFINE xscl  /tmp/fastconv-p3f-d0282f55/rtl/conv2x2/fpga_zcu104/conv-i16-h16-t16-o4-m08-std/reports/p3_funcsim/simlibs_func/xscl
|
xrun: *W,DLCPTH (/home/tarsio.onofrio/cds.lib,8): cds.lib Invalid path '/tmp/fastconv-p3f-d0282f55/rtl/conv2x2/fpga_zcu104/conv-i16-h16-t16-o4-m08-std/reports/p3_funcsim/simlibs_func/xscl' (cds.lib command ignored).
DEFINE emu_perf_common_v1_0  /tmp/fastconv-p3f-d0282f55/rtl/conv2x2/fpga_zcu104/conv-i16-h16-t16-o4-m08-std/reports/p3_funcsim/simlibs_func/emu_perf_common_v1_0
|
xrun: *W,DLCPTH (/home/tarsio.onofrio/cds.lib,9): cds.lib Invalid path '/tmp/fastconv-p3f-d0282f55/rtl/conv2x2/fpga_zcu104/conv-i16-h16-t16-o4-m08-std/reports/p3_funcsim/simlibs_func/emu_perf_common_v1_0' (cds.lib command ignored).
DEFINE axi_tlm_ext_v1_0  /tmp/fastconv-p3f-d0282f55/rtl/conv2x2/fpga_zcu104/conv-i16-h16-t16-o4-m08-std/reports/p3_funcsim/simlibs_func/axi_tlm_ext_v1_0
|
xrun: *W,DLCPTH (/home/tarsio.onofrio/cds.lib,10): cds.lib Invalid path '/tmp/fastconv-p3f-d0282f55/rtl/conv2x2/fpga_zcu104/conv-i16-h16-t16-o4-m08-std/reports/p3_funcsim/simlibs_func/axi_tlm_ext_v1_0' (cds.lib command ignored).
DEFINE axi_tg_sc_v1_0  /tmp/fastconv-p3f-d0282f55/rtl/conv2x2/fpga_zcu104/conv-i16-h16-t16-o4-m08-std/reports/p3_funcsim/simlibs_func/axi_tg_sc_v1_0
|
xrun: *W,DLCPTH (/home/tarsio.onofrio/cds.lib,11): cds.lib Invalid path '/tmp/fastconv-p3f-d0282f55/rtl/conv2x2/fpga_zcu104/conv-i16-h16-t16-o4-m08-std/reports/p3_funcsim/simlibs_func/axi_tg_sc_v1_0' (cds.lib command ignored).
DEFINE secureip  /sim/tarsio/reports-conv3x3-ifn9-explore-149bd5be/simlibs_unisim/secureip
|
xrun: *W,DLCPTH (/home/tarsio.onofrio/cds.lib,12): cds.lib Invalid path '/sim/tarsio/reports-conv3x3-ifn9-explore-149bd5be/simlibs_unisim/secureip' (cds.lib command ignored).
DEFINE unisims_ver  /sim/tarsio/reports-conv3x3-ifn9-explore-149bd5be/simlibs_unisim/unisims_ver
|
xrun: *W,DLCPTH (/home/tarsio.onofrio/cds.lib,13): cds.lib Invalid path '/sim/tarsio/reports-conv3x3-ifn9-explore-149bd5be/simlibs_unisim/unisims_ver' (cds.lib command ignored).
DEFINE unimacro_ver  /sim/tarsio/reports-conv3x3-ifn9-explore-149bd5be/simlibs_unisim/unimacro_ver
|
xrun: *W,DLCPTH (/home/tarsio.onofrio/cds.lib,14): cds.lib Invalid path '/sim/tarsio/reports-conv3x3-ifn9-explore-149bd5be/simlibs_unisim/unimacro_ver' (cds.lib command ignored).
DEFINE unifast_ver  /sim/tarsio/reports-conv3x3-ifn9-explore-149bd5be/simlibs_unisim/unifast_ver
|
xrun: *W,DLCPTH (/home/tarsio.onofrio/cds.lib,15): cds.lib Invalid path '/sim/tarsio/reports-conv3x3-ifn9-explore-149bd5be/simlibs_unisim/unifast_ver' (cds.lib command ignored).
DEFINE unisim  /tmp/fastconv-p3f-d0282f55/rtl/conv2x2/fpga_zcu104/conv-i16-h16-t16-o4-m08-std/reports/p3_funcsim/simlibs_func/unisim
|
xrun: *W,DLCPTH (/home/tarsio.onofrio/cds.lib,1): cds.lib Invalid path '/tmp/fastconv-p3f-d0282f55/rtl/conv2x2/fpga_zcu104/conv-i16-h16-t16-o4-m08-std/reports/p3_funcsim/simlibs_func/unisim' (cds.lib command ignored).
DEFINE unimacro  /tmp/fastconv-p3f-d0282f55/rtl/conv2x2/fpga_zcu104/conv-i16-h16-t16-o4-m08-std/reports/p3_funcsim/simlibs_func/unimacro
|
xrun: *W,DLCPTH (/home/tarsio.onofrio/cds.lib,2): cds.lib Invalid path '/tmp/fastconv-p3f-d0282f55/rtl/conv2x2/fpga_zcu104/conv-i16-h16-t16-o4-m08-std/reports/p3_funcsim/simlibs_func/unimacro' (cds.lib command ignored).
DEFINE unifast  /tmp/fastconv-p3f-d0282f55/rtl/conv2x2/fpga_zcu104/conv-i16-h16-t16-o4-m08-std/reports/p3_funcsim/simlibs_func/unifast
|
xrun: *W,DLCPTH (/home/tarsio.onofrio/cds.lib,3): cds.lib Invalid path '/tmp/fastconv-p3f-d0282f55/rtl/conv2x2/fpga_zcu104/conv-i16-h16-t16-o4-m08-std/reports/p3_funcsim/simlibs_func/unifast' (cds.lib command ignored).
DEFINE xpm  /tmp/fastconv-p3f-d0282f55/rtl/conv2x2/fpga_zcu104/conv-i16-h16-t16-o4-m08-std/reports/p3_funcsim/simlibs_func/xpm
|
xrun: *W,DLCPTH (/home/tarsio.onofrio/cds.lib,4): cds.lib Invalid path '/tmp/fastconv-p3f-d0282f55/rtl/conv2x2/fpga_zcu104/conv-i16-h16-t16-o4-m08-std/reports/p3_funcsim/simlibs_func/xpm' (cds.lib command ignored).
DEFINE xilinx_vip  /tmp/fastconv-p3f-d0282f55/rtl/conv2x2/fpga_zcu104/conv-i16-h16-t16-o4-m08-std/reports/p3_funcsim/simlibs_func/xilinx_vip
|
xrun: *W,DLCPTH (/home/tarsio.onofrio/cds.lib,5): cds.lib Invalid path '/tmp/fastconv-p3f-d0282f55/rtl/conv2x2/fpga_zcu104/conv-i16-h16-t16-o4-m08-std/reports/p3_funcsim/simlibs_func/xilinx_vip' (cds.lib command ignored).
DEFINE common_cpp_v1_0  /tmp/fastconv-p3f-d0282f55/rtl/conv2x2/fpga_zcu104/conv-i16-h16-t16-o4-m08-std/reports/p3_funcsim/simlibs_func/common_cpp_v1_0
|
xrun: *W,DLCPTH (/home/tarsio.onofrio/cds.lib,6): cds.lib Invalid path '/tmp/fastconv-p3f-d0282f55/rtl/conv2x2/fpga_zcu104/conv-i16-h16-t16-o4-m08-std/reports/p3_funcsim/simlibs_func/common_cpp_v1_0' (cds.lib command ignored).
DEFINE xtlm  /tmp/fastconv-p3f-d0282f55/rtl/conv2x2/fpga_zcu104/conv-i16-h16-t16-o4-m08-std/reports/p3_funcsim/simlibs_func/xtlm
|
xrun: *W,DLCPTH (/home/tarsio.onofrio/cds.lib,7): cds.lib Invalid path '/tmp/fastconv-p3f-d0282f55/rtl/conv2x2/fpga_zcu104/conv-i16-h16-t16-o4-m08-std/reports/p3_funcsim/simlibs_func/xtlm' (cds.lib command ignored).
DEFINE xscl  /tmp/fastconv-p3f-d0282f55/rtl/conv2x2/fpga_zcu104/conv-i16-h16-t16-o4-m08-std/reports/p3_funcsim/simlibs_func/xscl
|
xrun: *W,DLCPTH (/home/tarsio.onofrio/cds.lib,8): cds.lib Invalid path '/tmp/fastconv-p3f-d0282f55/rtl/conv2x2/fpga_zcu104/conv-i16-h16-t16-o4-m08-std/reports/p3_funcsim/simlibs_func/xscl' (cds.lib command ignored).
DEFINE emu_perf_common_v1_0  /tmp/fastconv-p3f-d0282f55/rtl/conv2x2/fpga_zcu104/conv-i16-h16-t16-o4-m08-std/reports/p3_funcsim/simlibs_func/emu_perf_common_v1_0
|
xrun: *W,DLCPTH (/home/tarsio.onofrio/cds.lib,9): cds.lib Invalid path '/tmp/fastconv-p3f-d0282f55/rtl/conv2x2/fpga_zcu104/conv-i16-h16-t16-o4-m08-std/reports/p3_funcsim/simlibs_func/emu_perf_common_v1_0' (cds.lib command ignored).
DEFINE axi_tlm_ext_v1_0  /tmp/fastconv-p3f-d0282f55/rtl/conv2x2/fpga_zcu104/conv-i16-h16-t16-o4-m08-std/reports/p3_funcsim/simlibs_func/axi_tlm_ext_v1_0
|
xrun: *W,DLCPTH (/home/tarsio.onofrio/cds.lib,10): cds.lib Invalid path '/tmp/fastconv-p3f-d0282f55/rtl/conv2x2/fpga_zcu104/conv-i16-h16-t16-o4-m08-std/reports/p3_funcsim/simlibs_func/axi_tlm_ext_v1_0' (cds.lib command ignored).
DEFINE axi_tg_sc_v1_0  /tmp/fastconv-p3f-d0282f55/rtl/conv2x2/fpga_zcu104/conv-i16-h16-t16-o4-m08-std/reports/p3_funcsim/simlibs_func/axi_tg_sc_v1_0
|
xrun: *W,DLCPTH (/home/tarsio.onofrio/cds.lib,11): cds.lib Invalid path '/tmp/fastconv-p3f-d0282f55/rtl/conv2x2/fpga_zcu104/conv-i16-h16-t16-o4-m08-std/reports/p3_funcsim/simlibs_func/axi_tg_sc_v1_0' (cds.lib command ignored).
DEFINE secureip  /sim/tarsio/reports-conv3x3-ifn9-explore-149bd5be/simlibs_unisim/secureip
|
xrun: *W,DLCPTH (/home/tarsio.onofrio/cds.lib,12): cds.lib Invalid path '/sim/tarsio/reports-conv3x3-ifn9-explore-149bd5be/simlibs_unisim/secureip' (cds.lib command ignored).
DEFINE unisims_ver  /sim/tarsio/reports-conv3x3-ifn9-explore-149bd5be/simlibs_unisim/unisims_ver
|
xrun: *W,DLCPTH (/home/tarsio.onofrio/cds.lib,13): cds.lib Invalid path '/sim/tarsio/reports-conv3x3-ifn9-explore-149bd5be/simlibs_unisim/unisims_ver' (cds.lib command ignored).
DEFINE unimacro_ver  /sim/tarsio/reports-conv3x3-ifn9-explore-149bd5be/simlibs_unisim/unimacro_ver
|
xrun: *W,DLCPTH (/home/tarsio.onofrio/cds.lib,14): cds.lib Invalid path '/sim/tarsio/reports-conv3x3-ifn9-explore-149bd5be/simlibs_unisim/unimacro_ver' (cds.lib command ignored).
DEFINE unifast_ver  /sim/tarsio/reports-conv3x3-ifn9-explore-149bd5be/simlibs_unisim/unifast_ver
|
xrun: *W,DLCPTH (/home/tarsio.onofrio/cds.lib,15): cds.lib Invalid path '/sim/tarsio/reports-conv3x3-ifn9-explore-149bd5be/simlibs_unisim/unifast_ver' (cds.lib command ignored).
DEFINE unisim  /tmp/fastconv-p3f-d0282f55/rtl/conv2x2/fpga_zcu104/conv-i16-h16-t16-o4-m08-std/reports/p3_funcsim/simlibs_func/unisim
|
xrun: *W,DLCPTH (/home/tarsio.onofrio/cds.lib,1): cds.lib Invalid path '/tmp/fastconv-p3f-d0282f55/rtl/conv2x2/fpga_zcu104/conv-i16-h16-t16-o4-m08-std/reports/p3_funcsim/simlibs_func/unisim' (cds.lib command ignored).
DEFINE unimacro  /tmp/fastconv-p3f-d0282f55/rtl/conv2x2/fpga_zcu104/conv-i16-h16-t16-o4-m08-std/reports/p3_funcsim/simlibs_func/unimacro
|
xrun: *W,DLCPTH (/home/tarsio.onofrio/cds.lib,2): cds.lib Invalid path '/tmp/fastconv-p3f-d0282f55/rtl/conv2x2/fpga_zcu104/conv-i16-h16-t16-o4-m08-std/reports/p3_funcsim/simlibs_func/unimacro' (cds.lib command ignored).
DEFINE unifast  /tmp/fastconv-p3f-d0282f55/rtl/conv2x2/fpga_zcu104/conv-i16-h16-t16-o4-m08-std/reports/p3_funcsim/simlibs_func/unifast
|
xrun: *W,DLCPTH (/home/tarsio.onofrio/cds.lib,3): cds.lib Invalid path '/tmp/fastconv-p3f-d0282f55/rtl/conv2x2/fpga_zcu104/conv-i16-h16-t16-o4-m08-std/reports/p3_funcsim/simlibs_func/unifast' (cds.lib command ignored).
DEFINE xpm  /tmp/fastconv-p3f-d0282f55/rtl/conv2x2/fpga_zcu104/conv-i16-h16-t16-o4-m08-std/reports/p3_funcsim/simlibs_func/xpm
|
xrun: *W,DLCPTH (/home/tarsio.onofrio/cds.lib,4): cds.lib Invalid path '/tmp/fastconv-p3f-d0282f55/rtl/conv2x2/fpga_zcu104/conv-i16-h16-t16-o4-m08-std/reports/p3_funcsim/simlibs_func/xpm' (cds.lib command ignored).
DEFINE xilinx_vip  /tmp/fastconv-p3f-d0282f55/rtl/conv2x2/fpga_zcu104/conv-i16-h16-t16-o4-m08-std/reports/p3_funcsim/simlibs_func/xilinx_vip
|
xrun: *W,DLCPTH (/home/tarsio.onofrio/cds.lib,5): cds.lib Invalid path '/tmp/fastconv-p3f-d0282f55/rtl/conv2x2/fpga_zcu104/conv-i16-h16-t16-o4-m08-std/reports/p3_funcsim/simlibs_func/xilinx_vip' (cds.lib command ignored).
DEFINE common_cpp_v1_0  /tmp/fastconv-p3f-d0282f55/rtl/conv2x2/fpga_zcu104/conv-i16-h16-t16-o4-m08-std/reports/p3_funcsim/simlibs_func/common_cpp_v1_0
|
xrun: *W,DLCPTH (/home/tarsio.onofrio/cds.lib,6): cds.lib Invalid path '/tmp/fastconv-p3f-d0282f55/rtl/conv2x2/fpga_zcu104/conv-i16-h16-t16-o4-m08-std/reports/p3_funcsim/simlibs_func/common_cpp_v1_0' (cds.lib command ignored).
DEFINE xtlm  /tmp/fastconv-p3f-d0282f55/rtl/conv2x2/fpga_zcu104/conv-i16-h16-t16-o4-m08-std/reports/p3_funcsim/simlibs_func/xtlm
|
xrun: *W,DLCPTH (/home/tarsio.onofrio/cds.lib,7): cds.lib Invalid path '/tmp/fastconv-p3f-d0282f55/rtl/conv2x2/fpga_zcu104/conv-i16-h16-t16-o4-m08-std/reports/p3_funcsim/simlibs_func/xtlm' (cds.lib command ignored).
DEFINE xscl  /tmp/fastconv-p3f-d0282f55/rtl/conv2x2/fpga_zcu104/conv-i16-h16-t16-o4-m08-std/reports/p3_funcsim/simlibs_func/xscl
|
xrun: *W,DLCPTH (/home/tarsio.onofrio/cds.lib,8): cds.lib Invalid path '/tmp/fastconv-p3f-d0282f55/rtl/conv2x2/fpga_zcu104/conv-i16-h16-t16-o4-m08-std/reports/p3_funcsim/simlibs_func/xscl' (cds.lib command ignored).
DEFINE emu_perf_common_v1_0  /tmp/fastconv-p3f-d0282f55/rtl/conv2x2/fpga_zcu104/conv-i16-h16-t16-o4-m08-std/reports/p3_funcsim/simlibs_func/emu_perf_common_v1_0
|
xrun: *W,DLCPTH (/home/tarsio.onofrio/cds.lib,9): cds.lib Invalid path '/tmp/fastconv-p3f-d0282f55/rtl/conv2x2/fpga_zcu104/conv-i16-h16-t16-o4-m08-std/reports/p3_funcsim/simlibs_func/emu_perf_common_v1_0' (cds.lib command ignored).
DEFINE axi_tlm_ext_v1_0  /tmp/fastconv-p3f-d0282f55/rtl/conv2x2/fpga_zcu104/conv-i16-h16-t16-o4-m08-std/reports/p3_funcsim/simlibs_func/axi_tlm_ext_v1_0
|
xrun: *W,DLCPTH (/home/tarsio.onofrio/cds.lib,10): cds.lib Invalid path '/tmp/fastconv-p3f-d0282f55/rtl/conv2x2/fpga_zcu104/conv-i16-h16-t16-o4-m08-std/reports/p3_funcsim/simlibs_func/axi_tlm_ext_v1_0' (cds.lib command ignored).
DEFINE axi_tg_sc_v1_0  /tmp/fastconv-p3f-d0282f55/rtl/conv2x2/fpga_zcu104/conv-i16-h16-t16-o4-m08-std/reports/p3_funcsim/simlibs_func/axi_tg_sc_v1_0
|
xrun: *W,DLCPTH (/home/tarsio.onofrio/cds.lib,11): cds.lib Invalid path '/tmp/fastconv-p3f-d0282f55/rtl/conv2x2/fpga_zcu104/conv-i16-h16-t16-o4-m08-std/reports/p3_funcsim/simlibs_func/axi_tg_sc_v1_0' (cds.lib command ignored).
DEFINE secureip  /sim/tarsio/reports-conv3x3-ifn9-explore-149bd5be/simlibs_unisim/secureip
|
xrun: *W,DLCPTH (/home/tarsio.onofrio/cds.lib,12): cds.lib Invalid path '/sim/tarsio/reports-conv3x3-ifn9-explore-149bd5be/simlibs_unisim/sDEFINE unifast_ver  /sim/tarsio/reports-conv3x3-ifn9-explore-149bd5be/simlibs_unisim/unifast_ver
|
xrun: *W,DLCPTH (/home/tarsio.onofrio/cds.lib,15): cds.lib Invalid path '/sim/tarsio/r cds.lib Invalid path '/sim/tarsio/reports-conv3x3-ifn9-explore-149bd5be/simlibs_unisim/unisims_ver' (cds.lib command ignored).
DEFINE unimacro_ver  /sim/tarsio/reports-conv3x3-ifn9-explore-149bd5be/simlibs_unisim/unimacro_ver
|
xrun: *W,DLCPTH (/home/tarsio.onofrio/cds.lib,14): cds.lib Invalid path '/sim/tarsio/reports-conv3x3-ifn9-explore-149bd5be/simlibs_unisim/unimacro_ver' (cds.lib command ignored).
DEFINE unifast_ver  /sim/tarsio/reports-conv3x3-ifn9-explore-149bd5be/simlibs_unisim/unifast_ver
|
xrun: *W,DLCPTH (/home/tarsio.onofrio/cds.lib,15): cds.lib Invalid path '/sim/tarsio/reports-conv3x3-ifn9-explore-149bd5be/simlibs_unisim/unifast_ver' (cds.lib command ignored).
DEFINE unisim  /tmp/fastconv-p3f-d0282f55/rtl/conv2x2/fpga_zcu104/conv-i16-h16-t16-o4-m08-std/reports/p3_funcsim/simlibs_func/unisim
|
xmvlog: *W,DLCPTH (/home/tarsio.onofrio/cds.lib,1): cds.lib Invalid path '/tmp/fastconv-p3f-d0282f55/rtl/conv2x2/fpga_zcu104/conv-i16-h16-t16-o4-m08-std/reports/p3_funcsim/simlibs_func/unisim' (cds.lib command ignored).
DEFINE unimacro  /tmp/fastconv-p3f-d0282f55/rtl/conv2x2/fpga_zcu104/conv-i16-h16-t16-o4-m08-std/reports/p3_funcsim/simlibs_func/unimacro
|
xmvlog: *W,DLCPTH (/home/tarsio.onofrio/cds.lib,2): cds.lib Invalid path '/tmp/fastconv-p3f-d0282f55/rtl/conv2x2/fpga_zcu104/conv-i16-h16-t16-o4-m08-std/reports/p3_funcsim/simlibs_func/unimacro' (cds.lib command ignored).
DEFINE unifast  /tmp/fastconv-p3f-d0282f55/rtl/conv2x2/fpga_zcu104/conv-i16-h16-t16-o4-m08-std/reports/p3_funcsim/simlibs_func/unifast
|
xmvlog: *W,DLCPTH (/home/tarsio.onofrio/cds.lib,3): cds.lib Invalid path '/tmp/fastconv-p3f-d0282f55/rtl/conv2x2/fpga_zcu104/conv-i16-h16-t16-o4-m08-std/reports/p3_funcsim/simlibs_func/unifast' (cds.lib command ignored).
DEFINE xpm  /tmp/fastconv-p3f-d0282f55/rtl/conv2x2/fpga_zcu104/conv-i16-h16-t16-o4-m08-std/reports/p3_funcsim/simlibs_func/xpm
|
xmvlog: *W,DLCPTH (/home/tarsio.onofrio/cds.lib,4): cds.lib Invalid path '/tmp/fastconv-p3f-d0282f55/rtl/conv2x2/fpga_zcu104/conv-i16-h16-t16-o4-m08-std/reports/p3_funcsim/simlibs_func/xpm' (cds.lib command ignored).
DEFINE xilinx_vip  /tmp/fastconv-p3f-d0282f55/rtl/conv2x2/fpga_zcu104/conv-i16-h16-t16-o4-m08-std/reports/p3_funcsim/simlibs_func/xilinx_vip
|
xmvlog: *W,DLCPTH (/home/tarsio.onofrio/cds.lib,5): cds.lib Invalid path '/tmp/fastconv-p3f-d0282f55/rtl/conv2x2/fpga_zcu104/conv-i16-h16-t16-o4-m08-std/reports/p3_funcsim/simlibs_func/xilinx_vip' (cds.lib command ignored).
DEFINE common_cpp_v1_0  /tmp/fastconv-p3f-d0282f55/rtl/conv2x2/fpga_zcu104/conv-i16-h16-t16-o4-m08-std/reports/p3_funcsim/simlibs_func/common_cpp_v1_0
|
xmvlog: *W,DLCPTH (/home/tarsio.onofrio/cds.lib,6): cds.lib Invalid path '/tmp/fastconv-p3f-d0282f55/rtl/conv2x2/fpga_zcu104/conv-i16-h16-t16-o4-m08-std/reports/p3_funcsim/simlibs_func/common_cpp_v1_0' (cds.lib command ignored).
DEFINE xtlm  /tmp/fastconv-p3f-d0282f55/rtl/conv2x2/fpga_zcu104/conv-i16-h16-t16-o4-m08-std/reports/p3_funcsim/simlibs_func/xtlm
|
xmvlog: *W,DLCPTH (/home/tarsio.onofrio/cds.lib,7): cds.lib Invalid path '/tmp/fastconv-p3f-d0282f55/rtl/conv2x2/fpga_zcu104/conv-i16-h16-t16-o4-m08-std/reports/p3_funcsim/simlibs_func/xtlm' (cds.lib command ignored).
DEFINE xscl  /tmp/fastconv-p3f-d0282f55/rtl/conv2x2/fpga_zcu104/conv-i16-h16-t16-o4-m08-std/reports/p3_funcsim/simlibs_func/xscl
|
xmvlog: *W,DLCPTH (/home/tarsio.onofrio/cds.lib,8): cds.lib Invalid path '/tmp/fastconv-p3f-d0282f55/rtl/conv2x2/fpga_zcu104/conv-i16-h16-t16-o4-m08-std/reports/p3_funcsim/simlibs_func/xscl' (cds.lib command ignored).
DEFINE emu_perf_common_v1_0  /tmp/fastconv-p3f-d0282f55/rtl/conv2x2/fpga_zcu104/conv-i16-h16-t16-o4-m08-std/reports/p3_funcsim/simlibs_func/emu_perf_common_v1_0
|
xmvlog: *W,DLCPTH (/home/tarsio.onofrio/cds.lib,9): cds.lib Invalid path '/tmp/fastconv-p3f-d0282f55/rtl/conv2x2/fpga_zcu104/conv-i16-h16-t16-o4-m08-std/reports/p3_funcsim/simlibs_func/emu_perf_common_v1_0' (cds.lib command ignored).
DEFINE axi_tlm_ext_v1_0  /tmp/fastconv-p3f-d0282f55/rtl/conv2x2/fpga_zcu104/conv-i16-h16-t16-o4-m08-std/reports/p3_funcsim/simlibs_func/axi_tlm_ext_v1_0
|
xmvlog: *W,DLCPTH (/home/tarsio.onofrio/cds.lib,10): cds.lib Invalid path '/tmp/fastconv-p3f-d0282f55/rtl/conv2x2/fpga_zcu104/conv-i16-h16-t16-o4-m08-std/reports/p3_funcsim/simlibs_func/axi_tlm_ext_v1_0' (cds.lib command ignored).
DEFINE axi_tg_sc_v1_0  /tmp/fastconv-p3f-d0282f55/rtl/conv2x2/fpga_zcu104/conv-i16-h16-t16-o4-m08-std/reports/p3_funcsim/simlibs_func/axi_tg_sc_v1_0
|
xmvlog: *W,DLCPTH (/home/tarsio.onofrio/cds.lib,11): cds.lib Invalid path '/tmp/fastconv-p3f-d0282f55/rtl/conv2x2/fpga_zcu104/conv-i16-h16-t16-o4-m08-std/reports/p3_funcsim/simlibs_func/axi_tg_sc_v1_0' (cds.lib command ignored).
DEFINE secureip  /sim/tarsio/reports-conv3x3-ifn9-explore-149bd5be/simlibs_unisim/secureip
|
xmvlog: *W,DLCPTH (/home/tarsio.onofrio/cds.lib,12): cds.lib Invalid path '/sim/tarsio/reports-conv3x3-ifn9-explore-149bd5be/simlibs_unisim/secureip' (cds.lib command ignored).
DEFINE unisims_ver  /sim/tarsio/reports-conv3x3-ifn9-explore-149bd5be/simlibs_unisim/unisims_ver
|
xmvlog: *W,DLCPTH (/home/tarsio.onofrio/cds.lib,13): cds.lib Invalid path '/sim/tarsio/reports-conv3x3-ifn9-explore-149bd5be/simlibs_unisim/unisims_ver' (cds.lib command ignored).
DEFINE unimacro_ver  /sim/tarsio/reports-conv3x3-ifn9-explore-149bd5be/simlibs_unisim/unimacro_ver
|
xmvlog: *W,DLCPTH (/home/tarsio.onofrio/cds.lib,14): cds.lib Invalid path '/sim/tarsio/reports-conv3x3-ifn9-explore-149bd5be/simlibs_unisim/unimacro_ver' (cds.lib command ignored).
DEFINE unifast_ver  /sim/tarsio/reports-conv3x3-ifn9-explore-149bd5be/simlibs_unisim/unifast_ver
|
xmvlog: *W,DLCPTH (/home/tarsio.onofrio/cds.lib,15): cds.lib Invalid path '/sim/tarsio/reports-conv3x3-ifn9-explore-149bd5be/simlibs_unisim/unifast_ver' (cds.lib command ignored).
file: /pdk/tsmc/PDK28/PDK_TSMC28_bv/tcbn28hpcplusbwp30p140_190a/TSMCHOME/digital/Front_End/verilog/tcbn28hpcplusbwp30p140_110a/tcbn28hpcplusbwp30p140.v
	module worklib.AN2D0BWP30P140:v
		errors: 0, warnings: 0
	module worklib.AN2D16BWP30P140:v
		errors: 0, warnings: 0
	module worklib.AN2D1BWP30P140:v
		errors: 0, warnings: 0
	module worklib.AN2D2BWP30P140:v
		errors: 0, warnings: 0
	module worklib.AN2D4BWP30P140:v
		errors: 0, warnings: 0
	module worklib.AN2D6BWP30P140:v
		errors: 0, warnings: 0
	module worklib.AN2D8BWP30P140:v
		errors: 0, warnings: 0
	module worklib.AN3D0BWP30P140:v
		errors: 0, warnings: 0
	module worklib.AN3D16BWP30P140:v
		errors: 0, warnings: 0
	module worklib.AN3D1BWP30P140:v
		errors: 0, warnings: 0
	module worklib.AN3D2BWP30P140:v
		errors: 0, warnings: 0
	module worklib.AN3D4BWP30P140:v
		errors: 0, warnings: 0
	module worklib.AN3D6BWP30P140:v
		errors: 0, warnings: 0
	module worklib.AN3D8BWP30P140:v
		errors: 0, warnings: 0
	module worklib.AN4D0BWP30P140:v
		errors: 0, warnings: 0
	module worklib.AN4D1BWP30P140:v
		errors: 0, warnings: 0
	module worklib.AN4D2BWP30P140:v
		errors: 0, warnings: 0
	module worklib.AN4D4BWP30P140:v
		errors: 0, warnings: 0
	module worklib.AN4D8BWP30P140:v
		errors: 0, warnings: 0
	module worklib.ANTENNABWP30P140:v
		errors: 0, warnings: 0
	module worklib.AO211D0BWP30P140:v
		errors: 0, warnings: 0
	module worklib.AO211D1BWP30P140:v
		errors: 0, warnings: 0
	module worklib.AO211D2BWP30P140:v
		errors: 0, warnings: 0
	module worklib.AO211D4BWP30P140:v
		errors: 0, warnings: 0
	module worklib.AO21D0BWP30P140:v
		errors: 0, warnings: 0
	module worklib.AO21D1BWP30P140:v
		errors: 0, warnings: 0
	module worklib.AO21D2BWP30P140:v
		errors: 0, warnings: 0
	module worklib.AO21D4BWP30P140:v
		errors: 0, warnings: 0
	module worklib.AO22D0BWP30P140:v
		errors: 0, warnings: 0
	module worklib.AO22D16BWP30P140:v
		errors: 0, warnings: 0
	module worklib.AO22D1BWP30P140:v
		errors: 0, warnings: 0
	module worklib.AO22D2BWP30P140:v
		errors: 0, warnings: 0
	module worklib.AO22D4BWP30P140:v
		errors: 0, warnings: 0
	module worklib.AO22D6BWP30P140:v
		errors: 0, warnings: 0
	module worklib.AO22D8BWP30P140:v
		errors: 0, warnings: 0
	module worklib.AOI211D0BWP30P140:v
		errors: 0, warnings: 0
	module worklib.AOI211D16BWP30P140:v
		errors: 0, warnings: 0
	module worklib.AOI211D1BWP30P140:v
		errors: 0, warnings: 0
	module worklib.AOI211D2BWP30P140:v
		errors: 0, warnings: 0
	module worklib.AOI211D4BWP30P140:v
		errors: 0, warnings: 0
	module worklib.AOI211D6BWP30P140:v
		errors: 0, warnings: 0
	module worklib.AOI211D8BWP30P140:v
		errors: 0, warnings: 0
	module worklib.AOI211OPTREPBD12BWP30P140:v
		errors: 0, warnings: 0
	module worklib.AOI211OPTREPBD16BWP30P140:v
		errors: 0, warnings: 0
	module worklib.AOI211OPTREPBD1BWP30P140:v
		errors: 0, warnings: 0
	module worklib.AOI211OPTREPBD2BWP30P140:v
		errors: 0, warnings: 0
	module worklib.AOI211OPTREPBD4BWP30P140:v
		errors: 0, warnings: 0
	module worklib.AOI211OPTREPBD6BWP30P140:v
		errors: 0, warnings: 0
	module worklib.AOI211OPTREPBD8BWP30P140:v
		errors: 0, warnings: 0
	module worklib.AOI21D0BWP30P140:v
		errors: 0, warnings: 0
	module worklib.AOI21D0P7BWP30P140:v
		errors: 0, warnings: 0
	module worklib.AOI21D16BWP30P140:v
		errors: 0, warnings: 0
	module worklib.AOI21D1BWP30P140:v
		errors: 0, warnings: 0
	module worklib.AOI21D1P5BWP30P140:v
		errors: 0, warnings: 0
	module worklib.AOI21D2BWP30P140:v
		errors: 0, warnings: 0
	module worklib.AOI21D4BWP30P140:v
		errors: 0, warnings: 0
	module worklib.AOI21D6BWP30P140:v
		errors: 0, warnings: 0
	module worklib.AOI21D8BWP30P140:v
		errors: 0, warnings: 0
	module worklib.AOI21OPTREPBD12BWP30P140:v
		errors: 0, warnings: 0
	module worklib.AOI21OPTREPBD16BWP30P140:v
		errors: 0, warnings: 0
	module worklib.AOI21OPTREPBD1BWP30P140:v
		errors: 0, warnings: 0
	module worklib.AOI21OPTREPBD2BWP30P140:v
		errors: 0, warnings: 0
	module worklib.AOI21OPTREPBD4BWP30P140:v
		errors: 0, warnings: 0
	module worklib.AOI21OPTREPBD6BWP30P140:v
		errors: 0, warnings: 0
	module worklib.AOI21OPTREPBD8BWP30P140:v
		errors: 0, warnings: 0
	module worklib.AOI221D0BWP30P140:v
		errors: 0, warnings: 0
	module worklib.AOI221D1BWP30P140:v
		errors: 0, warnings: 0
	module worklib.AOI221D2BWP30P140:v
		errors: 0, warnings: 0
	module worklib.AOI221D4BWP30P140:v
		errors: 0, warnings: 0
	module worklib.AOI222D0BWP30P140:v
		errors: 0, warnings: 0
	module worklib.AOI222D1BWP30P140:v
		errors: 0, warnings: 0
	module worklib.AOI222D2BWP30P140:v
		errors: 0, warnings: 0
	module worklib.AOI222D4BWP30P140:v
		errors: 0, warnings: 0
	module worklib.AOI22D0BWP30P140:v
		errors: 0, warnings: 0
	module worklib.AOI22D0P7BWP30P140:v
		errors: 0, warnings: 0
	module worklib.AOI22D16BWP30P140:v
		errors: 0, warnings: 0
	module worklib.AOI22D1BWP30P140:v
		errors: 0, warnings: 0
	module worklib.AOI22D1P5BWP30P140:v
		errors: 0, warnings: 0
	module worklib.AOI22D2BWP30P140:v
		errors: 0, warnings: 0
	module worklib.AOI22D4BWP30P140:v
		errors: 0, warnings: 0
	module worklib.AOI22D6BWP30P140:v
		errors: 0, warnings: 0
	module worklib.AOI22D8BWP30P140:v
		errors: 0, warnings: 0
	module worklib.AOI31D0BWP30P140:v
		errors: 0, warnings: 0
	module worklib.AOI31D1BWP30P140:v
		errors: 0, warnings: 0
	module worklib.AOI31D2BWP30P140:v
		errors: 0, warnings: 0
	module worklib.AOI31D4BWP30P140:v
		errors: 0, warnings: 0
	module worklib.AOI32D0BWP30P140:v
		errors: 0, warnings: 0
	module worklib.AOI32D1BWP30P140:v
		errors: 0, warnings: 0
	module worklib.AOI32D2BWP30P140:v
		errors: 0, warnings: 0
	module worklib.AOI32D4BWP30P140:v
		errors: 0, warnings: 0
	module worklib.AOI33D0BWP30P140:v
		errors: 0, warnings: 0
	module worklib.AOI33D1BWP30P140:v
		errors: 0, warnings: 0
	module worklib.AOI33D2BWP30P140:v
		errors: 0, warnings: 0
	module worklib.AOI33D4BWP30P140:v
		errors: 0, warnings: 0
	module worklib.BHDBWP30P140:v
		errors: 0, warnings: 0
	module worklib.BOUNDARY_LEFTBWP30P140:v
		errors: 0, warnings: 0
	module worklib.BOUNDARY_RIGHTBWP30P140:v
		errors: 0, warnings: 0
	module worklib.BUFFD0BWP30P140:v
		errors: 0, warnings: 0
	module worklib.BUFFD0P7BWP30P140:v
		errors: 0, warnings: 0
	module worklib.BUFFD12BWP30P140:v
		errors: 0, warnings: 0
	module worklib.BUFFD16BWP30P140:v
		errors: 0, warnings: 0
	module worklib.BUFFD1BWP30P140:v
		errors: 0, warnings: 0
	module worklib.BUFFD1P5BWP30P140:v
		errors: 0, warnings: 0
	module worklib.BUFFD20BWP30P140:v
		errors: 0, warnings: 0
	module worklib.BUFFD24BWP30P140:v
		errors: 0, warnings: 0
	module worklib.BUFFD2BWP30P140:v
		errors: 0, warnings: 0
	module worklib.BUFFD3BWP30P140:v
		errors: 0, warnings: 0
	module worklib.BUFFD4BWP30P140:v
		errors: 0, warnings: 0
	module worklib.BUFFD6BWP30P140:v
		errors: 0, warnings: 0
	module worklib.BUFFD8BWP30P140:v
		errors: 0, warnings: 0
	module worklib.BUFTD12BWP30P140:v
		errors: 0, warnings: 0
	module worklib.BUFTD16BWP30P140:v
		errors: 0, warnings: 0
	module worklib.BUFTD20BWP30P140:v
		errors: 0, warnings: 0
	module worklib.BUFTD24BWP30P140:v
		errors: 0, warnings: 0
	module worklib.BUFTD4BWP30P140:v
		errors: 0, warnings: 0
	module worklib.BUFTD6BWP30P140:v
		errors: 0, warnings: 0
	module worklib.BUFTD8BWP30P140:v
		errors: 0, warnings: 0
	module worklib.CKAN2D0BWP30P140:v
		errors: 0, warnings: 0
	module worklib.CKAN2D1BWP30P140:v
		errors: 0, warnings: 0
	module worklib.CKAN2D2BWP30P140:v
		errors: 0, warnings: 0
	module worklib.CKAN2D4BWP30P140:v
		errors: 0, warnings: 0
	module worklib.CKAN2D8BWP30P140:v
		errors: 0, warnings: 0
	module worklib.CKBD0BWP30P140:v
		errors: 0, warnings: 0
	module worklib.CKBD12BWP30P140:v
		errors: 0, warnings: 0
	module worklib.CKBD16BWP30P140:v
		errors: 0, warnings: 0
	module worklib.CKBD1BWP30P140:v
		errors: 0, warnings: 0
	module worklib.CKBD20BWP30P140:v
		errors: 0, warnings: 0
	module worklib.CKBD24BWP30P140:v
		errors: 0, warnings: 0
	module worklib.CKBD2BWP30P140:v
		errors: 0, warnings: 0
	module worklib.CKBD3BWP30P140:v
		errors: 0, warnings: 0
	module worklib.CKBD4BWP30P140:v
		errors: 0, warnings: 0
	module worklib.CKBD6BWP30P140:v
		errors: 0, warnings: 0
	module worklib.CKBD8BWP30P140:v
		errors: 0, warnings: 0
	module worklib.CKLHQD12BWP30P140:v
		errors: 0, warnings: 0
	module worklib.CKLHQD16BWP30P140:v
		errors: 0, warnings: 0
	module worklib.CKLHQD1BWP30P140:v
		errors: 0, warnings: 0
	module worklib.CKLHQD20BWP30P140:v
		errors: 0, warnings: 0
	module worklib.CKLHQD24BWP30P140:v
		errors: 0, warnings: 0
	module worklib.CKLHQD2BWP30P140:v
		errors: 0, warnings: 0
	module worklib.CKLHQD3BWP30P140:v
		errors: 0, warnings: 0
	module worklib.CKLHQD4BWP30P140:v
		errors: 0, warnings: 0
	module worklib.CKLHQD6BWP30P140:v
		errors: 0, warnings: 0
	module worklib.CKLHQD8BWP30P140:v
		errors: 0, warnings: 0
	module worklib.CKLNQD12BWP30P140:v
		errors: 0, warnings: 0
	module worklib.CKLNQD16BWP30P140:v
		errors: 0, warnings: 0
	module worklib.CKLNQD1BWP30P140:v
		errors: 0, warnings: 0
	module worklib.CKLNQD20BWP30P140:v
		errors: 0, warnings: 0
	module worklib.CKLNQD24BWP30P140:v
		errors: 0, warnings: 0
	module worklib.CKLNQD2BWP30P140:v
		errors: 0, warnings: 0
	module worklib.CKLNQD3BWP30P140:v
		errors: 0, warnings: 0
	module worklib.CKLNQD4BWP30P140:v
		errors: 0, warnings: 0
	module worklib.CKLNQD6BWP30P140:v
		errors: 0, warnings: 0
	module worklib.CKLNQD8BWP30P140:v
		errors: 0, warnings: 0
	module worklib.CKLNQOPTMAD16BWP30P140:v
		errors: 0, warnings: 0
	module worklib.CKLNQOPTMAD4BWP30P140:v
		errors: 0, warnings: 0
	module worklib.CKLNQOPTMAD8BWP30P140:v
		errors: 0, warnings: 0
	module worklib.CKMUX2D0BWP30P140:v
		errors: 0, warnings: 0
	module worklib.CKMUX2D1BWP30P140:v
		errors: 0, warnings: 0
	module worklib.CKMUX2D2BWP30P140:v
		errors: 0, warnings: 0
	module worklib.CKMUX2D4BWP30P140:v
		errors: 0, warnings: 0
	module worklib.CKND0BWP30P140:v
		errors: 0, warnings: 0
	module worklib.CKND12BWP30P140:v
		errors: 0, warnings: 0
	module worklib.CKND16BWP30P140:v
		errors: 0, warnings: 0
	module worklib.CKND1BWP30P140:v
		errors: 0, warnings: 0
	module worklib.CKND20BWP30P140:v
		errors: 0, warnings: 0
	module worklib.CKND24BWP30P140:v
		errors: 0, warnings: 0
	module worklib.CKND2BWP30P140:v
		errors: 0, warnings: 0
	module worklib.CKND2D0BWP30P140:v
		errors: 0, warnings: 0
	module worklib.CKND2D1BWP30P140:v
		errors: 0, warnings: 0
	module worklib.CKND2D2BWP30P140:v
		errors: 0, warnings: 0
	module worklib.CKND2D3BWP30P140:v
		errors: 0, warnings: 0
	module worklib.CKND2D4BWP30P140:v
		errors: 0, warnings: 0
	module worklib.CKND2D8BWP30P140:v
		errors: 0, warnings: 0
	module worklib.CKND3BWP30P140:v
		errors: 0, warnings: 0
	module worklib.CKND4BWP30P140:v
		errors: 0, warnings: 0
	module worklib.CKND6BWP30P140:v
		errors: 0, warnings: 0
	module worklib.CKND8BWP30P140:v
		errors: 0, warnings: 0
	module worklib.CKXOR2D0BWP30P140:v
		errors: 0, warnings: 0
	module worklib.CKXOR2D1BWP30P140:v
		errors: 0, warnings: 0
	module worklib.CKXOR2D2BWP30P140:v
		errors: 0, warnings: 0
	module worklib.CKXOR2D4BWP30P140:v
		errors: 0, warnings: 0
	module worklib.DCAP16BWP30P140:v
		errors: 0, warnings: 0
	module worklib.DCAP32BWP30P140:v
		errors: 0, warnings: 0
	module worklib.DCAP4BWP30P140:v
		errors: 0, warnings: 0
	module worklib.DCAP64BWP30P140:v
		errors: 0, warnings: 0
	module worklib.DCAP8BWP30P140:v
		errors: 0, warnings: 0
	module worklib.DCCKBD12BWP30P140:v
		errors: 0, warnings: 0
	module worklib.DCCKBD16BWP30P140:v
		errors: 0, warnings: 0
	module worklib.DCCKBD20BWP30P140:v
		errors: 0, warnings: 0
	module worklib.DCCKBD4BWP30P140:v
		errors: 0, warnings: 0
	module worklib.DCCKBD8BWP30P140:v
		errors: 0, warnings: 0
	module worklib.DCCKND12BWP30P140:v
		errors: 0, warnings: 0
	module worklib.DCCKND16BWP30P140:v
		errors: 0, warnings: 0
	module worklib.DCCKND20BWP30P140:v
		errors: 0, warnings: 0
	module worklib.DCCKND4BWP30P140:v
		errors: 0, warnings: 0
	module worklib.DCCKND8BWP30P140:v
		errors: 0, warnings: 0
	module worklib.DEL025D1BWP30P140:v
		errors: 0, warnings: 0
	module worklib.DEL050MD1BWP30P140:v
		errors: 0, warnings: 0
	module worklib.DEL075MD1BWP30P140:v
		errors: 0, warnings: 0
	module worklib.DEL100MD1BWP30P140:v
		errors: 0, warnings: 0
	module worklib.DEL150MD1BWP30P140:v
		errors: 0, warnings: 0
	module worklib.DEL200MD1BWP30P140:v
		errors: 0, warnings: 0
	module worklib.DEL250MD1BWP30P140:v
		errors: 0, warnings: 0
	module worklib.DFCND1BWP30P140:v
		errors: 0, warnings: 0
	module worklib.DFCND2BWP30P140:v
		errors: 0, warnings: 0
	module worklib.DFCND4BWP30P140:v
		errors: 0, warnings: 0
	module worklib.DFCNQD1BWP30P140:v
		errors: 0, warnings: 0
	module worklib.DFCNQD2BWP30P140:v
		errors: 0, warnings: 0
	module worklib.DFCNQD4BWP30P140:v
		errors: 0, warnings: 0
	module worklib.DFCSND1BWP30P140:v
		errors: 0, warnings: 0
	module worklib.DFCSND2BWP30P140:v
		errors: 0, warnings: 0
	module worklib.DFCSND4BWP30P140:v
		errors: 0, warnings: 0
	module worklib.DFCSNQD1BWP30P140:v
		errors: 0, warnings: 0
	module worklib.DFCSNQD2BWP30P140:v
		errors: 0, warnings: 0
	module worklib.DFCSNQD4BWP30P140:v
		errors: 0, warnings: 0
	module worklib.DFD1BWP30P140:v
		errors: 0, warnings: 0
	module worklib.DFD2BWP30P140:v
		errors: 0, warnings: 0
	module worklib.DFD4BWP30P140:v
		errors: 0, warnings: 0
	module worklib.DFKCND1BWP30P140:v
		errors: 0, warnings: 0
	module worklib.DFKCND2BWP30P140:v
		errors: 0, warnings: 0
	module worklib.DFKCND4BWP30P140:v
		errors: 0, warnings: 0
	module worklib.DFKCNQD1BWP30P140:v
		errors: 0, warnings: 0
	module worklib.DFKCNQD2BWP30P140:v
		errors: 0, warnings: 0
	module worklib.DFKCNQD4BWP30P140:v
		errors: 0, warnings: 0
	module worklib.DFKCSND1BWP30P140:v
		errors: 0, warnings: 0
	module worklib.DFKCSND2BWP30P140:v
		errors: 0, warnings: 0
	module worklib.DFKCSND4BWP30P140:v
		errors: 0, warnings: 0
	module worklib.DFKSND1BWP30P140:v
		errors: 0, warnings: 0
	module worklib.DFKSND2BWP30P140:v
		errors: 0, warnings: 0
	module worklib.DFKSND4BWP30P140:v
		errors: 0, warnings: 0
	module worklib.DFMD1BWP30P140:v
		errors: 0, warnings: 0
	module worklib.DFMD2BWP30P140:v
		errors: 0, warnings: 0
	module worklib.DFMD4BWP30P140:v
		errors: 0, warnings: 0
	module worklib.DFMQD1BWP30P140:v
		errors: 0, warnings: 0
	module worklib.DFMQD2BWP30P140:v
		errors: 0, warnings: 0
	module worklib.DFMQD4BWP30P140:v
		errors: 0, warnings: 0
	module worklib.DFNCND1BWP30P140:v
		errors: 0, warnings: 0
	module worklib.DFNCND2BWP30P140:v
		errors: 0, warnings: 0
	module worklib.DFNCND4BWP30P140:v
		errors: 0, warnings: 0
	module worklib.DFNCSND1BWP30P140:v
		errors: 0, warnings: 0
	module worklib.DFNCSND2BWP30P140:v
		errors: 0, warnings: 0
	module worklib.DFNCSND4BWP30P140:v
		errors: 0, warnings: 0
	module worklib.DFND1BWP30P140:v
		errors: 0, warnings: 0
	module worklib.DFND2BWP30P140:v
		errors: 0, warnings: 0
	module worklib.DFND4BWP30P140:v
		errors: 0, warnings: 0
	module worklib.DFNSND1BWP30P140:v
		errors: 0, warnings: 0
	module worklib.DFNSND2BWP30P140:v
		errors: 0, warnings: 0
	module worklib.DFNSND4BWP30P140:v
		errors: 0, warnings: 0
	module worklib.DFQD1BWP30P140:v
		errors: 0, warnings: 0
	module worklib.DFQD2BWP30P140:v
		errors: 0, warnings: 0
	module worklib.DFQD4BWP30P140:v
		errors: 0, warnings: 0
	module worklib.DFSND1BWP30P140:v
		errors: 0, warnings: 0
	module worklib.DFSND2BWP30P140:v
		errors: 0, warnings: 0
	module worklib.DFSND4BWP30P140:v
		errors: 0, warnings: 0
	module worklib.DFSNQD1BWP30P140:v
		errors: 0, warnings: 0
	module worklib.DFSNQD2BWP30P140:v
		errors: 0, warnings: 0
	module worklib.DFSNQD4BWP30P140:v
		errors: 0, warnings: 0
	module worklib.EDFCND1BWP30P140:v
		errors: 0, warnings: 0
	module worklib.EDFCND2BWP30P140:v
		errors: 0, warnings: 0
	module worklib.EDFCND4BWP30P140:v
		errors: 0, warnings: 0
	module worklib.EDFCNQD1BWP30P140:v
		errors: 0, warnings: 0
	module worklib.EDFCNQD2BWP30P140:v
		errors: 0, warnings: 0
	module worklib.EDFCNQD4BWP30P140:v
		errors: 0, warnings: 0
	module worklib.EDFD1BWP30P140:v
		errors: 0, warnings: 0
	module worklib.EDFD2BWP30P140:v
		errors: 0, warnings: 0
	module worklib.EDFD4BWP30P140:v
		errors: 0, warnings: 0
	module worklib.EDFQD1BWP30P140:v
		errors: 0, warnings: 0
	module worklib.EDFQD2BWP30P140:v
		errors: 0, warnings: 0
	module worklib.EDFQD4BWP30P140:v
		errors: 0, warnings: 0
	module worklib.FA1D0BWP30P140:v
		errors: 0, warnings: 0
	module worklib.FA1D1BWP30P140:v
		errors: 0, warnings: 0
	module worklib.FA1D2BWP30P140:v
		errors: 0, warnings: 0
	module worklib.FA1D4BWP30P140:v
		errors: 0, warnings: 0
	module worklib.FA1OPTCD1BWP30P140:v
		errors: 0, warnings: 0
	module worklib.FA1OPTCD2BWP30P140:v
		errors: 0, warnings: 0
	module worklib.FA1OPTSD1BWP30P140:v
		errors: 0, warnings: 0
	module worklib.FA1OPTSD2BWP30P140:v
		errors: 0, warnings: 0
	module worklib.FILL16BWP30P140:v
		errors: 0, warnings: 0
	module worklib.FILL2BWP30P140:v
		errors: 0, warnings: 0
	module worklib.FILL32BWP30P140:v
		errors: 0, warnings: 0
	module worklib.FILL3BWP30P140:v
		errors: 0, warnings: 0
	module worklib.FILL4BWP30P140:v
		errors: 0, warnings: 0
	module worklib.FILL64BWP30P140:v
		errors: 0, warnings: 0
	module worklib.FILL8BWP30P140:v
		errors: 0, warnings: 0
	module worklib.GAN2D1BWP30P140:v
		errors: 0, warnings: 0
	module worklib.GAN2D2BWP30P140:v
		errors: 0, warnings: 0
	module worklib.GAN2MCOD1BWP30P140:v
		errors: 0, warnings: 0
	module worklib.GAN2MCOD2BWP30P140:v
		errors: 0, warnings: 0
	module worklib.GAOI21D1BWP30P140:v
		errors: 0, warnings: 0
	module worklib.GAOI21D2BWP30P140:v
		errors: 0, warnings: 0
	module worklib.GAOI21MCOD1BWP30P140:v
		errors: 0, warnings: 0
	module worklib.GAOI21MCOD2BWP30P140:v
		errors: 0, warnings: 0
	module worklib.GAOI22D1BWP30P140:v
		errors: 0, warnings: 0
	module worklib.GAOI22MCOD1BWP30P140:v
		errors: 0, warnings: 0
	module worklib.GBUFFD1BWP30P140:v
		errors: 0, warnings: 0
	module worklib.GBUFFD2BWP30P140:v
		errors: 0, warnings: 0
	module worklib.GBUFFD3BWP30P140:v
		errors: 0, warnings: 0
	module worklib.GBUFFD4BWP30P140:v
		errors: 0, warnings: 0
	module worklib.GBUFFD8BWP30P140:v
		errors: 0, warnings: 0
	module worklib.GBUFFMCOD1BWP30P140:v
		errors: 0, warnings: 0
	module worklib.GBUFFMCOD2BWP30P140:v
		errors: 0, warnings: 0
	module worklib.GBUFFMCOD3BWP30P140:v
		errors: 0, warnings: 0
	module worklib.GBUFFMCOD4BWP30P140:v
		errors: 0, warnings: 0
	module worklib.GBUFFMCOD8BWP30P140:v
		errors: 0, warnings: 0
	module worklib.GDCAP10BWP30P140:v
		errors: 0, warnings: 0
	module worklib.GDCAP10MCOBWP30P140:v
		errors: 0, warnings: 0
	module worklib.GDCAP12BWP30P140:v
		errors: 0, warnings: 0
	module worklib.GDCAP12MCOBWP30P140:v
		errors: 0, warnings: 0
	module worklib.GDCAP2BWP30P140:v
		errors: 0, warnings: 0
	module worklib.GDCAP2MCOBWP30P140:v
		errors: 0, warnings: 0
	module worklib.GDCAP3BWP30P140:v
		errors: 0, warnings: 0
	module worklib.GDCAP3MCOBWP30P140:v
		errors: 0, warnings: 0
	module worklib.GDCAP4BWP30P140:v
		errors: 0, warnings: 0
	module worklib.GDCAP4MCOBWP30P140:v
		errors: 0, warnings: 0
	module worklib.GDCAPBWP30P140:v
		errors: 0, warnings: 0
	module worklib.GDCAPMCOBWP30P140:v
		errors: 0, warnings: 0
	module worklib.GDFCNQD1BWP30P140:v
		errors: 0, warnings: 0
	module worklib.GDFCNQMCOD1BWP30P140:v
		errors: 0, warnings: 0
	module worklib.GDFQD1BWP30P140:v
		errors: 0, warnings: 0
	module worklib.GDFQMCOD1BWP30P140:v
		errors: 0, warnings: 0
	module worklib.GFILL10BWP30P140:v
		errors: 0, warnings: 0
	module worklib.GFILL10MCOBWP30P140:v
		errors: 0, warnings: 0
	module worklib.GFILL12BWP30P140:v
		errors: 0, warnings: 0
	module worklib.GFILL12MCOBWP30P140:v
		errors: 0, warnings: 0
	module worklib.GFILL2BWP30P140:v
		errors: 0, warnings: 0
	module worklib.GFILL2MCOBWP30P140:v
		errors: 0, warnings: 0
	module worklib.GFILL3BWP30P140:v
		errors: 0, warnings: 0
	module worklib.GFILL3MCOBWP30P140:v
		errors: 0, warnings: 0
	module worklib.GFILL4BWP30P140:v
		errors: 0, warnings: 0
	module worklib.GFILL4MCOBWP30P140:v
		errors: 0, warnings: 0
	module worklib.GFILLBWP30P140:v
		errors: 0, warnings: 0
	module worklib.GFILLMCOBWP30P140:v
		errors: 0, warnings: 0
	module worklib.GINVD1BWP30P140:v
		errors: 0, warnings: 0
	module worklib.GINVD2BWP30P140:v
		errors: 0, warnings: 0
	module worklib.GINVD3BWP30P140:v
		errors: 0, warnings: 0
	module worklib.GINVD4BWP30P140:v
		errors: 0, warnings: 0
	module worklib.GINVD8BWP30P140:v
		errors: 0, warnings: 0
	module worklib.GINVMCOD1BWP30P140:v
		errors: 0, warnings: 0
	module worklib.GINVMCOD2BWP30P140:v
		errors: 0, warnings: 0
	module worklib.GINVMCOD3BWP30P140:v
		errors: 0, warnings: 0
	module worklib.GINVMCOD4BWP30P140:v
		errors: 0, warnings: 0
	module worklib.GINVMCOD8BWP30P140:v
		errors: 0, warnings: 0
	module worklib.GMUX2D1BWP30P140:v
		errors: 0, warnings: 0
	module worklib.GMUX2D2BWP30P140:v
		errors: 0, warnings: 0
	module worklib.GMUX2MCOD1BWP30P140:v
		errors: 0, warnings: 0
	module worklib.GMUX2MCOD2BWP30P140:v
		errors: 0, warnings: 0
	module worklib.GMUX2ND1BWP30P140:v
		errors: 0, warnings: 0
	module worklib.GMUX2ND2BWP30P140:v
		errors: 0, warnings: 0
	module worklib.GMUX2NMCOD1BWP30P140:v
		errors: 0, warnings: 0
	module worklib.GMUX2NMCOD2BWP30P140:v
		errors: 0, warnings: 0
	module worklib.GND2D1BWP30P140:v
		errors: 0, warnings: 0
	module worklib.GND2D2BWP30P140:v
		errors: 0, warnings: 0
	module worklib.GND2D3BWP30P140:v
		errors: 0, warnings: 0
	module worklib.GND2D4BWP30P140:v
		errors: 0, warnings: 0
	module worklib.GND2MCOD1BWP30P140:v
		errors: 0, warnings: 0
	module worklib.GND2MCOD2BWP30P140:v
		errors: 0, warnings: 0
	module worklib.GND2MCOD3BWP30P140:v
		errors: 0, warnings: 0
	module worklib.GND2MCOD4BWP30P140:v
		errors: 0, warnings: 0
	module worklib.GND3D1BWP30P140:v
		errors: 0, warnings: 0
	module worklib.GND3D2BWP30P140:v
		errors: 0, warnings: 0
	module worklib.GND3MCOD1BWP30P140:v
		errors: 0, warnings: 0
	module worklib.GND3MCOD2BWP30P140:v
		errors: 0, warnings: 0
	module worklib.GNR2D1BWP30P140:v
		errors: 0, warnings: 0
	module worklib.GNR2D2BWP30P140:v
		errors: 0, warnings: 0
	module worklib.GNR2MCOD1BWP30P140:v
		errors: 0, warnings: 0
	module worklib.GNR2MCOD2BWP30P140:v
		errors: 0, warnings: 0
	module worklib.GNR3D1BWP30P140:v
		errors: 0, warnings: 0
	module worklib.GNR3D2BWP30P140:v
		errors: 0, warnings: 0
	module worklib.GNR3MCOD1BWP30P140:v
		errors: 0, warnings: 0
	module worklib.GNR3MCOD2BWP30P140:v
		errors: 0, warnings: 0
	module worklib.GOAI21D1BWP30P140:v
		errors: 0, warnings: 0
	module worklib.GOAI21D2BWP30P140:v
		errors: 0, warnings: 0
	module worklib.GOAI21MCOD1BWP30P140:v
		errors: 0, warnings: 0
	module worklib.GOAI21MCOD2BWP30P140:v
		errors: 0, warnings: 0
	module worklib.GOR2D1BWP30P140:v
		errors: 0, warnings: 0
	module worklib.GOR2D2BWP30P140:v
		errors: 0, warnings: 0
	module worklib.GOR2MCOD1BWP30P140:v
		errors: 0, warnings: 0
	module worklib.GOR2MCOD2BWP30P140:v
		errors: 0, warnings: 0
	module worklib.GSDFCNQD1BWP30P140:v
		errors: 0, warnings: 0
	module worklib.GSDFCNQMCOD1BWP30P140:v
		errors: 0, warnings: 0
	module worklib.GTIEHBWP30P140:v
		errors: 0, warnings: 0
	module worklib.GTIEHMCOBWP30P140:v
		errors: 0, warnings: 0
	module worklib.GTIELBWP30P140:v
		errors: 0, warnings: 0
	module worklib.GTIELMCOBWP30P140:v
		errors: 0, warnings: 0
	module worklib.GXNR2D1BWP30P140:v
		errors: 0, warnings: 0
	module worklib.GXNR2D2BWP30P140:v
		errors: 0, warnings: 0
	module worklib.GXNR2MCOD1BWP30P140:v
		errors: 0, warnings: 0
	module worklib.GXNR2MCOD2BWP30P140:v
		errors: 0, warnings: 0
	module worklib.GXOR2D1BWP30P140:v
		errors: 0, warnings: 0
	module worklib.GXOR2D2BWP30P140:v
		errors: 0, warnings: 0
	module worklib.GXOR2MCOD1BWP30P140:v
		errors: 0, warnings: 0
	module worklib.GXOR2MCOD2BWP30P140:v
		errors: 0, warnings: 0
	module worklib.HA1D0BWP30P140:v
		errors: 0, warnings: 0
	module worklib.HA1D1BWP30P140:v
		errors: 0, warnings: 0
	module worklib.HA1D2BWP30P140:v
		errors: 0, warnings: 0
	module worklib.HA1D4BWP30P140:v
		errors: 0, warnings: 0
	module worklib.IAO21D0BWP30P140:v
		errors: 0, warnings: 0
	module worklib.IAO21D1BWP30P140:v
		errors: 0, warnings: 0
	module worklib.IAO21D2BWP30P140:v
		errors: 0, warnings: 0
	module worklib.IAO21D4BWP30P140:v
		errors: 0, warnings: 0
	module worklib.IAO22D0BWP30P140:v
		errors: 0, warnings: 0
	module worklib.IAO22D1BWP30P140:v
		errors: 0, warnings: 0
	module worklib.IAO22D2BWP30P140:v
		errors: 0, warnings: 0
	module worklib.IAO22D4BWP30P140:v
		errors: 0, warnings: 0
	module worklib.IND2D0BWP30P140:v
		errors: 0, warnings: 0
	module worklib.IND2D16BWP30P140:v
		errors: 0, warnings: 0
	module worklib.IND2D1BWP30P140:v
		errors: 0, warnings: 0
	module worklib.IND2D2BWP30P140:v
		errors: 0, warnings: 0
	module worklib.IND2D4BWP30P140:v
		errors: 0, warnings: 0
	module worklib.IND2D6BWP30P140:v
		errors: 0, warnings: 0
	module worklib.IND2D8BWP30P140:v
		errors: 0, warnings: 0
	module worklib.IND3D0BWP30P140:v
		errors: 0, warnings: 0
	module worklib.IND3D16BWP30P140:v
		errors: 0, warnings: 0
	module worklib.IND3D1BWP30P140:v
		errors: 0, warnings: 0
	module worklib.IND3D2BWP30P140:v
		errors: 0, warnings: 0
	module worklib.IND3D4BWP30P140:v
		errors: 0, warnings: 0
	module worklib.IND3D6BWP30P140:v
		errors: 0, warnings: 0
	module worklib.IND3D8BWP30P140:v
		errors: 0, warnings: 0
	module worklib.IND4D0BWP30P140:v
		errors: 0, warnings: 0
	module worklib.IND4D1BWP30P140:v
		errors: 0, warnings: 0
	module worklib.IND4D2BWP30P140:v
		errors: 0, warnings: 0
	module worklib.IND4D4BWP30P140:v
		errors: 0, warnings: 0
	module worklib.INR2D0BWP30P140:v
		errors: 0, warnings: 0
	module worklib.INR2D16BWP30P140:v
		errors: 0, warnings: 0
	module worklib.INR2D1BWP30P140:v
		errors: 0, warnings: 0
	module worklib.INR2D2BWP30P140:v
		errors: 0, warnings: 0
	module worklib.INR2D4BWP30P140:v
		errors: 0, warnings: 0
	module worklib.INR2D6BWP30P140:v
		errors: 0, warnings: 0
	module worklib.INR2D8BWP30P140:v
		errors: 0, warnings: 0
	module worklib.INR3D0BWP30P140:v
		errors: 0, warnings: 0
	module worklib.INR3D16BWP30P140:v
		errors: 0, warnings: 0
	module worklib.INR3D1BWP30P140:v
		errors: 0, warnings: 0
	module worklib.INR3D2BWP30P140:v
		errors: 0, warnings: 0
	module worklib.INR3D4BWP30P140:v
		errors: 0, warnings: 0
	module worklib.INR3D6BWP30P140:v
		errors: 0, warnings: 0
	module worklib.INR3D8BWP30P140:v
		errors: 0, warnings: 0
	module worklib.INR4D0BWP30P140:v
		errors: 0, warnings: 0
	module worklib.INR4D1BWP30P140:v
		errors: 0, warnings: 0
	module worklib.INR4D2BWP30P140:v
		errors: 0, warnings: 0
	module worklib.INR4D4BWP30P140:v
		errors: 0, warnings: 0
	module worklib.INVD0BWP30P140:v
		errors: 0, warnings: 0
	module worklib.INVD0P7BWP30P140:v
		errors: 0, warnings: 0
	module worklib.INVD12BWP30P140:v
		errors: 0, warnings: 0
	module worklib.INVD15BWP30P140:v
		errors: 0, warnings: 0
	module worklib.INVD16BWP30P140:v
		errors: 0, warnings: 0
	module worklib.INVD18BWP30P140:v
		errors: 0, warnings: 0
	module worklib.INVD1BWP30P140:v
		errors: 0, warnings: 0
	module worklib.INVD1P5BWP30P140:v
		errors: 0, warnings: 0
	module worklib.INVD20BWP30P140:v
		errors: 0, warnings: 0
	module worklib.INVD21BWP30P140:v
		errors: 0, warnings: 0
	module worklib.INVD24BWP30P140:v
		errors: 0, warnings: 0
	module worklib.INVD2BWP30P140:v
		errors: 0, warnings: 0
	module worklib.INVD32BWP30P140:v
		errors: 0, warnings: 0
	module worklib.INVD3BWP30P140:v
		errors: 0, warnings: 0
	module worklib.INVD4BWP30P140:v
		errors: 0, warnings: 0
	module worklib.INVD6BWP30P140:v
		errors: 0, warnings: 0
	module worklib.INVD8BWP30P140:v
		errors: 0, warnings: 0
	module worklib.INVD9BWP30P140:v
		errors: 0, warnings: 0
	module worklib.IOA21D0BWP30P140:v
		errors: 0, warnings: 0
	module worklib.IOA21D1BWP30P140:v
		errors: 0, warnings: 0
	module worklib.IOA21D2BWP30P140:v
		errors: 0, warnings: 0
	module worklib.IOA21D4BWP30P140:v
		errors: 0, warnings: 0
	module worklib.IOA22D0BWP30P140:v
		errors: 0, warnings: 0
	module worklib.IOA22D1BWP30P140:v
		errors: 0, warnings: 0
	module worklib.IOA22D2BWP30P140:v
		errors: 0, warnings: 0
	module worklib.IOA22D4BWP30P140:v
		errors: 0, warnings: 0
	module worklib.LHCNDD1BWP30P140:v
		errors: 0, warnings: 0
	module worklib.LHCNDD2BWP30P140:v
		errors: 0, warnings: 0
	module worklib.LHCNDD4BWP30P140:v
		errors: 0, warnings: 0
	module worklib.LHCNDQD1BWP30P140:v
		errors: 0, warnings: 0
	module worklib.LHCNDQD2BWP30P140:v
		errors: 0, warnings: 0
	module worklib.LHCNDQD4BWP30P140:v
		errors: 0, warnings: 0
	module worklib.LHCSNDD1BWP30P140:v
		errors: 0, warnings: 0
	module worklib.LHCSNDD2BWP30P140:v
		errors: 0, warnings: 0
	module worklib.LHCSNDD4BWP30P140:v
		errors: 0, warnings: 0
	module worklib.LHCSNDQD1BWP30P140:v
		errors: 0, warnings: 0
	module worklib.LHCSNDQD2BWP30P140:v
		errors: 0, warnings: 0
	module worklib.LHCSNDQD4BWP30P140:v
		errors: 0, warnings: 0
	module worklib.LHD1BWP30P140:v
		errors: 0, warnings: 0
	module worklib.LHD2BWP30P140:v
		errors: 0, warnings: 0
	module worklib.LHD4BWP30P140:v
		errors: 0, warnings: 0
	module worklib.LHQD1BWP30P140:v
		errors: 0, warnings: 0
	module worklib.LHQD2BWP30P140:v
		errors: 0, warnings: 0
	module worklib.LHQD4BWP30P140:v
		errors: 0, warnings: 0
	module worklib.LHQOPTDAD1BWP30P140:v
		errors: 0, warnings: 0
	module worklib.LHQOPTDAD2BWP30P140:v
		errors: 0, warnings: 0
	module worklib.LHQOPTDAD4BWP30P140:v
		errors: 0, warnings: 0
	module worklib.LHQOPTDAD8BWP30P140:v
		errors: 0, warnings: 0
	module worklib.LHSNDD1BWP30P140:v
		errors: 0, warnings: 0
	module worklib.LHSNDD2BWP30P140:v
		errors: 0, warnings: 0
	module worklib.LHSNDD4BWP30P140:v
		errors: 0, warnings: 0
	module worklib.LHSNDQD1BWP30P140:v
		errors: 0, warnings: 0
	module worklib.LHSNDQD2BWP30P140:v
		errors: 0, warnings: 0
	module worklib.LHSNDQD4BWP30P140:v
		errors: 0, warnings: 0
	module worklib.LNCNDD1BWP30P140:v
		errors: 0, warnings: 0
	module worklib.LNCNDD2BWP30P140:v
		errors: 0, warnings: 0
	module worklib.LNCNDD4BWP30P140:v
		errors: 0, warnings: 0
	module worklib.LNCNDQD1BWP30P140:v
		errors: 0, warnings: 0
	module worklib.LNCNDQD2BWP30P140:v
		errors: 0, warnings: 0
	module worklib.LNCNDQD4BWP30P140:v
		errors: 0, warnings: 0
	module worklib.LNCSNDD1BWP30P140:v
		errors: 0, warnings: 0
	module worklib.LNCSNDD2BWP30P140:v
		errors: 0, warnings: 0
	module worklib.LNCSNDD4BWP30P140:v
		errors: 0, warnings: 0
	module worklib.LNCSNDQD1BWP30P140:v
		errors: 0, warnings: 0
	module worklib.LNCSNDQD2BWP30P140:v
		errors: 0, warnings: 0
	module worklib.LNCSNDQD4BWP30P140:v
		errors: 0, warnings: 0
	module worklib.LND1BWP30P140:v
		errors: 0, warnings: 0
	module worklib.LND2BWP30P140:v
		errors: 0, warnings: 0
	module worklib.LND4BWP30P140:v
		errors: 0, warnings: 0
	module worklib.LNQD1BWP30P140:v
		errors: 0, warnings: 0
	module worklib.LNQD2BWP30P140:v
		errors: 0, warnings: 0
	module worklib.LNQD4BWP30P140:v
		errors: 0, warnings: 0
	module worklib.LNSNDD1BWP30P140:v
		errors: 0, warnings: 0
	module worklib.LNSNDD2BWP30P140:v
		errors: 0, warnings: 0
	module worklib.LNSNDD4BWP30P140:v
		errors: 0, warnings: 0
	module worklib.LNSNDQD1BWP30P140:v
		errors: 0, warnings: 0
	module worklib.LNSNDQD2BWP30P140:v
		errors: 0, warnings: 0
	module worklib.LNSNDQD4BWP30P140:v
		errors: 0, warnings: 0
	module worklib.MAOI222D0BWP30P140:v
		errors: 0, warnings: 0
	module worklib.MAOI222D1BWP30P140:v
		errors: 0, warnings: 0
	module worklib.MAOI222D2BWP30P140:v
		errors: 0, warnings: 0
	module worklib.MAOI222D4BWP30P140:v
		errors: 0, warnings: 0
	module worklib.MAOI22D0BWP30P140:v
		errors: 0, warnings: 0
	module worklib.MAOI22D1BWP30P140:v
		errors: 0, warnings: 0
	module worklib.MAOI22D2BWP30P140:v
		errors: 0, warnings: 0
	module worklib.MAOI22D4BWP30P140:v
		errors: 0, warnings: 0
	module worklib.MOAI22D0BWP30P140:v
		errors: 0, warnings: 0
	module worklib.MOAI22D1BWP30P140:v
		errors: 0, warnings: 0
	module worklib.MOAI22D2BWP30P140:v
		errors: 0, warnings: 0
	module worklib.MOAI22D4BWP30P140:v
		errors: 0, warnings: 0
	module worklib.MUX2D0BWP30P140:v
		errors: 0, warnings: 0
	module worklib.MUX2D1BWP30P140:v
		errors: 0, warnings: 0
	module worklib.MUX2D2BWP30P140:v
		errors: 0, warnings: 0
	module worklib.MUX2D4BWP30P140:v
		errors: 0, warnings: 0
	module worklib.MUX2ND0BWP30P140:v
		errors: 0, warnings: 0
	module worklib.MUX2ND1BWP30P140:v
		errors: 0, warnings: 0
	module worklib.MUX2ND2BWP30P140:v
		errors: 0, warnings: 0
	module worklib.MUX2ND4BWP30P140:v
		errors: 0, warnings: 0
	module worklib.MUX2NOPTD2BWP30P140:v
		errors: 0, warnings: 0
	module worklib.MUX2NOPTD4BWP30P140:v
		errors: 0, warnings: 0
	module worklib.MUX2NOPTD6BWP30P140:v
		errors: 0, warnings: 0
	module worklib.MUX2NOPTD8BWP30P140:v
		errors: 0, warnings: 0
	module worklib.MUX2NUD1BWP30P140:v
		errors: 0, warnings: 0
	module worklib.MUX2OPTD12BWP30P140:v
		errors: 0, warnings: 0
	module worklib.MUX2OPTD2BWP30P140:v
		errors: 0, warnings: 0
	module worklib.MUX2OPTD4BWP30P140:v
		errors: 0, warnings: 0
	module worklib.MUX2OPTD6BWP30P140:v
		errors: 0, warnings: 0
	module worklib.MUX2OPTD8BWP30P140:v
		errors: 0, warnings: 0
	module worklib.MUX3D0BWP30P140:v
		errors: 0, warnings: 0
	module worklib.MUX3D1BWP30P140:v
		errors: 0, warnings: 0
	module worklib.MUX3D2BWP30P140:v
		errors: 0, warnings: 0
	module worklib.MUX3D4BWP30P140:v
		errors: 0, warnings: 0
	module worklib.MUX3ND0BWP30P140:v
		errors: 0, warnings: 0
	module worklib.MUX3ND1BWP30P140:v
		errors: 0, warnings: 0
	module worklib.MUX3ND2BWP30P140:v
		errors: 0, warnings: 0
	module worklib.MUX3ND4BWP30P140:v
		errors: 0, warnings: 0
	module worklib.MUX3NUD1BWP30P140:v
		errors: 0, warnings: 0
	module worklib.MUX4D0BWP30P140:v
		errors: 0, warnings: 0
	module worklib.MUX4D1BWP30P140:v
		errors: 0, warnings: 0
	module worklib.MUX4D2BWP30P140:v
		errors: 0, warnings: 0
	module worklib.MUX4D4BWP30P140:v
		errors: 0, warnings: 0
	module worklib.MUX4ND0BWP30P140:v
		errors: 0, warnings: 0
	module worklib.MUX4ND1BWP30P140:v
		errors: 0, warnings: 0
	module worklib.MUX4ND2BWP30P140:v
		errors: 0, warnings: 0
	module worklib.MUX4ND4BWP30P140:v
		errors: 0, warnings: 0
	module worklib.ND2D0BWP30P140:v
		errors: 0, warnings: 0
	module worklib.ND2D0P7BWP30P140:v
		errors: 0, warnings: 0
	module worklib.ND2D16BWP30P140:v
		errors: 0, warnings: 0
	module worklib.ND2D1BWP30P140:v
		errors: 0, warnings: 0
	module worklib.ND2D1P5BWP30P140:v
		errors: 0, warnings: 0
	module worklib.ND2D2BWP30P140:v
		errors: 0, warnings: 0
	module worklib.ND2D3BWP30P140:v
		errors: 0, warnings: 0
	module worklib.ND2D4BWP30P140:v
		errors: 0, warnings: 0
	module worklib.ND2D6BWP30P140:v
		errors: 0, warnings: 0
	module worklib.ND2D8BWP30P140:v
		errors: 0, warnings: 0
	module worklib.ND2OPTD12BWP30P140:v
		errors: 0, warnings: 0
	module worklib.ND2OPTD20BWP30P140:v
		errors: 0, warnings: 0
	module worklib.ND2OPTD6BWP30P140:v
		errors: 0, warnings: 0
	module worklib.ND2OPTIBD12BWP30P140:v
		errors: 0, warnings: 0
	module worklib.ND2OPTIBD16BWP30P140:v
		errors: 0, warnings: 0
	module worklib.ND2OPTIBD1BWP30P140:v
		errors: 0, warnings: 0
	module worklib.ND2OPTIBD20BWP30P140:v
		errors: 0, warnings: 0
	module worklib.ND2OPTIBD24BWP30P140:v
		errors: 0, warnings: 0
	module worklib.ND2OPTIBD2BWP30P140:v
		errors: 0, warnings: 0
	module worklib.ND2OPTIBD4BWP30P140:v
		errors: 0, warnings: 0
	module worklib.ND2OPTIBD6BWP30P140:v
		errors: 0, warnings: 0
	module worklib.ND2OPTIBD8BWP30P140:v
		errors: 0, warnings: 0
	module worklib.ND2OPTPAD12BWP30P140:v
		errors: 0, warnings: 0
	module worklib.ND2OPTPAD16BWP30P140:v
		errors: 0, warnings: 0
	module worklib.ND2OPTPAD1BWP30P140:v
		errors: 0, warnings: 0
	module worklib.ND2OPTPAD20BWP30P140:v
		errors: 0, warnings: 0
	module worklib.ND2OPTPAD2BWP30P140:v
		errors: 0, warnings: 0
	module worklib.ND2OPTPAD4BWP30P140:v
		errors: 0, warnings: 0
	module worklib.ND2OPTPAD6BWP30P140:v
		errors: 0, warnings: 0
	module worklib.ND2OPTPAD8BWP30P140:v
		errors: 0, warnings: 0
	module worklib.ND3D0BWP30P140:v
		errors: 0, warnings: 0
	module worklib.ND3D0P7BWP30P140:v
		errors: 0, warnings: 0
	module worklib.ND3D16BWP30P140:v
		errors: 0, warnings: 0
	module worklib.ND3D1BWP30P140:v
		errors: 0, warnings: 0
	module worklib.ND3D1P5BWP30P140:v
		errors: 0, warnings: 0
	module worklib.ND3D2BWP30P140:v
		errors: 0, warnings: 0
	module worklib.ND3D3BWP30P140:v
		errors: 0, warnings: 0
	module worklib.ND3D4BWP30P140:v
		errors: 0, warnings: 0
	module worklib.ND3D6BWP30P140:v
		errors: 0, warnings: 0
	module worklib.ND3D8BWP30P140:v
		errors: 0, warnings: 0
	module worklib.ND3OPTD12BWP30P140:v
		errors: 0, warnings: 0
	module worklib.ND3OPTD6BWP30P140:v
		errors: 0, warnings: 0
	module worklib.ND3OPTPAD12BWP30P140:v
		errors: 0, warnings: 0
	module worklib.ND3OPTPAD16BWP30P140:v
		errors: 0, warnings: 0
	module worklib.ND3OPTPAD1BWP30P140:v
		errors: 0, warnings: 0
	module worklib.ND3OPTPAD2BWP30P140:v
		errors: 0, warnings: 0
	module worklib.ND3OPTPAD4BWP30P140:v
		errors: 0, warnings: 0
	module worklib.ND3OPTPAD6BWP30P140:v
		errors: 0, warnings: 0
	module worklib.ND3OPTPAD8BWP30P140:v
		errors: 0, warnings: 0
	module worklib.ND4D0BWP30P140:v
		errors: 0, warnings: 0
	module worklib.ND4D1BWP30P140:v
		errors: 0, warnings: 0
	module worklib.ND4D2BWP30P140:v
		errors: 0, warnings: 0
	module worklib.ND4D3BWP30P140:v
		errors: 0, warnings: 0
	module worklib.ND4D4BWP30P140:v
		errors: 0, warnings: 0
	module worklib.ND4D8BWP30P140:v
		errors: 0, warnings: 0
	module worklib.NR2D0BWP30P140:v
		errors: 0, warnings: 0
	module worklib.NR2D0P7BWP30P140:v
		errors: 0, warnings: 0
	module worklib.NR2D16BWP30P140:v
		errors: 0, warnings: 0
	module worklib.NR2D1BWP30P140:v
		errors: 0, warnings: 0
	module worklib.NR2D1P5BWP30P140:v
		errors: 0, warnings: 0
	module worklib.NR2D2BWP30P140:v
		errors: 0, warnings: 0
	module worklib.NR2D3BWP30P140:v
		errors: 0, warnings: 0
	module worklib.NR2D4BWP30P140:v
		errors: 0, warnings: 0
	module worklib.NR2D6BWP30P140:v
		errors: 0, warnings: 0
	module worklib.NR2D8BWP30P140:v
		errors: 0, warnings: 0
	module worklib.NR2OPTD12BWP30P140:v
		errors: 0, warnings: 0
	module worklib.NR2OPTD20BWP30P140:v
		errors: 0, warnings: 0
	module worklib.NR2OPTD6BWP30P140:v
		errors: 0, warnings: 0
	module worklib.NR2OPTIBD12BWP30P140:v
		errors: 0, warnings: 0
	module worklib.NR2OPTIBD16BWP30P140:v
		errors: 0, warnings: 0
	module worklib.NR2OPTIBD1BWP30P140:v
		errors: 0, warnings: 0
	module worklib.NR2OPTIBD20BWP30P140:v
		errors: 0, warnings: 0
	module worklib.NR2OPTIBD24BWP30P140:v
		errors: 0, warnings: 0
	module worklib.NR2OPTIBD2BWP30P140:v
		errors: 0, warnings: 0
	module worklib.NR2OPTIBD4BWP30P140:v
		errors: 0, warnings: 0
	module worklib.NR2OPTIBD6BWP30P140:v
		errors: 0, warnings: 0
	module worklib.NR2OPTIBD8BWP30P140:v
		errors: 0, warnings: 0
	module worklib.NR2OPTPAD12BWP30P140:v
		errors: 0, warnings: 0
	module worklib.NR2OPTPAD16BWP30P140:v
		errors: 0, warnings: 0
	module worklib.NR2OPTPAD1BWP30P140:v
		errors: 0, warnings: 0
	module worklib.NR2OPTPAD20BWP30P140:v
		errors: 0, warnings: 0
	module worklib.NR2OPTPAD2BWP30P140:v
		errors: 0, warnings: 0
	module worklib.NR2OPTPAD4BWP30P140:v
		errors: 0, warnings: 0
	module worklib.NR2OPTPAD6BWP30P140:v
		errors: 0, warnings: 0
	module worklib.NR2OPTPAD8BWP30P140:v
		errors: 0, warnings: 0
	module worklib.NR3D0BWP30P140:v
		errors: 0, warnings: 0
	module worklib.NR3D0P7BWP30P140:v
		errors: 0, warnings: 0
	module worklib.NR3D16BWP30P140:v
		errors: 0, warnings: 0
	module worklib.NR3D1BWP30P140:v
		errors: 0, warnings: 0
	module worklib.NR3D1P5BWP30P140:v
		errors: 0, warnings: 0
	module worklib.NR3D2BWP30P140:v
		errors: 0, warnings: 0
	module worklib.NR3D3BWP30P140:v
		errors: 0, warnings: 0
	module worklib.NR3D4BWP30P140:v
		errors: 0, warnings: 0
	module worklib.NR3D6BWP30P140:v
		errors: 0, warnings: 0
	module worklib.NR3D8BWP30P140:v
		errors: 0, warnings: 0
	module worklib.NR3OPTD12BWP30P140:v
		errors: 0, warnings: 0
	module worklib.NR3OPTD6BWP30P140:v
		errors: 0, warnings: 0
	module worklib.NR3OPTPAD12BWP30P140:v
		errors: 0, warnings: 0
	module worklib.NR3OPTPAD16BWP30P140:v
		errors: 0, warnings: 0
	module worklib.NR3OPTPAD1BWP30P140:v
		errors: 0, warnings: 0
	module worklib.NR3OPTPAD2BWP30P140:v
		errors: 0, warnings: 0
	module worklib.NR3OPTPAD4BWP30P140:v
		errors: 0, warnings: 0
	module worklib.NR3OPTPAD6BWP30P140:v
		errors: 0, warnings: 0
	module worklib.NR3OPTPAD8BWP30P140:v
		errors: 0, warnings: 0
	module worklib.NR4D0BWP30P140:v
		errors: 0, warnings: 0
	module worklib.NR4D1BWP30P140:v
		errors: 0, warnings: 0
	module worklib.NR4D2BWP30P140:v
		errors: 0, warnings: 0
	module worklib.NR4D3BWP30P140:v
		errors: 0, warnings: 0
	module worklib.NR4D4BWP30P140:v
		errors: 0, warnings: 0
	module worklib.NR4D8BWP30P140:v
		errors: 0, warnings: 0
	module worklib.OA211D0BWP30P140:v
		errors: 0, warnings: 0
	module worklib.OA211D1BWP30P140:v
		errors: 0, warnings: 0
	module worklib.OA211D2BWP30P140:v
		errors: 0, warnings: 0
	module worklib.OA211D4BWP30P140:v
		errors: 0, warnings: 0
	module worklib.OA21D0BWP30P140:v
		errors: 0, warnings: 0
	module worklib.OA21D16BWP30P140:v
		errors: 0, warnings: 0
	module worklib.OA21D1BWP30P140:v
		errors: 0, warnings: 0
	module worklib.OA21D2BWP30P140:v
		errors: 0, warnings: 0
	module worklib.OA21D4BWP30P140:v
		errors: 0, warnings: 0
	module worklib.OA21D6BWP30P140:v
		errors: 0, warnings: 0
	module worklib.OA21D8BWP30P140:v
		errors: 0, warnings: 0
	module worklib.OA22D0BWP30P140:v
		errors: 0, warnings: 0
	module worklib.OA22D16BWP30P140:v
		errors: 0, warnings: 0
	module worklib.OA22D1BWP30P140:v
		errors: 0, warnings: 0
	module worklib.OA22D2BWP30P140:v
		errors: 0, warnings: 0
	module worklib.OA22D4BWP30P140:v
		errors: 0, warnings: 0
	module worklib.OA22D6BWP30P140:v
		errors: 0, warnings: 0
	module worklib.OA22D8BWP30P140:v
		errors: 0, warnings: 0
	module worklib.OAI211D0BWP30P140:v
		errors: 0, warnings: 0
	module worklib.OAI211D1BWP30P140:v
		errors: 0, warnings: 0
	module worklib.OAI211D2BWP30P140:v
		errors: 0, warnings: 0
	module worklib.OAI211D4BWP30P140:v
		errors: 0, warnings: 0
	module worklib.OAI211OPTD6BWP30P140:v
		errors: 0, warnings: 0
	module worklib.OAI211OPTD8BWP30P140:v
		errors: 0, warnings: 0
	module worklib.OAI211OPTREPBD12BWP30P140:v
		errors: 0, warnings: 0
	module worklib.OAI211OPTREPBD16BWP30P140:v
		errors: 0, warnings: 0
	module worklib.OAI211OPTREPBD1BWP30P140:v
		errors: 0, warnings: 0
	module worklib.OAI211OPTREPBD2BWP30P140:v
		errors: 0, warnings: 0
	module worklib.OAI211OPTREPBD4BWP30P140:v
		errors: 0, warnings: 0
	module worklib.OAI211OPTREPBD6BWP30P140:v
		errors: 0, warnings: 0
	module worklib.OAI211OPTREPBD8BWP30P140:v
		errors: 0, warnings: 0
	module worklib.OAI21D0BWP30P140:v
		errors: 0, warnings: 0
	module worklib.OAI21D0P7BWP30P140:v
		errors: 0, warnings: 0
	module worklib.OAI21D16BWP30P140:v
		errors: 0, warnings: 0
	module worklib.OAI21D1BWP30P140:v
		errors: 0, warnings: 0
	module worklib.OAI21D1P5BWP30P140:v
		errors: 0, warnings: 0
	module worklib.OAI21D2BWP30P140:v
		errors: 0, warnings: 0
	module worklib.OAI21D4BWP30P140:v
		errors: 0, warnings: 0
	module worklib.OAI21D6BWP30P140:v
		errors: 0, warnings: 0
	module worklib.OAI21D8BWP30P140:v
		errors: 0, warnings: 0
	module worklib.OAI21OPTREPBD12BWP30P140:v
		errors: 0, warnings: 0
	module worklib.OAI21OPTREPBD16BWP30P140:v
		errors: 0, warnings: 0
	module worklib.OAI21OPTREPBD1BWP30P140:v
		errors: 0, warnings: 0
	module worklib.OAI21OPTREPBD2BWP30P140:v
		errors: 0, warnings: 0
	module worklib.OAI21OPTREPBD4BWP30P140:v
		errors: 0, warnings: 0
	module worklib.OAI21OPTREPBD6BWP30P140:v
		errors: 0, warnings: 0
	module worklib.OAI21OPTREPBD8BWP30P140:v
		errors: 0, warnings: 0
	module worklib.OAI221D0BWP30P140:v
		errors: 0, warnings: 0
	module worklib.OAI221D1BWP30P140:v
		errors: 0, warnings: 0
	module worklib.OAI221D2BWP30P140:v
		errors: 0, warnings: 0
	module worklib.OAI221D4BWP30P140:v
		errors: 0, warnings: 0
	module worklib.OAI222D0BWP30P140:v
		errors: 0, warnings: 0
	module worklib.OAI222D1BWP30P140:v
		errors: 0, warnings: 0
	module worklib.OAI222D2BWP30P140:v
		errors: 0, warnings: 0
	module worklib.OAI222D4BWP30P140:v
		errors: 0, warnings: 0
	module worklib.OAI22D0BWP30P140:v
		errors: 0, warnings: 0
	module worklib.OAI22D0P7BWP30P140:v
		errors: 0, warnings: 0
	module worklib.OAI22D16BWP30P140:v
		errors: 0, warnings: 0
	module worklib.OAI22D1BWP30P140:v
		errors: 0, warnings: 0
	module worklib.OAI22D1P5BWP30P140:v
		errors: 0, warnings: 0
	module worklib.OAI22D2BWP30P140:v
		errors: 0, warnings: 0
	module worklib.OAI22D4BWP30P140:v
		errors: 0, warnings: 0
	module worklib.OAI22D6BWP30P140:v
		errors: 0, warnings: 0
	module worklib.OAI22D8BWP30P140:v
		errors: 0, warnings: 0
	module worklib.OAI22OPTPBD12BWP30P140:v
		errors: 0, warnings: 0
	module worklib.OAI22OPTPBD16BWP30P140:v
		errors: 0, warnings: 0
	module worklib.OAI22OPTPBD1BWP30P140:v
		errors: 0, warnings: 0
	module worklib.OAI22OPTPBD2BWP30P140:v
		errors: 0, warnings: 0
	module worklib.OAI22OPTPBD4BWP30P140:v
		errors: 0, warnings: 0
	module worklib.OAI22OPTPBD6BWP30P140:v
		errors: 0, warnings: 0
	module worklib.OAI22OPTPBD8BWP30P140:v
		errors: 0, warnings: 0
	module worklib.OAI31D0BWP30P140:v
		errors: 0, warnings: 0
	module worklib.OAI31D1BWP30P140:v
		errors: 0, warnings: 0
	module worklib.OAI31D2BWP30P140:v
		errors: 0, warnings: 0
	module worklib.OAI31D4BWP30P140:v
		errors: 0, warnings: 0
	module worklib.OAI32D0BWP30P140:v
		errors: 0, warnings: 0
	module worklib.OAI32D1BWP30P140:v
		errors: 0, warnings: 0
	module worklib.OAI32D2BWP30P140:v
		errors: 0, warnings: 0
	module worklib.OAI32D4BWP30P140:v
		errors: 0, warnings: 0
	module worklib.OAI33D0BWP30P140:v
		errors: 0, warnings: 0
	module worklib.OAI33D1BWP30P140:v
		errors: 0, warnings: 0
	module worklib.OAI33D2BWP30P140:v
		errors: 0, warnings: 0
	module worklib.OAI33D4BWP30P140:v
		errors: 0, warnings: 0
	module worklib.OD18DCAP16BWP30P140:v
		errors: 0, warnings: 0
	module worklib.OD18DCAP32BWP30P140:v
		errors: 0, warnings: 0
	module worklib.OD18DCAP64BWP30P140:v
		errors: 0, warnings: 0
	module worklib.OR2D0BWP30P140:v
		errors: 0, warnings: 0
	module worklib.OR2D16BWP30P140:v
		errors: 0, warnings: 0
	module worklib.OR2D1BWP30P140:v
		errors: 0, warnings: 0
	module worklib.OR2D2BWP30P140:v
		errors: 0, warnings: 0
	module worklib.OR2D4BWP30P140:v
		errors: 0, warnings: 0
	module worklib.OR2D6BWP30P140:v
		errors: 0, warnings: 0
	module worklib.OR2D8BWP30P140:v
		errors: 0, warnings: 0
	module worklib.OR3D0BWP30P140:v
		errors: 0, warnings: 0
	module worklib.OR3D16BWP30P140:v
		errors: 0, warnings: 0
	module worklib.OR3D1BWP30P140:v
		errors: 0, warnings: 0
	module worklib.OR3D2BWP30P140:v
		errors: 0, warnings: 0
	module worklib.OR3D4BWP30P140:v
		errors: 0, warnings: 0
	module worklib.OR3D6BWP30P140:v
		errors: 0, warnings: 0
	module worklib.OR3D8BWP30P140:v
		errors: 0, warnings: 0
	module worklib.OR4D0BWP30P140:v
		errors: 0, warnings: 0
	module worklib.OR4D1BWP30P140:v
		errors: 0, warnings: 0
	module worklib.OR4D2BWP30P140:v
		errors: 0, warnings: 0
	module worklib.OR4D4BWP30P140:v
		errors: 0, warnings: 0
	module worklib.OR4D8BWP30P140:v
		errors: 0, warnings: 0
	module worklib.SDFCNARD1BWP30P140:v
		errors: 0, warnings: 0
	module worklib.SDFCNARD2BWP30P140:v
		errors: 0, warnings: 0
	module worklib.SDFCNARD4BWP30P140:v
		errors: 0, warnings: 0
	module worklib.SDFCND0BWP30P140:v
		errors: 0, warnings: 0
	module worklib.SDFCND1BWP30P140:v
		errors: 0, warnings: 0
	module worklib.SDFCND2BWP30P140:v
		errors: 0, warnings: 0
	module worklib.SDFCND4BWP30P140:v
		errors: 0, warnings: 0
	module worklib.SDFCNOPTBD1BWP30P140:v
		errors: 0, warnings: 0
	module worklib.SDFCNOPTBD2BWP30P140:v
		errors: 0, warnings: 0
	module worklib.SDFCNOPTBD4BWP30P140:v
		errors: 0, warnings: 0
	module worklib.SDFCNOPTMAD12BWP30P140:v
		errors: 0, warnings: 0
	module worklib.SDFCNOPTMAD4BWP30P140:v
		errors: 0, warnings: 0
	module worklib.SDFCNOPTMAD8BWP30P140:v
		errors: 0, warnings: 0
	module worklib.SDFCNOPTMCD12BWP30P140:v
		errors: 0, warnings: 0
	module worklib.SDFCNOPTMCD8BWP30P140:v
		errors: 0, warnings: 0
	module worklib.SDFCNOPTSADD12BWP30P140:v
		errors: 0, warnings: 0
	module worklib.SDFCNOPTSADD4BWP30P140:v
		errors: 0, warnings: 0
	module worklib.SDFCNOPTSADD8BWP30P140:v
		errors: 0, warnings: 0
	module worklib.SDFCNQARD1BWP30P140:v
		errors: 0, warnings: 0
	module worklib.SDFCNQARD2BWP30P140:v
		errors: 0, warnings: 0
	module worklib.SDFCNQARD4BWP30P140:v
		errors: 0, warnings: 0
	module worklib.SDFCNQD0BWP30P140:v
		errors: 0, warnings: 0
	module worklib.SDFCNQD1BWP30P140:v
		errors: 0, warnings: 0
	module worklib.SDFCNQD2BWP30P140:v
		errors: 0, warnings: 0
	module worklib.SDFCNQD4BWP30P140:v
		errors: 0, warnings: 0
	module worklib.SDFCNQOPTBD1BWP30P140:v
		errors: 0, warnings: 0
	module worklib.SDFCNQOPTBD2BWP30P140:v
		errors: 0, warnings: 0
	module worklib.SDFCNQOPTBD4BWP30P140:v
		errors: 0, warnings: 0
	module worklib.SDFCNQOPTMAD12BWP30P140:v
		errors: 0, warnings: 0
	module worklib.SDFCNQOPTMAD4BWP30P140:v
		errors: 0, warnings: 0
	module worklib.SDFCNQOPTMAD8BWP30P140:v
		errors: 0, warnings: 0
	module worklib.SDFCNQOPTMCD12BWP30P140:v
		errors: 0, warnings: 0
	module worklib.SDFCNQOPTMCD8BWP30P140:v
		errors: 0, warnings: 0
	module worklib.SDFCNQOPTSADD12BWP30P140:v
		errors: 0, warnings: 0
	module worklib.SDFCNQOPTSADD4BWP30P140:v
		errors: 0, warnings: 0
	module worklib.SDFCNQOPTSADD8BWP30P140:v
		errors: 0, warnings: 0
	module worklib.SDFCSNARD1BWP30P140:v
		errors: 0, warnings: 0
	module worklib.SDFCSND0BWP30P140:v
		errors: 0, warnings: 0
	module worklib.SDFCSND1BWP30P140:v
		errors: 0, warnings: 0
	module worklib.SDFCSND2BWP30P140:v
		errors: 0, warnings: 0
	module worklib.SDFCSND4BWP30P140:v
		errors: 0, warnings: 0
	module worklib.SDFCSNQD0BWP30P140:v
		errors: 0, warnings: 0
	module worklib.SDFCSNQD1BWP30P140:v
		errors: 0, warnings: 0
	module worklib.SDFCSNQD2BWP30P140:v
		errors: 0, warnings: 0
	module worklib.SDFCSNQD4BWP30P140:v
		errors: 0, warnings: 0
	module worklib.SDFD0BWP30P140:v
		errors: 0, warnings: 0
	module worklib.SDFD1BWP30P140:v
		errors: 0, warnings: 0
	module worklib.SDFD2BWP30P140:v
		errors: 0, warnings: 0
	module worklib.SDFD4BWP30P140:v
		errors: 0, warnings: 0
	module worklib.SDFKCNARD1BWP30P140:v
		errors: 0, warnings: 0
	module worklib.SDFKCNARD2BWP30P140:v
		errors: 0, warnings: 0
	module worklib.SDFKCNARD4BWP30P140:v
		errors: 0, warnings: 0
	module worklib.SDFKCND0BWP30P140:v
		errors: 0, warnings: 0
	module worklib.SDFKCND1BWP30P140:v
		errors: 0, warnings: 0
	module worklib.SDFKCND2BWP30P140:v
		errors: 0, warnings: 0
	module worklib.SDFKCND4BWP30P140:v
		errors: 0, warnings: 0
	module worklib.SDFKCNQARD1BWP30P140:v
		errors: 0, warnings: 0
	module worklib.SDFKCNQARD2BWP30P140:v
		errors: 0, warnings: 0
	module worklib.SDFKCNQARD4BWP30P140:v
		errors: 0, warnings: 0
	module worklib.SDFKCNQD0BWP30P140:v
		errors: 0, warnings: 0
	module worklib.SDFKCNQD1BWP30P140:v
		errors: 0, warnings: 0
	module worklib.SDFKCNQD2BWP30P140:v
		errors: 0, warnings: 0
	module worklib.SDFKCNQD4BWP30P140:v
		errors: 0, warnings: 0
	module worklib.SDFKCNQOPTMAD12BWP30P140:v
		errors: 0, warnings: 0
	module worklib.SDFKCNQOPTMAD4BWP30P140:v
		errors: 0, warnings: 0
	module worklib.SDFKCNQOPTMAD8BWP30P140:v
		errors: 0, warnings: 0
	module worklib.SDFKCSNARD1BWP30P140:v
		errors: 0, warnings: 0
	module worklib.SDFKCSND0BWP30P140:v
		errors: 0, warnings: 0
	module worklib.SDFKCSND1BWP30P140:v
		errors: 0, warnings: 0
	module worklib.SDFKCSND2BWP30P140:v
		errors: 0, warnings: 0
	module worklib.SDFKCSND4BWP30P140:v
		errors: 0, warnings: 0
	module worklib.SDFKCSNQD0BWP30P140:v
		errors: 0, warnings: 0
	module worklib.SDFKCSNQD1BWP30P140:v
		errors: 0, warnings: 0
	module worklib.SDFKCSNQD2BWP30P140:v
		errors: 0, warnings: 0
	module worklib.SDFKCSNQD4BWP30P140:v
		errors: 0, warnings: 0
	module worklib.SDFKSNARD1BWP30P140:v
		errors: 0, warnings: 0
	module worklib.SDFKSND0BWP30P140:v
		errors: 0, warnings: 0
	module worklib.SDFKSND1BWP30P140:v
		errors: 0, warnings: 0
	module worklib.SDFKSND2BWP30P140:v
		errors: 0, warnings: 0
	module worklib.SDFKSND4BWP30P140:v
		errors: 0, warnings: 0
	module worklib.SDFKSNQARD1BWP30P140:v
		errors: 0, warnings: 0
	module worklib.SDFKSNQD0BWP30P140:v
		errors: 0, warnings: 0
	module worklib.SDFKSNQD1BWP30P140:v
		errors: 0, warnings: 0
	module worklib.SDFKSNQD2BWP30P140:v
		errors: 0, warnings: 0
	module worklib.SDFKSNQD4BWP30P140:v
		errors: 0, warnings: 0
	module worklib.SDFMARD1BWP30P140:v
		errors: 0, warnings: 0
	module worklib.SDFMD0BWP30P140:v
		errors: 0, warnings: 0
	module worklib.SDFMD1BWP30P140:v
		errors: 0, warnings: 0
	module worklib.SDFMD2BWP30P140:v
		errors: 0, warnings: 0
	module worklib.SDFMD4BWP30P140:v
		errors: 0, warnings: 0
	module worklib.SDFMQARD1BWP30P140:v
		errors: 0, warnings: 0
	module worklib.SDFMQD0BWP30P140:v
		errors: 0, warnings: 0
	module worklib.SDFMQD1BWP30P140:v
		errors: 0, warnings: 0
	module worklib.SDFMQD2BWP30P140:v
		errors: 0, warnings: 0
	module worklib.SDFMQD4BWP30P140:v
		errors: 0, warnings: 0
	module worklib.SDFNCNARD1BWP30P140:v
		errors: 0, warnings: 0
	module worklib.SDFNCND0BWP30P140:v
		errors: 0, warnings: 0
	module worklib.SDFNCND1BWP30P140:v
		errors: 0, warnings: 0
	module worklib.SDFNCND2BWP30P140:v
		errors: 0, warnings: 0
	module worklib.SDFNCND4BWP30P140:v
		errors: 0, warnings: 0
	module worklib.SDFNCSNARD1BWP30P140:v
		errors: 0, warnings: 0
	module worklib.SDFNCSND0BWP30P140:v
		errors: 0, warnings: 0
	module worklib.SDFNCSND1BWP30P140:v
		errors: 0, warnings: 0
	module worklib.SDFNCSND2BWP30P140:v
		errors: 0, warnings: 0
	module worklib.SDFNCSND4BWP30P140:v
		errors: 0, warnings: 0
	module worklib.SDFND0BWP30P140:v
		errors: 0, warnings: 0
	module worklib.SDFND1BWP30P140:v
		errors: 0, warnings: 0
	module worklib.SDFND2BWP30P140:v
		errors: 0, warnings: 0
	module worklib.SDFND4BWP30P140:v
		errors: 0, warnings: 0
	module worklib.SDFNSND0BWP30P140:v
		errors: 0, warnings: 0
	module worklib.SDFNSND1BWP30P140:v
		errors: 0, warnings: 0
	module worklib.SDFNSND2BWP30P140:v
		errors: 0, warnings: 0
	module worklib.SDFNSND4BWP30P140:v
		errors: 0, warnings: 0
	module worklib.SDFNSYNCND1BWP30P140:v
		errors: 0, warnings: 0
	module worklib.SDFNSYNCND2BWP30P140:v
		errors: 0, warnings: 0
	module worklib.SDFNSYNCND4BWP30P140:v
		errors: 0, warnings: 0
	module worklib.SDFNSYNCSND1BWP30P140:v
		errors: 0, warnings: 0
	module worklib.SDFNSYNCSND2BWP30P140:v
		errors: 0, warnings: 0
	module worklib.SDFNSYNCSND4BWP30P140:v
		errors: 0, warnings: 0
	module worklib.SDFNSYND1BWP30P140:v
		errors: 0, warnings: 0
	module worklib.SDFNSYND2BWP30P140:v
		errors: 0, warnings: 0
	module worklib.SDFNSYND4BWP30P140:v
		errors: 0, warnings: 0
	module worklib.SDFNSYNSND1BWP30P140:v
		errors: 0, warnings: 0
	module worklib.SDFNSYNSND2BWP30P140:v
		errors: 0, warnings: 0
	module worklib.SDFNSYNSND4BWP30P140:v
		errors: 0, warnings: 0
	module worklib.SDFOPTBD1BWP30P140:v
		errors: 0, warnings: 0
	module worklib.SDFOPTBD2BWP30P140:v
		errors: 0, warnings: 0
	module worklib.SDFOPTBD4BWP30P140:v
		errors: 0, warnings: 0
	module worklib.SDFOPTMAD12BWP30P140:v
		errors: 0, warnings: 0
	module worklib.SDFOPTMAD4BWP30P140:v
		errors: 0, warnings: 0
	module worklib.SDFOPTMAD8BWP30P140:v
		errors: 0, warnings: 0
	module worklib.SDFOPTMCD12BWP30P140:v
		errors: 0, warnings: 0
	module worklib.SDFOPTMCD8BWP30P140:v
		errors: 0, warnings: 0
	module worklib.SDFOPTSADD12BWP30P140:v
		errors: 0, warnings: 0
	module worklib.SDFOPTSADD4BWP30P140:v
		errors: 0, warnings: 0
	module worklib.SDFOPTSADD8BWP30P140:v
		errors: 0, warnings: 0
	module worklib.SDFQD0BWP30P140:v
		errors: 0, warnings: 0
	module worklib.SDFQD1BWP30P140:v
		errors: 0, warnings: 0
	module worklib.SDFQD2BWP30P140:v
		errors: 0, warnings: 0
	module worklib.SDFQD4BWP30P140:v
		errors: 0, warnings: 0
	module worklib.SDFQNARD1BWP30P140:v
		errors: 0, warnings: 0
	module worklib.SDFQND0BWP30P140:v
		errors: 0, warnings: 0
	module worklib.SDFQND1BWP30P140:v
		errors: 0, warnings: 0
	module worklib.SDFQND2BWP30P140:v
		errors: 0, warnings: 0
	module worklib.SDFQND4BWP30P140:v
		errors: 0, warnings: 0
	module worklib.SDFQNOPTMAD12BWP30P140:v
		errors: 0, warnings: 0
	module worklib.SDFQNOPTMAD4BWP30P140:v
		errors: 0, warnings: 0
	module worklib.SDFQNOPTMAD8BWP30P140:v
		errors: 0, warnings: 0
	module worklib.SDFQNOPTSADD12BWP30P140:v
		errors: 0, warnings: 0
	module worklib.SDFQNOPTSADD4BWP30P140:v
		errors: 0, warnings: 0
	module worklib.SDFQNOPTSADD8BWP30P140:v
		errors: 0, warnings: 0
	module worklib.SDFQOPTBD1BWP30P140:v
		errors: 0, warnings: 0
	module worklib.SDFQOPTBD2BWP30P140:v
		errors: 0, warnings: 0
	module worklib.SDFQOPTBD4BWP30P140:v
		errors: 0, warnings: 0
	module worklib.SDFQOPTMAD12BWP30P140:v
		errors: 0, warnings: 0
	module worklib.SDFQOPTMAD4BWP30P140:v
		errors: 0, warnings: 0
	module worklib.SDFQOPTMAD8BWP30P140:v
		errors: 0, warnings: 0
	module worklib.SDFQOPTMCD12BWP30P140:v
		errors: 0, warnings: 0
	module worklib.SDFQOPTMCD8BWP30P140:v
		errors: 0, warnings: 0
	module worklib.SDFQOPTSADD12BWP30P140:v
		errors: 0, warnings: 0
	module worklib.SDFQOPTSADD4BWP30P140:v
		errors: 0, warnings: 0
	module worklib.SDFQOPTSADD8BWP30P140:v
		errors: 0, warnings: 0
	module worklib.SDFSND0BWP30P140:v
		errors: 0, warnings: 0
	module worklib.SDFSND1BWP30P140:v
		errors: 0, warnings: 0
	module worklib.SDFSND2BWP30P140:v
		errors: 0, warnings: 0
	module worklib.SDFSND4BWP30P140:v
		errors: 0, warnings: 0
	module worklib.SDFSNOPTMAD12BWP30P140:v
		errors: 0, warnings: 0
	module worklib.SDFSNOPTMAD4BWP30P140:v
		errors: 0, warnings: 0
	module worklib.SDFSNOPTMAD8BWP30P140:v
		errors: 0, warnings: 0
	module worklib.SDFSNQD0BWP30P140:v
		errors: 0, warnings: 0
	module worklib.SDFSNQD1BWP30P140:v
		errors: 0, warnings: 0
	module worklib.SDFSNQD2BWP30P140:v
		errors: 0, warnings: 0
	module worklib.SDFSNQD4BWP30P140:v
		errors: 0, warnings: 0
	module worklib.SDFSNQOPTMAD12BWP30P140:v
		errors: 0, warnings: 0
	module worklib.SDFSNQOPTMAD4BWP30P140:v
		errors: 0, warnings: 0
	module worklib.SDFSNQOPTMAD8BWP30P140:v
		errors: 0, warnings: 0
	module worklib.SDFSYNCND1BWP30P140:v
		errors: 0, warnings: 0
	module worklib.SDFSYNCND2BWP30P140:v
		errors: 0, warnings: 0
	module worklib.SDFSYNCND4BWP30P140:v
		errors: 0, warnings: 0
	module worklib.SDFSYNCNQD1BWP30P140:v
		errors: 0, warnings: 0
	module worklib.SDFSYNCNQD2BWP30P140:v
		errors: 0, warnings: 0
	module worklib.SDFSYNCNQD4BWP30P140:v
		errors: 0, warnings: 0
	module worklib.SDFSYNCSND1BWP30P140:v
		errors: 0, warnings: 0
	module worklib.SDFSYNCSND2BWP30P140:v
		errors: 0, warnings: 0
	module worklib.SDFSYNCSND4BWP30P140:v
		errors: 0, warnings: 0
	module worklib.SDFSYNCSNQD1BWP30P140:v
		errors: 0, warnings: 0
	module worklib.SDFSYNCSNQD2BWP30P140:v
		errors: 0, warnings: 0
	module worklib.SDFSYNCSNQD4BWP30P140:v
		errors: 0, warnings: 0
	module worklib.SDFSYND1BWP30P140:v
		errors: 0, warnings: 0
	module worklib.SDFSYND2BWP30P140:v
		errors: 0, warnings: 0
	module worklib.SDFSYND4BWP30P140:v
		errors: 0, warnings: 0
	module worklib.SDFSYNQD1BWP30P140:v
		errors: 0, warnings: 0
	module worklib.SDFSYNQD2BWP30P140:v
		errors: 0, warnings: 0
	module worklib.SDFSYNQD4BWP30P140:v
		errors: 0, warnings: 0
	module worklib.SDFSYNQND1BWP30P140:v
		errors: 0, warnings: 0
	module worklib.SDFSYNQND2BWP30P140:v
		errors: 0, warnings: 0
	module worklib.SDFSYNQND4BWP30P140:v
		errors: 0, warnings: 0
	module worklib.SDFSYNSND1BWP30P140:v
		errors: 0, warnings: 0
	module worklib.SDFSYNSND2BWP30P140:v
		errors: 0, warnings: 0
	module worklib.SDFSYNSND4BWP30P140:v
		errors: 0, warnings: 0
	module worklib.SDFSYNSNQD1BWP30P140:v
		errors: 0, warnings: 0
	module worklib.SDFSYNSNQD2BWP30P140:v
		errors: 0, warnings: 0
	module worklib.SDFSYNSNQD4BWP30P140:v
		errors: 0, warnings: 0
	module worklib.SEDFARD0BWP30P140:v
		errors: 0, warnings: 0
	module worklib.SEDFARD1BWP30P140:v
		errors: 0, warnings: 0
	module worklib.SEDFARD2BWP30P140:v
		errors: 0, warnings: 0
	module worklib.SEDFARD4BWP30P140:v
		errors: 0, warnings: 0
	module worklib.SEDFCNARD0BWP30P140:v
		errors: 0, warnings: 0
	module worklib.SEDFCNARD1BWP30P140:v
		errors: 0, warnings: 0
	module worklib.SEDFCND0BWP30P140:v
		errors: 0, warnings: 0
	module worklib.SEDFCND1BWP30P140:v
		errors: 0, warnings: 0
	module worklib.SEDFCND2BWP30P140:v
		errors: 0, warnings: 0
	module worklib.SEDFCND4BWP30P140:v
		errors: 0, warnings: 0
	module worklib.SEDFCNQARD0BWP30P140:v
		errors: 0, warnings: 0
	module worklib.SEDFCNQARD1BWP30P140:v
		errors: 0, warnings: 0
	module worklib.SEDFCNQD0BWP30P140:v
		errors: 0, warnings: 0
	module worklib.SEDFCNQD1BWP30P140:v
		errors: 0, warnings: 0
	module worklib.SEDFCNQD2BWP30P140:v
		errors: 0, warnings: 0
	module worklib.SEDFCNQD4BWP30P140:v
		errors: 0, warnings: 0
	module worklib.SEDFD0BWP30P140:v
		errors: 0, warnings: 0
	module worklib.SEDFD1BWP30P140:v
		errors: 0, warnings: 0
	module worklib.SEDFD2BWP30P140:v
		errors: 0, warnings: 0
	module worklib.SEDFD4BWP30P140:v
		errors: 0, warnings: 0
	module worklib.SEDFQARD0BWP30P140:v
		errors: 0, warnings: 0
	module worklib.SEDFQARD1BWP30P140:v
		errors: 0, warnings: 0
	module worklib.SEDFQARD2BWP30P140:v
		errors: 0, warnings: 0
	module worklib.SEDFQARD4BWP30P140:v
		errors: 0, warnings: 0
	module worklib.SEDFQD0BWP30P140:v
		errors: 0, warnings: 0
	module worklib.SEDFQD1BWP30P140:v
		errors: 0, warnings: 0
	module worklib.SEDFQD2BWP30P140:v
		errors: 0, warnings: 0
	module worklib.SEDFQD4BWP30P140:v
		errors: 0, warnings: 0
	module worklib.TAPCELLBWP30P140:v
		errors: 0, warnings: 0
	module worklib.TIEHBWP30P140:v
		errors: 0, warnings: 0
	module worklib.TIELBWP30P140:v
		errors: 0, warnings: 0
	module worklib.XNR2D0BWP30P140:v
		errors: 0, warnings: 0
	module worklib.XNR2D1BWP30P140:v
		errors: 0, warnings: 0
	module worklib.XNR2D2BWP30P140:v
		errors: 0, warnings: 0
	module worklib.XNR2D4BWP30P140:v
		errors: 0, warnings: 0
	module worklib.XNR2OPTND2BWP30P140:v
		errors: 0, warnings: 0
	module worklib.XNR2OPTND4BWP30P140:v
		errors: 0, warnings: 0
	module worklib.XNR2OPTND6BWP30P140:v
		errors: 0, warnings: 0
	module worklib.XNR2OPTND8BWP30P140:v
		errors: 0, warnings: 0
	module worklib.XNR2UD0BWP30P140:v
		errors: 0, warnings: 0
	module worklib.XNR2UD1BWP30P140:v
		errors: 0, warnings: 0
	module worklib.XNR3D0BWP30P140:v
		errors: 0, warnings: 0
	module worklib.XNR3D1BWP30P140:v
		errors: 0, warnings: 0
	module worklib.XNR3D2BWP30P140:v
		errors: 0, warnings: 0
	module worklib.XNR3D4BWP30P140:v
		errors: 0, warnings: 0
	module worklib.XNR3UD0BWP30P140:v
		errors: 0, warnings: 0
	module worklib.XNR3UD1BWP30P140:v
		errors: 0, warnings: 0
	module worklib.XNR4D0BWP30P140:v
		errors: 0, warnings: 0
	module worklib.XNR4D1BWP30P140:v
		errors: 0, warnings: 0
	module worklib.XNR4D2BWP30P140:v
		errors: 0, warnings: 0
	module worklib.XNR4D4BWP30P140:v
		errors: 0, warnings: 0
	module worklib.XOR2D0BWP30P140:v
		errors: 0, warnings: 0
	module worklib.XOR2D1BWP30P140:v
		errors: 0, warnings: 0
	module worklib.XOR2D2BWP30P140:v
		errors: 0, warnings: 0
	module worklib.XOR2D4BWP30P140:v
		errors: 0, warnings: 0
	module worklib.XOR2OPTND2BWP30P140:v
		errors: 0, warnings: 0
	module worklib.XOR2OPTND4BWP30P140:v
		errors: 0, warnings: 0
	module worklib.XOR2OPTND6BWP30P140:v
		errors: 0, warnings: 0
	module worklib.XOR2OPTND8BWP30P140:v
		errors: 0, warnings: 0
	module worklib.XOR2UD0BWP30P140:v
		errors: 0, warnings: 0
	module worklib.XOR2UD1BWP30P140:v
		errors: 0, warnings: 0
	module worklib.XOR3D0BWP30P140:v
		errors: 0, warnings: 0
	module worklib.XOR3D1BWP30P140:v
		errors: 0, warnings: 0
	module worklib.XOR3D2BWP30P140:v
		errors: 0, warnings: 0
	module worklib.XOR3D4BWP30P140:v
		errors: 0, warnings: 0
	module worklib.XOR3UD0BWP30P140:v
		errors: 0, warnings: 0
	module worklib.XOR3UD1BWP30P140:v
		errors: 0, warnings: 0
	module worklib.XOR4D0BWP30P140:v
		errors: 0, warnings: 0
	module worklib.XOR4D1BWP30P140:v
		errors: 0, warnings: 0
	module worklib.XOR4D2BWP30P140:v
		errors: 0, warnings: 0
	module worklib.XOR4D4BWP30P140:v
		errors: 0, warnings: 0
	module worklib.ISOHID1BWP30P140:v
		errors: 0, warnings: 0
	module worklib.ISOHID2BWP30P140:v
		errors: 0, warnings: 0
	module worklib.ISOHID4BWP30P140:v
		errors: 0, warnings: 0
	module worklib.ISOHID8BWP30P140:v
		errors: 0, warnings: 0
	module worklib.ISOLOD1BWP30P140:v
		errors: 0, warnings: 0
	module worklib.ISOLOD2BWP30P140:v
		errors: 0, warnings: 0
	module worklib.ISOLOD4BWP30P140:v
		errors: 0, warnings: 0
	module worklib.ISOLOD8BWP30P140:v
		errors: 0, warnings: 0
	module worklib.ISOSRHID2BWP30P140:v
		errors: 0, warnings: 0
	module worklib.ISOSRHID4BWP30P140:v
		errors: 0, warnings: 0
	module worklib.ISOSRHID8BWP30P140:v
		errors: 0, warnings: 0
	module worklib.ISOSRLOD2BWP30P140:v
		errors: 0, warnings: 0
	module worklib.ISOSRLOD4BWP30P140:v
		errors: 0, warnings: 0
	module worklib.ISOSRLOD8BWP30P140:v
		errors: 0, warnings: 0
	module worklib.LVLHLCD1BWP30P140:v
		errors: 0, warnings: 0
	module worklib.LVLHLCD2BWP30P140:v
		errors: 0, warnings: 0
	module worklib.LVLHLCD4BWP30P140:v
		errors: 0, warnings: 0
	module worklib.LVLHLCD8BWP30P140:v
		errors: 0, warnings: 0
	module worklib.LVLHLCLOD1BWP30P140:v
		errors: 0, warnings: 0
	module worklib.LVLHLCLOD2BWP30P140:v
		errors: 0, warnings: 0
	module worklib.LVLHLCLOD4BWP30P140:v
		errors: 0, warnings: 0
	module worklib.LVLHLCLOD8BWP30P140:v
		errors: 0, warnings: 0
	module worklib.LVLHLD1BWP30P140:v
		errors: 0, warnings: 0
	module worklib.LVLHLD2BWP30P140:v
		errors: 0, warnings: 0
	module worklib.LVLHLD4BWP30P140:v
		errors: 0, warnings: 0
	module worklib.LVLHLD8BWP30P140:v
		errors: 0, warnings: 0
	module worklib.LVLLHCD1BWP30P140:v
		errors: 0, warnings: 0
	module worklib.LVLLHCD2BWP30P140:v
		errors: 0, warnings: 0
	module worklib.LVLLHCD4BWP30P140:v
		errors: 0, warnings: 0
	module worklib.LVLLHCD8BWP30P140:v
		errors: 0, warnings: 0
	module worklib.LVLLHCLOD1BWP30P140:v
		errors: 0, warnings: 0
	module worklib.LVLLHCLOD2BWP30P140:v
		errors: 0, warnings: 0
	module worklib.LVLLHCLOD4BWP30P140:v
		errors: 0, warnings: 0
	module worklib.LVLLHCLOD8BWP30P140:v
		errors: 0, warnings: 0
	module worklib.LVLLHD1BWP30P140:v
		errors: 0, warnings: 0
	module worklib.LVLLHD2BWP30P140:v
		errors: 0, warnings: 0
	module worklib.LVLLHD4BWP30P140:v
		errors: 0, warnings: 0
	module worklib.LVLLHD8BWP30P140:v
		errors: 0, warnings: 0
	module worklib.LVLSRLHCD2BWP30P140:v
		errors: 0, warnings: 0
	module worklib.LVLSRLHCD4BWP30P140:v
		errors: 0, warnings: 0
	module worklib.LVLSRLHCD8BWP30P140:v
		errors: 0, warnings: 0
	module worklib.LVLSRLHD2BWP30P140:v
		errors: 0, warnings: 0
	module worklib.LVLSRLHD4BWP30P140:v
		errors: 0, warnings: 0
	module worklib.LVLSRLHD8BWP30P140:v
		errors: 0, warnings: 0
	primitive worklib.tsmc_dff:v
		errors: 0, warnings: 0
	primitive worklib.tsmc_dla:v
		errors: 0, warnings: 0
	primitive worklib.tsmc_mux:v
		errors: 0, warnings: 0
	primitive worklib.tsmc_xbuf:v
		errors: 0, warnings: 0
file: /sim/tarsio/PipeCNN_Winograd/project/device/experiments/opencl_memread_compute/tb_memread_conv_slice.sv
	module worklib.tb_memread_conv_slice:sv
		errors: 0, warnings: 0
file: /sim/tarsio/PipeCNN_Winograd/project/device/RTL/synthesis/opencl-memread-f43-original-i8-l032/runs/memread-f43-i8-l032-20261007T-run03-sdf-fixed/logical/gate_level/pipecnn_memread_conv_slice_logic_mapped.v
       (n_59035), .I1 (n_59042), .S (n_862371), .ZN (n_862542));
                                                                  |
xmvlog: *W,SMFMAX (/sim/tarsio/PipeCNN_Winograd/project/device/RTL/synthesis/opencl-memread-f43-original-i8-l032/runs/memread-f43-i8-l032-20261007T-run03-sdf-fixed/logical/gate_level/pipecnn_memread_conv_slice_logic_mapped.v,524293|66): Reached maximum source line for debugging purposes.
	module worklib.pipecnn_conv_accumulator_postprocess:v
		errors: 0, warnings: 1
	module worklib.mult_add_fix8bx16bx4_597:v
		errors: 0, warnings: 0
	module worklib.mult_add_fix8bx16bx4_69:v
		errors: 0, warnings: 0
	module worklib.mult_add_fix8bx16bx4_21:v
		errors: 0, warnings: 0
	module worklib.mult_add_fix8bx16bx4_646:v
		errors: 0, warnings: 0
	module worklib.mult_add_fix8bx16bx4_573:v
		errors: 0, warnings: 0
	module worklib.mult_add_fix8bx16bx4_333:v
		errors: 0, warnings: 0
	module worklib.mult_add_fix8bx16bx4_261:v
		errors: 0, warnings: 0
	module worklib.mult_add_fix8bx16bx4_671:v
		errors: 0, warnings: 0
	module worklib.mult_add_fix8bx16bx4_599:v
		errors: 0, warnings: 0
	module worklib.mult_add_fix8bx16bx4_575:v
		errors: 0, warnings: 0
	module worklib.mult_add_fix8bx16bx4_551:v
		errors: 0, warnings: 0
	module worklib.mult_add_fix8bx16bx4_239:v
		errors: 0, warnings: 0
	module worklib.mult_add_fix8bx16bx4_143:v
		errors: 0, warnings: 0
	module worklib.mult_add_fix8bx16bx4_23:v
		errors: 0, warnings: 0
	module worklib.mult_add_fix8bx16bx4_359:v
		errors: 0, warnings: 0
	module worklib.mult_add_fix8bx16bx4_212:v
		errors: 0, warnings: 0
	module worklib.winograd_f43_output_transform_25:v
		errors: 0, warnings: 0
	module worklib.winograd_f43_input_transform_IN_W16_OUT_W16_CALC_W20_12:v
		errors: 0, warnings: 0
	module worklib.winograd_f43_input_transform_IN_W16_OUT_W16_CALC_W20_13:v
		errors: 0, warnings: 0
	module worklib.winograd_f43_input_transform_IN_W16_OUT_W16_CALC_W20_14:v
		errors: 0, warnings: 0
	module worklib.winograd_f43_input_transform_IN_W16_OUT_W16_CALC_W20_15:v
		errors: 0, warnings: 0
	module worklib.mult_add_fix8bx16bx4_623:v
		errors: 0, warnings: 0
	module worklib.mult_add_fix8bx16bx4_622:v
		errors: 0, warnings: 0
	module worklib.mult_add_fix8bx16bx4_621:v
		errors: 0, warnings: 0
	module worklib.winograd_f43_input_transform_IN_W16_OUT_W16_CALC_W20:v
		errors: 0, warnings: 0
	module worklib.winograd_f43_input_transform_IN_W16_OUT_W16_CALC_W20_1:v
		errors: 0, warnings: 0
	module worklib.winograd_f43_input_transform_IN_W16_OUT_W16_CALC_W20_2:v
		errors: 0, warnings: 0
	module worklib.winograd_f43_input_transform_IN_W16_OUT_W16_CALC_W20_3:v
		errors: 0, warnings: 0
	module worklib.mult_add_fix8bx16bx4_44:v
		errors: 0, warnings: 0
	module worklib.mult_add_fix8bx16bx4_47:v
		errors: 0, warnings: 0
	module worklib.mult_add_fix8bx16bx4_46:v
		errors: 0, warnings: 0
	module worklib.mult_add_fix8bx16bx4_45:v
		errors: 0, warnings: 0
	module worklib.mult_add_fix8bx16bx4_716:v
		errors: 0, warnings: 0
	module worklib.mult_add_fix8bx16bx4_719:v
		errors: 0, warnings: 0
	module worklib.mult_add_fix8bx16bx4_718:v
		errors: 0, warnings: 0
	module worklib.mult_add_fix8bx16bx4_717:v
		errors: 0, warnings: 0
	module worklib.winograd_f43_input_transform_IN_W16_OUT_W16_CALC_W20_4:v
		errors: 0, warnings: 0
	module worklib.winograd_f43_input_transform_IN_W16_OUT_W16_CALC_W20_5:v
		errors: 0, warnings: 0
	module worklib.winograd_f43_input_transform_IN_W16_OUT_W16_CALC_W20_6:v
		errors: 0, warnings: 0
	module worklib.winograd_f43_input_transform_IN_W16_OUT_W16_CALC_W20_7:v
		errors: 0, warnings: 0
	module worklib.winograd_f43_input_transform_IN_W16_OUT_W16_CALC_W20_8:v
		errors: 0, warnings: 0
	module worklib.winograd_f43_input_transform_IN_W16_OUT_W16_CALC_W20_9:v
		errors: 0, warnings: 0
	module worklib.winograd_f43_input_transform_IN_W16_OUT_W16_CALC_W20_10:v
		errors: 0, warnings: 0
	module worklib.winograd_f43_input_transform_IN_W16_OUT_W16_CALC_W20_11:v
		errors: 0, warnings: 0
	module worklib.mult_add_fix8bx16bx4_95:v
		errors: 0, warnings: 0
	module worklib.mult_add_fix8bx16bx4_93:v
		errors: 0, warnings: 0
	module worklib.mult_add_fix8bx16bx4_455:v
		errors: 0, warnings: 0
	module worklib.mult_add_fix8bx16bx4_453:v
		errors: 0, warnings: 0
	module worklib.mult_add_fix8bx16bx4_454:v
		errors: 0, warnings: 0
	module worklib.mult_add_fix8bx16bx4_692:v
		errors: 0, warnings: 0
	module worklib.mult_add_fix8bx16bx4_695:v
		errors: 0, warnings: 0
	module worklib.mult_add_fix8bx16bx4_693:v
		errors: 0, warnings: 0
	module worklib.mult_add_fix8bx16bx4_740:v
		errors: 0, warnings: 0
	module worklib.mult_add_fix8bx16bx4_741:v
		errors: 0, warnings: 0
	module worklib.mult_add_fix8bx16bx4_743:v
		errors: 0, warnings: 0
	module worklib.mult_add_fix8bx16bx4_742:v
		errors: 0, warnings: 0
	module worklib.mult_add_fix8bx16bx4_92:v
		errors: 0, warnings: 0
	module worklib.mult_add_fix8bx16bx4_452:v
		errors: 0, warnings: 0
	module worklib.winograd_f43_output_transform_31:v
		errors: 0, warnings: 0
	module worklib.winograd_f43_output_transform_4:v
		errors: 0, warnings: 0
	module worklib.mult_add_fix8bx16bx4_116:v
		errors: 0, warnings: 0
	module worklib.mult_add_fix8bx16bx4_119:v
		errors: 0, warnings: 0
	module worklib.mult_add_fix8bx16bx4_117:v
		errors: 0, warnings: 0
	module worklib.mult_add_fix8bx16bx4_361:v
		errors: 0, warnings: 0
	module worklib.mult_add_fix8bx16bx4_363:v
		errors: 0, warnings: 0
	module worklib.mult_add_fix8bx16bx4_99:v
		errors: 0, warnings: 0
	module worklib.mult_add_fix8bx16bx4_321:v
		errors: 0, warnings: 0
	module worklib.mult_add_fix8bx16bx4_422:v
		errors: 0, warnings: 0
	module worklib.mult_add_fix8bx16bx4_298:v
		errors: 0, warnings: 0
	module worklib.mult_add_fix8bx16bx4_701:v
		errors: 0, warnings: 0
	module worklib.mult_add_fix8bx16bx4_297:v
		errors: 0, warnings: 0
	module worklib.mult_add_fix8bx16bx4_362:v
		errors: 0, warnings: 0
	module worklib.mult_add_fix8bx16bx4_420:v
		errors: 0, warnings: 0
	module worklib.mult_add_fix8bx16bx4_360:v
		errors: 0, warnings: 0
	module worklib.mult_add_fix8bx16bx4_96:v
		errors: 0, warnings: 0
	module worklib.mult_add_fix8bx16bx4_270:v
		errors: 0, warnings: 0
	module worklib.mult_add_fix8bx16bx4_178:v
		errors: 0, warnings: 0
	module worklib.mult_add_fix8bx16bx4_322:v
		errors: 0, warnings: 0
	module worklib.mult_add_fix8bx16bx4_97:v
		errors: 0, warnings: 0
	module worklib.mult_add_fix8bx16bx4_423:v
		errors: 0, warnings: 0
	module worklib.mult_add_fix8bx16bx4_271:v
		errors: 0, warnings: 0
	module worklib.mult_add_fix8bx16bx4_578:v
		errors: 0, warnings: 0
	module worklib.mult_add_fix8bx16bx4_554:v
		errors: 0, warnings: 0
	module worklib.mult_add_fix8bx16bx4_530:v
		errors: 0, warnings: 0
	module worklib.mult_add_fix8bx16bx4_482:v
		errors: 0, warnings: 0
	module worklib.mult_add_fix8bx16bx4_458:v
		errors: 0, warnings: 0
	module worklib.mult_add_fix8bx16bx4_421:v
		errors: 0, warnings: 0
	module worklib.mult_add_fix8bx16bx4_122:v
		errors: 0, warnings: 0
	module worklib.mult_add_fix8bx16bx4_98:v
		errors: 0, warnings: 0
	module worklib.mult_add_fix8bx16bx4_74:v
		errors: 0, warnings: 0
	module worklib.mult_add_fix8bx16bx4_26:v
		errors: 0, warnings: 0
	module worklib.winograd_f43_output_transform_28:v
		errors: 0, warnings: 0
	module worklib.mult_add_fix8bx16bx4_672:v
		errors: 0, warnings: 0
	module worklib.mult_add_fix8bx16bx4_674:v
		errors: 0, warnings: 0
	module worklib.mult_add_fix8bx16bx4_673:v
		errors: 0, warnings: 0
	module worklib.mult_add_fix8bx16bx4_676:v
		errors: 0, warnings: 0
	module worklib.mult_add_fix8bx16bx4_679:v
		errors: 0, warnings: 0
	module worklib.mult_add_fix8bx16bx4_678:v
		errors: 0, warnings: 0
	module worklib.mult_add_fix8bx16bx4_677:v
		errors: 0, warnings: 0
	module worklib.mult_add_fix8bx16bx4_684:v
		errors: 0, warnings: 0
	module worklib.mult_add_fix8bx16bx4_687:v
		errors: 0, warnings: 0
	module worklib.mult_add_fix8bx16bx4_686:v
		errors: 0, warnings: 0
	module worklib.mult_add_fix8bx16bx4_685:v
		errors: 0, warnings: 0
	module worklib.winograd_f43_output_transform_21:v
		errors: 0, warnings: 0
	module worklib.mult_add_fix8bx16bx4_504:v
		errors: 0, warnings: 0
	module worklib.mult_add_fix8bx16bx4_507:v
		errors: 0, warnings: 0
	module worklib.mult_add_fix8bx16bx4_505:v
		errors: 0, warnings: 0
	module worklib.mult_add_fix8bx16bx4_506:v
		errors: 0, warnings: 0
	module worklib.mult_add_fix8bx16bx4_508:v
		errors: 0, warnings: 0
	module worklib.mult_add_fix8bx16bx4_511:v
		errors: 0, warnings: 0
	module worklib.mult_add_fix8bx16bx4_510:v
		errors: 0, warnings: 0
	module worklib.mult_add_fix8bx16bx4_509:v
		errors: 0, warnings: 0
	module worklib.mult_add_fix8bx16bx4_513:v
		errors: 0, warnings: 0
	module worklib.mult_add_fix8bx16bx4_514:v
		errors: 0, warnings: 0
	module worklib.mult_add_fix8bx16bx4_516:v
		errors: 0, warnings: 0
	module worklib.mult_add_fix8bx16bx4_519:v
		errors: 0, warnings: 0
	module worklib.mult_add_fix8bx16bx4_518:v
		errors: 0, warnings: 0
	module worklib.mult_add_fix8bx16bx4_517:v
		errors: 0, warnings: 0
	module worklib.winograd_f43_output_transform_12:v
		errors: 0, warnings: 0
	module worklib.mult_add_fix8bx16bx4_288:v
		errors: 0, warnings: 0
	module worklib.mult_add_fix8bx16bx4_291:v
		errors: 0, warnings: 0
	module worklib.mult_add_fix8bx16bx4_290:v
		errors: 0, warnings: 0
	module worklib.mult_add_fix8bx16bx4_289:v
		errors: 0, warnings: 0
	module worklib.mult_add_fix8bx16bx4_294:v
		errors: 0, warnings: 0
	module worklib.mult_add_fix8bx16bx4_295:v
		errors: 0, warnings: 0
	module worklib.mult_add_fix8bx16bx4_292:v
		errors: 0, warnings: 0
	module worklib.mult_add_fix8bx16bx4_293:v
		errors: 0, warnings: 0
	module worklib.mult_add_fix8bx16bx4_303:v
		errors: 0, warnings: 0
	module worklib.mult_add_fix8bx16bx4_301:v
		errors: 0, warnings: 0
	module worklib.mult_add_fix8bx16bx4_302:v
		errors: 0, warnings: 0
	module worklib.mult_add_fix8bx16bx4_300:v
		errors: 0, warnings: 0
	module worklib.winograd_f43_output_transform_7:v
		errors: 0, warnings: 0
	module worklib.mult_add_fix8bx16bx4_171:v
		errors: 0, warnings: 0
	module worklib.mult_add_fix8bx16bx4_170:v
		errors: 0, warnings: 0
	module worklib.mult_add_fix8bx16bx4_169:v
		errors: 0, warnings: 0
	module worklib.mult_add_fix8bx16bx4_172:v
		errors: 0, warnings: 0
	module worklib.mult_add_fix8bx16bx4_175:v
		errors: 0, warnings: 0
	module worklib.mult_add_fix8bx16bx4_174:v
		errors: 0, warnings: 0
	module worklib.mult_add_fix8bx16bx4_173:v
		errors: 0, warnings: 0
	module worklib.mult_add_fix8bx16bx4_180:v
		errors: 0, warnings: 0
	module worklib.mult_add_fix8bx16bx4_183:v
		errors: 0, warnings: 0
	module worklib.mult_add_fix8bx16bx4_182:v
		errors: 0, warnings: 0
	module worklib.mult_add_fix8bx16bx4_181:v
		errors: 0, warnings: 0
	module worklib.mult_add_fix8bx16bx4_654:v
		errors: 0, warnings: 0
	module worklib.mult_add_fix8bx16bx4_558:v
		errors: 0, warnings: 0
	module worklib.mult_add_fix8bx16bx4_609:v
		errors: 0, warnings: 0
	module worklib.mult_add_fix8bx16bx4_652:v
		errors: 0, warnings: 0
	module worklib.mult_add_fix8bx16bx4_538:v
		errors: 0, warnings: 0
	module worklib.mult_add_fix8bx16bx4_610:v
		errors: 0, warnings: 0
	module worklib.mult_add_fix8bx16bx4_653:v
		errors: 0, warnings: 0
	module worklib.mult_add_fix8bx16bx4_637:v
		errors: 0, warnings: 0
	module worklib.mult_add_fix8bx16bx4_557:v
		errors: 0, warnings: 0
	module worklib.mult_add_fix8bx16bx4_559:v
		errors: 0, warnings: 0
	module worklib.mult_add_fix8bx16bx4_35:v
		errors: 0, warnings: 0
	module worklib.mult_add_fix8bx16bx4_536:v
		errors: 0, warnings: 0
	module worklib.mult_add_fix8bx16bx4_628:v
		errors: 0, warnings: 0
	module worklib.mult_add_fix8bx16bx4_655:v
		errors: 0, warnings: 0
	module worklib.mult_add_fix8bx16bx4_611:v
		errors: 0, warnings: 0
	module worklib.mult_add_fix8bx16bx4_323:v
		errors: 0, warnings: 0
	module worklib.mult_add_fix8bx16bx4_539:v
		errors: 0, warnings: 0
	module worklib.mult_add_fix8bx16bx4_537:v
		errors: 0, warnings: 0
	module worklib.mult_add_fix8bx16bx4_556:v
		errors: 0, warnings: 0
	module worklib.winograd_f43_output_transform_6:v
		errors: 0, warnings: 0
	module worklib.winograd_f43_output_transform_10:v
		errors: 0, warnings: 0
	module worklib.winograd_f43_output_transform_15:v
		errors: 0, warnings: 0
	module worklib.mult_add_fix8bx16bx4_148:v
		errors: 0, warnings: 0
	module worklib.mult_add_fix8bx16bx4_151:v
		errors: 0, warnings: 0
	module worklib.mult_add_fix8bx16bx4_150:v
		errors: 0, warnings: 0
	module worklib.mult_add_fix8bx16bx4_149:v
		errors: 0, warnings: 0
	module worklib.mult_add_fix8bx16bx4_152:v
		errors: 0, warnings: 0
	module worklib.mult_add_fix8bx16bx4_155:v
		errors: 0, warnings: 0
	module worklib.mult_add_fix8bx16bx4_154:v
		errors: 0, warnings: 0
	module worklib.mult_add_fix8bx16bx4_153:v
		errors: 0, warnings: 0
	module worklib.mult_add_fix8bx16bx4_158:v
		errors: 0, warnings: 0
	module worklib.mult_add_fix8bx16bx4_156:v
		errors: 0, warnings: 0
	module worklib.mult_add_fix8bx16bx4_159:v
		errors: 0, warnings: 0
	module worklib.mult_add_fix8bx16bx4_157:v
		errors: 0, warnings: 0
	module worklib.mult_add_fix8bx16bx4_244:v
		errors: 0, warnings: 0
	module worklib.mult_add_fix8bx16bx4_247:v
		errors: 0, warnings: 0
	module worklib.mult_add_fix8bx16bx4_246:v
		errors: 0, warnings: 0
	module worklib.mult_add_fix8bx16bx4_245:v
		errors: 0, warnings: 0
	module worklib.mult_add_fix8bx16bx4_248:v
		errors: 0, warnings: 0
	module worklib.mult_add_fix8bx16bx4_251:v
		errors: 0, warnings: 0
	module worklib.mult_add_fix8bx16bx4_250:v
		errors: 0, warnings: 0
	module worklib.mult_add_fix8bx16bx4_249:v
		errors: 0, warnings: 0
	module worklib.mult_add_fix8bx16bx4_255:v
		errors: 0, warnings: 0
	module worklib.mult_add_fix8bx16bx4_253:v
		errors: 0, warnings: 0
	module worklib.mult_add_fix8bx16bx4_254:v
		errors: 0, warnings: 0
	module worklib.mult_add_fix8bx16bx4_252:v
		errors: 0, warnings: 0
	module worklib.mult_add_fix8bx16bx4_366:v
		errors: 0, warnings: 0
	module worklib.mult_add_fix8bx16bx4_367:v
		errors: 0, warnings: 0
	module worklib.mult_add_fix8bx16bx4_365:v
		errors: 0, warnings: 0
	module worklib.mult_add_fix8bx16bx4_364:v
		errors: 0, warnings: 0
	module worklib.mult_add_fix8bx16bx4_370:v
		errors: 0, warnings: 0
	module worklib.mult_add_fix8bx16bx4_371:v
		errors: 0, warnings: 0
	module worklib.mult_add_fix8bx16bx4_368:v
		errors: 0, warnings: 0
	module worklib.mult_add_fix8bx16bx4_369:v
		errors: 0, warnings: 0
	module worklib.mult_add_fix8bx16bx4_372:v
		errors: 0, warnings: 0
	module worklib.mult_add_fix8bx16bx4_375:v
		errors: 0, warnings: 0
	module worklib.mult_add_fix8bx16bx4_374:v
		errors: 0, warnings: 0
	module worklib.mult_add_fix8bx16bx4_373:v
		errors: 0, warnings: 0
	module worklib.mult_add_fix8bx16bx4_108:v
		errors: 0, warnings: 0
	module worklib.mult_add_fix8bx16bx4_109:v
		errors: 0, warnings: 0
	module worklib.mult_add_fix8bx16bx4_111:v
		errors: 0, warnings: 0
	module worklib.mult_add_fix8bx16bx4_110:v
		errors: 0, warnings: 0
	module worklib.mult_add_fix8bx16bx4_631:v
		errors: 0, warnings: 0
	module worklib.mult_add_fix8bx16bx4_629:v
		errors: 0, warnings: 0
	module worklib.mult_add_fix8bx16bx4_630:v
		errors: 0, warnings: 0
	module worklib.mult_add_fix8bx16bx4_3:v
		errors: 0, warnings: 0
	module worklib.mult_add_fix8bx16bx4_2:v
		errors: 0, warnings: 0
	module worklib.winograd_f43_output_transform:v
		errors: 0, warnings: 0
	module worklib.mult_add_fix8bx16bx4_6:v
		errors: 0, warnings: 0
	module worklib.mult_add_fix8bx16bx4_4:v
		errors: 0, warnings: 0
	module worklib.mult_add_fix8bx16bx4_7:v
		errors: 0, warnings: 0
	module worklib.mult_add_fix8bx16bx4_5:v
		errors: 0, warnings: 0
	module worklib.mult_add_fix8bx16bx4_8:v
		errors: 0, warnings: 0
	module worklib.mult_add_fix8bx16bx4_11:v
		errors: 0, warnings: 0
	module worklib.mult_add_fix8bx16bx4_10:v
		errors: 0, warnings: 0
	module worklib.mult_add_fix8bx16bx4_9:v
		errors: 0, warnings: 0
	module worklib.mult_add_fix8bx16bx4_14:v
		errors: 0, warnings: 0
	module worklib.mult_add_fix8bx16bx4_15:v
		errors: 0, warnings: 0
	module worklib.mult_add_fix8bx16bx4_12:v
		errors: 0, warnings: 0
	module worklib.mult_add_fix8bx16bx4_13:v
		errors: 0, warnings: 0
	module worklib.mult_add_fix8bx16bx4_357:v
		errors: 0, warnings: 0
	module worklib.mult_add_fix8bx16bx4_213:v
		errors: 0, warnings: 0
	module worklib.mult_add_fix8bx16bx4_358:v
		errors: 0, warnings: 0
	module worklib.mult_add_fix8bx16bx4_118:v
		errors: 0, warnings: 0
	module worklib.mult_add_fix8bx16bx4_22:v
		errors: 0, warnings: 0
	module worklib.mult_add_fix8bx16bx4_694:v
		errors: 0, warnings: 0
	module worklib.mult_add_fix8bx16bx4_598:v
		errors: 0, warnings: 0
	module worklib.mult_add_fix8bx16bx4_574:v
		errors: 0, warnings: 0
	module worklib.mult_add_fix8bx16bx4_572:v
		errors: 0, warnings: 0
	module worklib.mult_add_fix8bx16bx4_356:v
		errors: 0, warnings: 0
	module worklib.mult_add_fix8bx16bx4_214:v
		errors: 0, warnings: 0
	module worklib.mult_add_fix8bx16bx4_94:v
		errors: 0, warnings: 0
	module worklib.mult_add_fix8bx16bx4_20:v
		errors: 0, warnings: 0
	module worklib.mult_add_fix8bx16bx4_596:v
		errors: 0, warnings: 0
	module worklib.mult_add_fix8bx16bx4_215:v
		errors: 0, warnings: 0
	module worklib.mult_add_fix8bx16bx4_620:v
		errors: 0, warnings: 0
	module worklib.winograd_f43_output_transform_16:v
		errors: 0, warnings: 0
	module worklib.mult_add_fix8bx16bx4_404:v
		errors: 0, warnings: 0
	module worklib.mult_add_fix8bx16bx4_407:v
		errors: 0, warnings: 0
	module worklib.mult_add_fix8bx16bx4_406:v
		errors: 0, warnings: 0
	module worklib.mult_add_fix8bx16bx4_405:v
		errors: 0, warnings: 0
	module worklib.mult_add_fix8bx16bx4_68:v
		errors: 0, warnings: 0
	module worklib.mult_add_fix8bx16bx4_71:v
		errors: 0, warnings: 0
	module worklib.mult_add_fix8bx16bx4_70:v
		errors: 0, warnings: 0
	module worklib.mult_add_fix8bx16bx4_164:v
		errors: 0, warnings: 0
	module worklib.mult_add_fix8bx16bx4_167:v
		errors: 0, warnings: 0
	module worklib.mult_add_fix8bx16bx4_166:v
		errors: 0, warnings: 0
	module worklib.mult_add_fix8bx16bx4_165:v
		errors: 0, warnings: 0
	module worklib.mult_add_fix8bx16bx4_284:v
		errors: 0, warnings: 0
	module worklib.mult_add_fix8bx16bx4_287:v
		errors: 0, warnings: 0
	module worklib.mult_add_fix8bx16bx4_286:v
		errors: 0, warnings: 0
	module worklib.mult_add_fix8bx16bx4_285:v
		errors: 0, warnings: 0
	module worklib.mult_add_fix8bx16bx4_332:v
		errors: 0, warnings: 0
	module worklib.mult_add_fix8bx16bx4_335:v
		errors: 0, warnings: 0
	module worklib.mult_add_fix8bx16bx4_334:v
		errors: 0, warnings: 0
	module worklib.mult_add_fix8bx16bx4_548:v
		errors: 0, warnings: 0
	module worklib.mult_add_fix8bx16bx4_549:v
		errors: 0, warnings: 0
	module worklib.mult_add_fix8bx16bx4_550:v
		errors: 0, warnings: 0
	module worklib.mult_add_fix8bx16bx4_644:v
		errors: 0, warnings: 0
	module worklib.mult_add_fix8bx16bx4_647:v
		errors: 0, warnings: 0
	module worklib.mult_add_fix8bx16bx4_645:v
		errors: 0, warnings: 0
	module worklib.mult_add_fix8bx16bx4_668:v
		errors: 0, warnings: 0
	module worklib.mult_add_fix8bx16bx4_670:v
		errors: 0, warnings: 0
	module worklib.mult_add_fix8bx16bx4_669:v
		errors: 0, warnings: 0
	module worklib.mult_add_fix8bx16bx4_311:v
		errors: 0, warnings: 0
	module worklib.mult_add_fix8bx16bx4_309:v
		errors: 0, warnings: 0
	module worklib.mult_add_fix8bx16bx4_310:v
		errors: 0, warnings: 0
	module worklib.mult_add_fix8bx16bx4_188:v
		errors: 0, warnings: 0
	module worklib.mult_add_fix8bx16bx4_191:v
		errors: 0, warnings: 0
	module worklib.mult_add_fix8bx16bx4_189:v
		errors: 0, warnings: 0
	module worklib.mult_add_fix8bx16bx4_190:v
		errors: 0, warnings: 0
	module worklib.mult_add_fix8bx16bx4_236:v
		errors: 0, warnings: 0
	module worklib.mult_add_fix8bx16bx4_238:v
		errors: 0, warnings: 0
	module worklib.mult_add_fix8bx16bx4_237:v
		errors: 0, warnings: 0
	module worklib.mult_add_fix8bx16bx4_308:v
		errors: 0, warnings: 0
	module worklib.mult_add_fix8bx16bx4_524:v
		errors: 0, warnings: 0
	module worklib.mult_add_fix8bx16bx4_525:v
		errors: 0, warnings: 0
	module worklib.mult_add_fix8bx16bx4_527:v
		errors: 0, warnings: 0
	module worklib.mult_add_fix8bx16bx4_526:v
		errors: 0, warnings: 0
	module worklib.mult_add_fix8bx16bx4_140:v
		errors: 0, warnings: 0
	module worklib.mult_add_fix8bx16bx4_142:v
		errors: 0, warnings: 0
	module worklib.mult_add_fix8bx16bx4_141:v
		errors: 0, warnings: 0
	module worklib.mult_add_fix8bx16bx4_260:v
		errors: 0, warnings: 0
	module worklib.mult_add_fix8bx16bx4_263:v
		errors: 0, warnings: 0
	module worklib.mult_add_fix8bx16bx4_262:v
		errors: 0, warnings: 0
	module worklib.mult_add_fix8bx16bx4_380:v
		errors: 0, warnings: 0
	module worklib.mult_add_fix8bx16bx4_381:v
		errors: 0, warnings: 0
	module worklib.mult_add_fix8bx16bx4_383:v
		errors: 0, warnings: 0
	module worklib.mult_add_fix8bx16bx4_382:v
		errors: 0, warnings: 0
	module worklib.mult_add_fix8bx16bx4_428:v
		errors: 0, warnings: 0
	module worklib.mult_add_fix8bx16bx4_431:v
		errors: 0, warnings: 0
	module worklib.mult_add_fix8bx16bx4_429:v
		errors: 0, warnings: 0
	module worklib.mult_add_fix8bx16bx4_430:v
		errors: 0, warnings: 0
	module worklib.mult_add_fix8bx16bx4_477:v
		errors: 0, warnings: 0
	module worklib.mult_add_fix8bx16bx4_476:v
		errors: 0, warnings: 0
	module worklib.mult_add_fix8bx16bx4_479:v
		errors: 0, warnings: 0
	module worklib.mult_add_fix8bx16bx4_478:v
		errors: 0, warnings: 0
	module worklib.mult_add_fix8bx16bx4_500:v
		errors: 0, warnings: 0
	module worklib.mult_add_fix8bx16bx4_503:v
		errors: 0, warnings: 0
	module worklib.mult_add_fix8bx16bx4_502:v
		errors: 0, warnings: 0
	module worklib.mult_add_fix8bx16bx4_501:v
		errors: 0, warnings: 0
	module worklib.mult_add_fix8bx16bx4_577:v
		errors: 0, warnings: 0
	module worklib.mult_add_fix8bx16bx4_579:v
		errors: 0, warnings: 0
	module worklib.mult_add_fix8bx16bx4_201:v
		errors: 0, warnings: 0
	module worklib.mult_add_fix8bx16bx4_608:v
		errors: 0, warnings: 0
	module worklib.mult_add_fix8bx16bx4_626:v
		errors: 0, warnings: 0
	module worklib.mult_add_fix8bx16bx4_351:v
		errors: 0, warnings: 0
	module worklib.mult_add_fix8bx16bx4_576:v
		errors: 0, warnings: 0
	module worklib.mult_add_fix8bx16bx4_202:v
		errors: 0, warnings: 0
	module worklib.mult_add_fix8bx16bx4_515:v
		errors: 0, warnings: 0
	module worklib.mult_add_fix8bx16bx4_328:v
		errors: 0, warnings: 0
	module worklib.mult_add_fix8bx16bx4_320:v
		errors: 0, warnings: 0
	module worklib.mult_add_fix8bx16bx4_203:v
		errors: 0, warnings: 0
	module worklib.mult_add_fix8bx16bx4_512:v
		errors: 0, warnings: 0
	module worklib.mult_add_fix8bx16bx4_448:v
		errors: 0, warnings: 0
	module worklib.mult_add_fix8bx16bx4_200:v
		errors: 0, warnings: 0
	module worklib.winograd_f43_output_transform_23:v
		errors: 0, warnings: 0
	module worklib.winograd_f43_output_transform_26:v
		errors: 0, warnings: 0
	module worklib.mult_add_fix8bx16bx4_552:v
		errors: 0, warnings: 0
	module worklib.mult_add_fix8bx16bx4_555:v
		errors: 0, warnings: 0
	module worklib.mult_add_fix8bx16bx4_553:v
		errors: 0, warnings: 0
	module worklib.mult_add_fix8bx16bx4_563:v
		errors: 0, warnings: 0
	module worklib.mult_add_fix8bx16bx4_561:v
		errors: 0, warnings: 0
	module worklib.mult_add_fix8bx16bx4_562:v
		errors: 0, warnings: 0
	module worklib.mult_add_fix8bx16bx4_560:v
		errors: 0, warnings: 0
	module worklib.mult_add_fix8bx16bx4_568:v
		errors: 0, warnings: 0
	module worklib.mult_add_fix8bx16bx4_571:v
		errors: 0, warnings: 0
	module worklib.mult_add_fix8bx16bx4_570:v
		errors: 0, warnings: 0
	module worklib.mult_add_fix8bx16bx4_569:v
		errors: 0, warnings: 0
	module worklib.mult_add_fix8bx16bx4_632:v
		errors: 0, warnings: 0
	module worklib.mult_add_fix8bx16bx4_635:v
		errors: 0, warnings: 0
	module worklib.mult_add_fix8bx16bx4_634:v
		errors: 0, warnings: 0
	module worklib.mult_add_fix8bx16bx4_633:v
		errors: 0, warnings: 0
	module worklib.mult_add_fix8bx16bx4_639:v
		errors: 0, warnings: 0
	module worklib.mult_add_fix8bx16bx4_640:v
		errors: 0, warnings: 0
	module worklib.mult_add_fix8bx16bx4_643:v
		errors: 0, warnings: 0
	module worklib.mult_add_fix8bx16bx4_642:v
		errors: 0, warnings: 0
	module worklib.mult_add_fix8bx16bx4_641:v
		errors: 0, warnings: 0
	module worklib.mult_add_fix8bx16bx4_91:v
		errors: 0, warnings: 0
	module worklib.mult_add_fix8bx16bx4_89:v
		errors: 0, warnings: 0
	module worklib.mult_add_fix8bx16bx4_90:v
		errors: 0, warnings: 0
	module worklib.mult_add_fix8bx16bx4_88:v
		errors: 0, warnings: 0
	module worklib.mult_add_fix8bx16bx4_64:v
		errors: 0, warnings: 0
	module worklib.mult_add_fix8bx16bx4_67:v
		errors: 0, warnings: 0
	module worklib.mult_add_fix8bx16bx4_66:v
		errors: 0, warnings: 0
	module worklib.mult_add_fix8bx16bx4_65:v
		errors: 0, warnings: 0
	module worklib.mult_add_fix8bx16bx4_160:v
		errors: 0, warnings: 0
	module worklib.mult_add_fix8bx16bx4_161:v
		errors: 0, warnings: 0
	module worklib.mult_add_fix8bx16bx4_163:v
		errors: 0, warnings: 0
	module worklib.mult_add_fix8bx16bx4_162:v
		errors: 0, warnings: 0
	module worklib.mult_add_fix8bx16bx4_256:v
		errors: 0, warnings: 0
	module worklib.mult_add_fix8bx16bx4_259:v
		errors: 0, warnings: 0
	module worklib.mult_add_fix8bx16bx4_258:v
		errors: 0, warnings: 0
	module worklib.mult_add_fix8bx16bx4_257:v
		errors: 0, warnings: 0
	module worklib.mult_add_fix8bx16bx4_208:v
		errors: 0, warnings: 0
	module worklib.mult_add_fix8bx16bx4_211:v
		errors: 0, warnings: 0
	module worklib.mult_add_fix8bx16bx4_210:v
		errors: 0, warnings: 0
	module worklib.mult_add_fix8bx16bx4_209:v
		errors: 0, warnings: 0
	module worklib.winograd_f43_output_transform_24:v
		errors: 0, warnings: 0
	module worklib.mult_add_fix8bx16bx4_587:v
		errors: 0, warnings: 0
	module worklib.mult_add_fix8bx16bx4_585:v
		errors: 0, warnings: 0
	module worklib.mult_add_fix8bx16bx4_586:v
		errors: 0, warnings: 0
	module worklib.mult_add_fix8bx16bx4_584:v
		errors: 0, warnings: 0
	module worklib.mult_add_fix8bx16bx4_591:v
		errors: 0, warnings: 0
	module worklib.winograd_f43_output_transform_14:v
		errors: 0, warnings: 0
	module worklib.mult_add_fix8bx16bx4_336:v
		errors: 0, warnings: 0
	module worklib.mult_add_fix8bx16bx4_339:v
		errors: 0, warnings: 0
	module worklib.mult_add_fix8bx16bx4_338:v
		errors: 0, warnings: 0
	module worklib.mult_add_fix8bx16bx4_337:v
		errors: 0, warnings: 0
	module worklib.mult_add_fix8bx16bx4_346:v
		errors: 0, warnings: 0
	module worklib.mult_add_fix8bx16bx4_344:v
		errors: 0, warnings: 0
	module worklib.mult_add_fix8bx16bx4_347:v
		errors: 0, warnings: 0
	module worklib.mult_add_fix8bx16bx4_345:v
		errors: 0, warnings: 0
	module worklib.mult_add_fix8bx16bx4_352:v
		errors: 0, warnings: 0
	module worklib.mult_add_fix8bx16bx4_355:v
		errors: 0, warnings: 0
	module worklib.mult_add_fix8bx16bx4_354:v
		errors: 0, warnings: 0
	module worklib.mult_add_fix8bx16bx4_353:v
		errors: 0, warnings: 0
	module worklib.mult_add_fix8bx16bx4_378:v
		errors: 0, warnings: 0
	module worklib.mult_add_fix8bx16bx4_376:v
		errors: 0, warnings: 0
	module worklib.mult_add_fix8bx16bx4_379:v
		errors: 0, warnings: 0
	module worklib.mult_add_fix8bx16bx4_377:v
		errors: 0, warnings: 0
	module worklib.mult_add_fix8bx16bx4_625:v
		errors: 0, warnings: 0
	module worklib.mult_add_fix8bx16bx4_265:v
		errors: 0, warnings: 0
	module worklib.mult_add_fix8bx16bx4_627:v
		errors: 0, warnings: 0
	module worklib.mult_add_fix8bx16bx4_657:v
		errors: 0, warnings: 0
	module worklib.mult_add_fix8bx16bx4_680:v
		errors: 0, warnings: 0
	module worklib.mult_add_fix8bx16bx4_656:v
		errors: 0, warnings: 0
	module worklib.mult_add_fix8bx16bx4_658:v
		errors: 0, warnings: 0
	module worklib.mult_add_fix8bx16bx4_659:v
		errors: 0, warnings: 0
	module worklib.mult_add_fix8bx16bx4_624:v
		errors: 0, warnings: 0
	module worklib.mult_add_fix8bx16bx4_268:v
		errors: 0, warnings: 0
	module worklib.mult_add_fix8bx16bx4_724:v
		errors: 0, warnings: 0
	module worklib.mult_add_fix8bx16bx4_463:v
		errors: 0, warnings: 0
	module worklib.mult_add_fix8bx16bx4_460:v
		errors: 0, warnings: 0
	module worklib.winograd_f43_output_transform_19:v
		errors: 0, warnings: 0
	module worklib.mult_add_fix8bx16bx4_459:v
		errors: 0, warnings: 0
	module worklib.mult_add_fix8bx16bx4_457:v
		errors: 0, warnings: 0
	module worklib.mult_add_fix8bx16bx4_456:v
		errors: 0, warnings: 0
	module worklib.mult_add_fix8bx16bx4_464:v
		errors: 0, warnings: 0
	module worklib.mult_add_fix8bx16bx4_466:v
		errors: 0, warnings: 0
	module worklib.mult_add_fix8bx16bx4_467:v
		errors: 0, warnings: 0
	module worklib.mult_add_fix8bx16bx4_465:v
		errors: 0, warnings: 0
	module worklib.mult_add_fix8bx16bx4_471:v
		errors: 0, warnings: 0
	module worklib.mult_add_fix8bx16bx4_470:v
		errors: 0, warnings: 0
	module worklib.mult_add_fix8bx16bx4_469:v
		errors: 0, warnings: 0
	module worklib.mult_add_fix8bx16bx4_735:v
		errors: 0, warnings: 0
	module worklib.mult_add_fix8bx16bx4_734:v
		errors: 0, warnings: 0
	module worklib.mult_add_fix8bx16bx4_733:v
		errors: 0, warnings: 0
	module worklib.winograd_f43_output_transform_30:v
		errors: 0, warnings: 0
	module worklib.mult_add_fix8bx16bx4_720:v
		errors: 0, warnings: 0
	module worklib.mult_add_fix8bx16bx4_723:v
		errors: 0, warnings: 0
	module worklib.mult_add_fix8bx16bx4_722:v
		errors: 0, warnings: 0
	module worklib.mult_add_fix8bx16bx4_721:v
		errors: 0, warnings: 0
	module worklib.mult_add_fix8bx16bx4_728:v
		errors: 0, warnings: 0
	module worklib.mult_add_fix8bx16bx4_731:v
		errors: 0, warnings: 0
	module worklib.mult_add_fix8bx16bx4_730:v
		errors: 0, warnings: 0
	module worklib.mult_add_fix8bx16bx4_729:v
		errors: 0, warnings: 0
	module worklib.winograd_f43_output_transform_5:v
		errors: 0, warnings: 0
	module worklib.mult_add_fix8bx16bx4_131:v
		errors: 0, warnings: 0
	module worklib.mult_add_fix8bx16bx4_129:v
		errors: 0, warnings: 0
	module worklib.mult_add_fix8bx16bx4_130:v
		errors: 0, warnings: 0
	module worklib.mult_add_fix8bx16bx4_128:v
		errors: 0, warnings: 0
	module worklib.mult_add_fix8bx16bx4_135:v
		errors: 0, warnings: 0
	module worklib.mult_add_fix8bx16bx4_134:v
		errors: 0, warnings: 0
	module worklib.mult_add_fix8bx16bx4_133:v
		errors: 0, warnings: 0
	module worklib.mult_add_fix8bx16bx4_33:v
		errors: 0, warnings: 0
	module worklib.mult_add_fix8bx16bx4_34:v
		errors: 0, warnings: 0
	module worklib.mult_add_fix8bx16bx4_32:v
		errors: 0, warnings: 0
	module worklib.winograd_f43_output_transform_1:v
		errors: 0, warnings: 0
	module worklib.mult_add_fix8bx16bx4_24:v
		errors: 0, warnings: 0
	module worklib.mult_add_fix8bx16bx4_27:v
		errors: 0, warnings: 0
	module worklib.mult_add_fix8bx16bx4_25:v
		errors: 0, warnings: 0
	module worklib.mult_add_fix8bx16bx4_28:v
		errors: 0, warnings: 0
	module worklib.mult_add_fix8bx16bx4_31:v
		errors: 0, warnings: 0
	module worklib.mult_add_fix8bx16bx4_39:v
		errors: 0, warnings: 0
	module worklib.mult_add_fix8bx16bx4_37:v
		errors: 0, warnings: 0
	module worklib.mult_add_fix8bx16bx4_38:v
		errors: 0, warnings: 0
	module worklib.winograd_f43_output_transform_18:v
		errors: 0, warnings: 0
	module worklib.mult_add_fix8bx16bx4_433:v
		errors: 0, warnings: 0
	module worklib.mult_add_fix8bx16bx4_436:v
		errors: 0, warnings: 0
	module worklib.mult_add_fix8bx16bx4_443:v
		errors: 0, warnings: 0
	module worklib.mult_add_fix8bx16bx4_441:v
		errors: 0, warnings: 0
	module worklib.mult_add_fix8bx16bx4_442:v
		errors: 0, warnings: 0
	module worklib.mult_add_fix8bx16bx4_440:v
		errors: 0, warnings: 0
	module worklib.mult_add_fix8bx16bx4_447:v
		errors: 0, warnings: 0
	module worklib.mult_add_fix8bx16bx4_445:v
		errors: 0, warnings: 0
	module worklib.mult_add_fix8bx16bx4_446:v
		errors: 0, warnings: 0
	module worklib.winograd_f43_output_transform_11:v
		errors: 0, warnings: 0
	module worklib.mult_add_fix8bx16bx4_264:v
		errors: 0, warnings: 0
	module worklib.mult_add_fix8bx16bx4_272:v
		errors: 0, warnings: 0
	module worklib.mult_add_fix8bx16bx4_275:v
		errors: 0, warnings: 0
	module worklib.mult_add_fix8bx16bx4_274:v
		errors: 0, warnings: 0
	module worklib.mult_add_fix8bx16bx4_273:v
		errors: 0, warnings: 0
	module worklib.mult_add_fix8bx16bx4_279:v
		errors: 0, warnings: 0
	module worklib.mult_add_fix8bx16bx4_278:v
		errors: 0, warnings: 0
	module worklib.mult_add_fix8bx16bx4_277:v
		errors: 0, warnings: 0
	module worklib.mult_add_fix8bx16bx4_682:v
		errors: 0, warnings: 0
	module worklib.mult_add_fix8bx16bx4_683:v
		errors: 0, warnings: 0
	module worklib.mult_add_fix8bx16bx4_681:v
		errors: 0, warnings: 0
	module worklib.mult_add_fix8bx16bx4_409:v
		errors: 0, warnings: 0
	module worklib.mult_add_fix8bx16bx4_241:v
		errors: 0, warnings: 0
	module worklib.mult_add_fix8bx16bx4_435:v
		errors: 0, warnings: 0
	module worklib.mult_add_fix8bx16bx4_411:v
		errors: 0, warnings: 0
	module worklib.mult_add_fix8bx16bx4_243:v
		errors: 0, warnings: 0
	module worklib.mult_add_fix8bx16bx4_588:v
		errors: 0, warnings: 0
	module worklib.mult_add_fix8bx16bx4_192:v
		errors: 0, warnings: 0
	module worklib.mult_add_fix8bx16bx4:v
		errors: 0, warnings: 0
	module worklib.mult_add_fix8bx16bx4_589:v
		errors: 0, warnings: 0
	module worklib.mult_add_fix8bx16bx4_434:v
		errors: 0, warnings: 0
	module worklib.mult_add_fix8bx16bx4_410:v
		errors: 0, warnings: 0
	module worklib.mult_add_fix8bx16bx4_242:v
		errors: 0, warnings: 0
	module worklib.mult_add_fix8bx16bx4_408:v
		errors: 0, warnings: 0
	module worklib.mult_add_fix8bx16bx4_240:v
		errors: 0, warnings: 0
	module worklib.mult_add_fix8bx16bx4_613:v
		errors: 0, warnings: 0
	module worklib.mult_add_fix8bx16bx4_229:v
		errors: 0, warnings: 0
	module worklib.mult_add_fix8bx16bx4_732:v
		errors: 0, warnings: 0
	module worklib.mult_add_fix8bx16bx4_612:v
		errors: 0, warnings: 0
	module worklib.mult_add_fix8bx16bx4_564:v
		errors: 0, warnings: 0
	module worklib.mult_add_fix8bx16bx4_276:v
		errors: 0, warnings: 0
	module worklib.mult_add_fix8bx16bx4_228:v
		errors: 0, warnings: 0
	module worklib.mult_add_fix8bx16bx4_468:v
		errors: 0, warnings: 0
	module worklib.mult_add_fix8bx16bx4_132:v
		errors: 0, warnings: 0
	module worklib.mult_add_fix8bx16bx4_36:v
		errors: 0, warnings: 0
	module worklib.mult_add_fix8bx16bx4_449:v
		errors: 0, warnings: 0
	module worklib.mult_add_fix8bx16bx4_451:v
		errors: 0, warnings: 0
	module worklib.mult_add_fix8bx16bx4_450:v
		errors: 0, warnings: 0
	module worklib.mult_add_fix8bx16bx4_497:v
		errors: 0, warnings: 0
	module worklib.mult_add_fix8bx16bx4_499:v
		errors: 0, warnings: 0
	module worklib.mult_add_fix8bx16bx4_498:v
		errors: 0, warnings: 0
	module worklib.mult_add_fix8bx16bx4_123:v
		errors: 0, warnings: 0
	module worklib.mult_add_fix8bx16bx4_121:v
		errors: 0, warnings: 0
	module worklib.mult_add_fix8bx16bx4_283:v
		errors: 0, warnings: 0
	module worklib.mult_add_fix8bx16bx4_282:v
		errors: 0, warnings: 0
	module worklib.mult_add_fix8bx16bx4_281:v
		errors: 0, warnings: 0
	module worklib.mult_add_fix8bx16bx4_543:v
		errors: 0, warnings: 0
	module worklib.mult_add_fix8bx16bx4_541:v
		errors: 0, warnings: 0
	module worklib.mult_add_fix8bx16bx4_542:v
		errors: 0, warnings: 0
	module worklib.mult_add_fix8bx16bx4_231:v
		errors: 0, warnings: 0
	module worklib.mult_add_fix8bx16bx4_230:v
		errors: 0, warnings: 0
	module worklib.mult_add_fix8bx16bx4_567:v
		errors: 0, warnings: 0
	module worklib.mult_add_fix8bx16bx4_566:v
		errors: 0, warnings: 0
	module worklib.mult_add_fix8bx16bx4_565:v
		errors: 0, warnings: 0
	module worklib.mult_add_fix8bx16bx4_615:v
		errors: 0, warnings: 0
	module worklib.mult_add_fix8bx16bx4_614:v
		errors: 0, warnings: 0
	module worklib.winograd_f43_output_transform_20:v
		errors: 0, warnings: 0
	module worklib.mult_add_fix8bx16bx4_480:v
		errors: 0, warnings: 0
	module worklib.mult_add_fix8bx16bx4_483:v
		errors: 0, warnings: 0
	module worklib.mult_add_fix8bx16bx4_481:v
		errors: 0, warnings: 0
	module worklib.mult_add_fix8bx16bx4_495:v
		errors: 0, warnings: 0
	module worklib.mult_add_fix8bx16bx4_493:v
		errors: 0, warnings: 0
	module worklib.mult_add_fix8bx16bx4_494:v
		errors: 0, warnings: 0
	module worklib.mult_add_fix8bx16bx4_492:v
		errors: 0, warnings: 0
	module worklib.winograd_f43_output_transform_13:v
		errors: 0, warnings: 0
	module worklib.mult_add_fix8bx16bx4_312:v
		errors: 0, warnings: 0
	module worklib.mult_add_fix8bx16bx4_315:v
		errors: 0, warnings: 0
	module worklib.mult_add_fix8bx16bx4_314:v
		errors: 0, warnings: 0
	module worklib.mult_add_fix8bx16bx4_313:v
		errors: 0, warnings: 0
	module worklib.mult_add_fix8bx16bx4_326:v
		errors: 0, warnings: 0
	module worklib.mult_add_fix8bx16bx4_327:v
		errors: 0, warnings: 0
	module worklib.mult_add_fix8bx16bx4_325:v
		errors: 0, warnings: 0
	module worklib.mult_add_fix8bx16bx4_324:v
		errors: 0, warnings: 0
	module worklib.mult_add_fix8bx16bx4_331:v
		errors: 0, warnings: 0
	module worklib.mult_add_fix8bx16bx4_330:v
		errors: 0, warnings: 0
	module worklib.mult_add_fix8bx16bx4_329:v
		errors: 0, warnings: 0
	module worklib.winograd_f43_output_transform_27:v
		errors: 0, warnings: 0
	module worklib.mult_add_fix8bx16bx4_648:v
		errors: 0, warnings: 0
	module worklib.mult_add_fix8bx16bx4_651:v
		errors: 0, warnings: 0
	module worklib.mult_add_fix8bx16bx4_650:v
		errors: 0, warnings: 0
	module worklib.mult_add_fix8bx16bx4_649:v
		errors: 0, warnings: 0
	module worklib.mult_add_fix8bx16bx4_663:v
		errors: 0, warnings: 0
	module worklib.mult_add_fix8bx16bx4_661:v
		errors: 0, warnings: 0
	module worklib.mult_add_fix8bx16bx4_662:v
		errors: 0, warnings: 0
	module worklib.mult_add_fix8bx16bx4_660:v
		errors: 0, warnings: 0
	module worklib.mult_add_fix8bx16bx4_666:v
		errors: 0, warnings: 0
	module worklib.mult_add_fix8bx16bx4_667:v
		errors: 0, warnings: 0
	module worklib.mult_add_fix8bx16bx4_665:v
		errors: 0, warnings: 0
	module worklib.mult_add_fix8bx16bx4_120:v
		errors: 0, warnings: 0
	module worklib.mult_add_fix8bx16bx4_540:v
		errors: 0, warnings: 0
	module worklib.mult_add_fix8bx16bx4_1:v
		errors: 0, warnings: 0
	module worklib.mult_add_fix8bx16bx4_675:v
		errors: 0, warnings: 0
	module worklib.mult_add_fix8bx16bx4_664:v
		errors: 0, warnings: 0
	module worklib.mult_add_fix8bx16bx4_396:v
		errors: 0, warnings: 0
	module worklib.mult_add_fix8bx16bx4_398:v
		errors: 0, warnings: 0
	module worklib.mult_add_fix8bx16bx4_397:v
		errors: 0, warnings: 0
	module worklib.mult_add_fix8bx16bx4_349:v
		errors: 0, warnings: 0
	module worklib.mult_add_fix8bx16bx4_738:v
		errors: 0, warnings: 0
	module worklib.mult_add_fix8bx16bx4_590:v
		errors: 0, warnings: 0
	module worklib.mult_add_fix8bx16bx4_87:v
		errors: 0, warnings: 0
	module worklib.mult_add_fix8bx16bx4_84:v
		errors: 0, warnings: 0
	module worklib.mult_add_fix8bx16bx4_638:v
		errors: 0, warnings: 0
	module worklib.mult_add_fix8bx16bx4_86:v
		errors: 0, warnings: 0
	module worklib.mult_add_fix8bx16bx4_30:v
		errors: 0, warnings: 0
	module worklib.mult_add_fix8bx16bx4_726:v
		errors: 0, warnings: 0
	module worklib.mult_add_fix8bx16bx4_350:v
		errors: 0, warnings: 0
	module worklib.mult_add_fix8bx16bx4_85:v
		errors: 0, warnings: 0
	module worklib.mult_add_fix8bx16bx4_737:v
		errors: 0, warnings: 0
	module worklib.mult_add_fix8bx16bx4_444:v
		errors: 0, warnings: 0
	module worklib.mult_add_fix8bx16bx4_736:v
		errors: 0, warnings: 0
	module worklib.mult_add_fix8bx16bx4_280:v
		errors: 0, warnings: 0
	module worklib.mult_add_fix8bx16bx4_727:v
		errors: 0, warnings: 0
	module worklib.mult_add_fix8bx16bx4_399:v
		errors: 0, warnings: 0
	module worklib.mult_add_fix8bx16bx4_739:v
		errors: 0, warnings: 0
	module worklib.mult_add_fix8bx16bx4_636:v
		errors: 0, warnings: 0
	module worklib.mult_add_fix8bx16bx4_496:v
		errors: 0, warnings: 0
	module worklib.mult_add_fix8bx16bx4_348:v
		errors: 0, warnings: 0
	module worklib.mult_add_fix8bx16bx4_60:v
		errors: 0, warnings: 0
	module worklib.mult_add_fix8bx16bx4_63:v
		errors: 0, warnings: 0
	module worklib.mult_add_fix8bx16bx4_62:v
		errors: 0, warnings: 0
	module worklib.mult_add_fix8bx16bx4_61:v
		errors: 0, warnings: 0
	module worklib.mult_add_fix8bx16bx4_400:v
		errors: 0, warnings: 0
	module worklib.mult_add_fix8bx16bx4_403:v
		errors: 0, warnings: 0
	module worklib.mult_add_fix8bx16bx4_402:v
		errors: 0, warnings: 0
	module worklib.mult_add_fix8bx16bx4_401:v
		errors: 0, warnings: 0
	module worklib.mult_add_fix8bx16bx4_232:v
		errors: 0, warnings: 0
	module worklib.mult_add_fix8bx16bx4_233:v
		errors: 0, warnings: 0
	module worklib.mult_add_fix8bx16bx4_235:v
		errors: 0, warnings: 0
	module worklib.mult_add_fix8bx16bx4_234:v
		errors: 0, warnings: 0
	module worklib.winograd_f43_output_transform_29:v
		errors: 0, warnings: 0
	module worklib.mult_add_fix8bx16bx4_696:v
		errors: 0, warnings: 0
	module worklib.mult_add_fix8bx16bx4_699:v
		errors: 0, warnings: 0
	module worklib.mult_add_fix8bx16bx4_697:v
		errors: 0, warnings: 0
	module worklib.mult_add_fix8bx16bx4_698:v
		errors: 0, warnings: 0
	module worklib.mult_add_fix8bx16bx4_703:v
		errors: 0, warnings: 0
	module worklib.mult_add_fix8bx16bx4_702:v
		errors: 0, warnings: 0
	module worklib.mult_add_fix8bx16bx4_710:v
		errors: 0, warnings: 0
	module worklib.mult_add_fix8bx16bx4_711:v
		errors: 0, warnings: 0
	module worklib.mult_add_fix8bx16bx4_708:v
		errors: 0, warnings: 0
	module worklib.mult_add_fix8bx16bx4_709:v
		errors: 0, warnings: 0
	module worklib.mult_add_fix8bx16bx4_714:v
		errors: 0, warnings: 0
	module worklib.mult_add_fix8bx16bx4_715:v
		errors: 0, warnings: 0
	module worklib.mult_add_fix8bx16bx4_712:v
		errors: 0, warnings: 0
	module worklib.mult_add_fix8bx16bx4_713:v
		errors: 0, warnings: 0
	module worklib.mult_add_fix8bx16bx4_198:v
		errors: 0, warnings: 0
	module worklib.mult_add_fix8bx16bx4_199:v
		errors: 0, warnings: 0
	module worklib.winograd_f43_output_transform_8:v
		errors: 0, warnings: 0
	module worklib.mult_add_fix8bx16bx4_195:v
		errors: 0, warnings: 0
	module worklib.mult_add_fix8bx16bx4_193:v
		errors: 0, warnings: 0
	module worklib.mult_add_fix8bx16bx4_194:v
		errors: 0, warnings: 0
	module worklib.mult_add_fix8bx16bx4_206:v
		errors: 0, warnings: 0
	module worklib.mult_add_fix8bx16bx4_207:v
		errors: 0, warnings: 0
	module worklib.mult_add_fix8bx16bx4_204:v
		errors: 0, warnings: 0
	module worklib.mult_add_fix8bx16bx4_205:v
		errors: 0, warnings: 0
	module worklib.winograd_f43_output_transform_22:v
		errors: 0, warnings: 0
	module worklib.mult_add_fix8bx16bx4_528:v
		errors: 0, warnings: 0
	module worklib.mult_add_fix8bx16bx4_531:v
		errors: 0, warnings: 0
	module worklib.mult_add_fix8bx16bx4_529:v
		errors: 0, warnings: 0
	module worklib.mult_add_fix8bx16bx4_535:v
		errors: 0, warnings: 0
	module worklib.mult_add_fix8bx16bx4_534:v
		errors: 0, warnings: 0
	module worklib.mult_add_fix8bx16bx4_546:v
		errors: 0, warnings: 0
	module worklib.mult_add_fix8bx16bx4_547:v
		errors: 0, warnings: 0
	module worklib.mult_add_fix8bx16bx4_544:v
		errors: 0, warnings: 0
	module worklib.mult_add_fix8bx16bx4_545:v
		errors: 0, warnings: 0
	module worklib.mult_add_fix8bx16bx4_592:v
		errors: 0, warnings: 0
	module worklib.mult_add_fix8bx16bx4_595:v
		errors: 0, warnings: 0
	module worklib.mult_add_fix8bx16bx4_594:v
		errors: 0, warnings: 0
	module worklib.mult_add_fix8bx16bx4_593:v
		errors: 0, warnings: 0
	module worklib.mult_add_fix8bx16bx4_601:v
		errors: 0, warnings: 0
	module worklib.mult_add_fix8bx16bx4_385:v
		errors: 0, warnings: 0
	module worklib.mult_add_fix8bx16bx4_603:v
		errors: 0, warnings: 0
	module worklib.mult_add_fix8bx16bx4_267:v
		errors: 0, warnings: 0
	module worklib.mult_add_fix8bx16bx4_177:v
		errors: 0, warnings: 0
	module worklib.mult_add_fix8bx16bx4_600:v
		errors: 0, warnings: 0
	module worklib.mult_add_fix8bx16bx4_488:v
		errors: 0, warnings: 0
	module worklib.mult_add_fix8bx16bx4_432:v
		errors: 0, warnings: 0
	module worklib.mult_add_fix8bx16bx4_392:v
		errors: 0, warnings: 0
	module worklib.mult_add_fix8bx16bx4_384:v
		errors: 0, warnings: 0
	module worklib.mult_add_fix8bx16bx4_168:v
		errors: 0, warnings: 0
	module worklib.mult_add_fix8bx16bx4_104:v
		errors: 0, warnings: 0
	module worklib.mult_add_fix8bx16bx4_706:v
		errors: 0, warnings: 0
	module worklib.mult_add_fix8bx16bx4_394:v
		errors: 0, warnings: 0
	module worklib.mult_add_fix8bx16bx4_106:v
		errors: 0, warnings: 0
	module worklib.mult_add_fix8bx16bx4_705:v
		errors: 0, warnings: 0
	module worklib.mult_add_fix8bx16bx4_417:v
		errors: 0, warnings: 0
	module worklib.mult_add_fix8bx16bx4_393:v
		errors: 0, warnings: 0
	module worklib.mult_add_fix8bx16bx4_602:v
		errors: 0, warnings: 0
	module worklib.mult_add_fix8bx16bx4_266:v
		errors: 0, warnings: 0
	module worklib.mult_add_fix8bx16bx4_491:v
		errors: 0, warnings: 0
	module worklib.mult_add_fix8bx16bx4_704:v
		errors: 0, warnings: 0
	module worklib.mult_add_fix8bx16bx4_490:v
		errors: 0, warnings: 0
	module worklib.mult_add_fix8bx16bx4_418:v
		errors: 0, warnings: 0
	module worklib.mult_add_fix8bx16bx4_489:v
		errors: 0, warnings: 0
	module worklib.mult_add_fix8bx16bx4_179:v
		errors: 0, warnings: 0
	module worklib.mult_add_fix8bx16bx4_416:v
		errors: 0, warnings: 0
	module worklib.mult_add_fix8bx16bx4_296:v
		errors: 0, warnings: 0
	module worklib.mult_add_fix8bx16bx4_176:v
		errors: 0, warnings: 0
	module worklib.mult_add_fix8bx16bx4_707:v
		errors: 0, warnings: 0
	module worklib.mult_add_fix8bx16bx4_419:v
		errors: 0, warnings: 0
	module worklib.mult_add_fix8bx16bx4_395:v
		errors: 0, warnings: 0
	module worklib.mult_add_fix8bx16bx4_299:v
		errors: 0, warnings: 0
	module worklib.mult_add_fix8bx16bx4_107:v
		errors: 0, warnings: 0
	module worklib.mult_add_fix8bx16bx4_105:v
		errors: 0, warnings: 0
	module worklib.winograd_f43_output_transform_2:v
		errors: 0, warnings: 0
	module worklib.mult_add_fix8bx16bx4_48:v
		errors: 0, warnings: 0
	module worklib.mult_add_fix8bx16bx4_51:v
		errors: 0, warnings: 0
	module worklib.mult_add_fix8bx16bx4_49:v
		errors: 0, warnings: 0
	module worklib.mult_add_fix8bx16bx4_50:v
		errors: 0, warnings: 0
	module worklib.mult_add_fix8bx16bx4_59:v
		errors: 0, warnings: 0
	module worklib.mult_add_fix8bx16bx4_57:v
		errors: 0, warnings: 0
	module worklib.mult_add_fix8bx16bx4_58:v
		errors: 0, warnings: 0
	module worklib.mult_add_fix8bx16bx4_56:v
		errors: 0, warnings: 0
	module worklib.winograd_f43_output_transform_3:v
		errors: 0, warnings: 0
	module worklib.mult_add_fix8bx16bx4_75:v
		errors: 0, warnings: 0
	module worklib.mult_add_fix8bx16bx4_73:v
		errors: 0, warnings: 0
	module worklib.mult_add_fix8bx16bx4_72:v
		errors: 0, warnings: 0
	module worklib.mult_add_fix8bx16bx4_80:v
		errors: 0, warnings: 0
	module worklib.mult_add_fix8bx16bx4_83:v
		errors: 0, warnings: 0
	module worklib.mult_add_fix8bx16bx4_82:v
		errors: 0, warnings: 0
	module worklib.mult_add_fix8bx16bx4_81:v
		errors: 0, warnings: 0
	module worklib.winograd_f43_output_transform_9:v
		errors: 0, warnings: 0
	module worklib.mult_add_fix8bx16bx4_216:v
		errors: 0, warnings: 0
	module worklib.mult_add_fix8bx16bx4_219:v
		errors: 0, warnings: 0
	module worklib.mult_add_fix8bx16bx4_217:v
		errors: 0, warnings: 0
	module worklib.mult_add_fix8bx16bx4_218:v
		errors: 0, warnings: 0
	module worklib.mult_add_fix8bx16bx4_224:v
		errors: 0, warnings: 0
	module worklib.mult_add_fix8bx16bx4_227:v
		errors: 0, warnings: 0
	module worklib.mult_add_fix8bx16bx4_226:v
		errors: 0, warnings: 0
	module worklib.mult_add_fix8bx16bx4_225:v
		errors: 0, warnings: 0
	module worklib.mult_add_fix8bx16bx4_144:v
		errors: 0, warnings: 0
	module worklib.mult_add_fix8bx16bx4_147:v
		errors: 0, warnings: 0
	module worklib.mult_add_fix8bx16bx4_146:v
		errors: 0, warnings: 0
	module worklib.mult_add_fix8bx16bx4_145:v
		errors: 0, warnings: 0
	module worklib.mult_add_fix8bx16bx4_387:v
		errors: 0, warnings: 0
	module worklib.mult_add_fix8bx16bx4_386:v
		errors: 0, warnings: 0
	module worklib.mult_add_fix8bx16bx4_317:v
		errors: 0, warnings: 0
	module worklib.mult_add_fix8bx16bx4_197:v
		errors: 0, warnings: 0
	module worklib.mult_add_fix8bx16bx4_53:v
		errors: 0, warnings: 0
	module worklib.mult_add_fix8bx16bx4_484:v
		errors: 0, warnings: 0
	module worklib.mult_add_fix8bx16bx4_438:v
		errors: 0, warnings: 0
	module worklib.mult_add_fix8bx16bx4_390:v
		errors: 0, warnings: 0
	module worklib.mult_add_fix8bx16bx4_318:v
		errors: 0, warnings: 0
	module worklib.mult_add_fix8bx16bx4_222:v
		errors: 0, warnings: 0
	module worklib.mult_add_fix8bx16bx4_54:v
		errors: 0, warnings: 0
	module worklib.mult_add_fix8bx16bx4_413:v
		errors: 0, warnings: 0
	module worklib.mult_add_fix8bx16bx4_389:v
		errors: 0, warnings: 0
	module worklib.mult_add_fix8bx16bx4_269:v
		errors: 0, warnings: 0
	module worklib.mult_add_fix8bx16bx4_221:v
		errors: 0, warnings: 0
	module worklib.mult_add_fix8bx16bx4_29:v
		errors: 0, warnings: 0
	module worklib.mult_add_fix8bx16bx4_606:v
		errors: 0, warnings: 0
	module worklib.mult_add_fix8bx16bx4_439:v
		errors: 0, warnings: 0
	module worklib.mult_add_fix8bx16bx4_391:v
		errors: 0, warnings: 0
	module worklib.mult_add_fix8bx16bx4_223:v
		errors: 0, warnings: 0
	module worklib.mult_add_fix8bx16bx4_700:v
		errors: 0, warnings: 0
	module worklib.mult_add_fix8bx16bx4_604:v
		errors: 0, warnings: 0
	module worklib.mult_add_fix8bx16bx4_414:v
		errors: 0, warnings: 0
	module worklib.mult_add_fix8bx16bx4_582:v
		errors: 0, warnings: 0
	module worklib.mult_add_fix8bx16bx4_486:v
		errors: 0, warnings: 0
	module worklib.mult_add_fix8bx16bx4_462:v
		errors: 0, warnings: 0
	module worklib.mult_add_fix8bx16bx4_126:v
		errors: 0, warnings: 0
	module worklib.mult_add_fix8bx16bx4_78:v
		errors: 0, warnings: 0
	module worklib.mult_add_fix8bx16bx4_533:v
		errors: 0, warnings: 0
	module worklib.mult_add_fix8bx16bx4_461:v
		errors: 0, warnings: 0
	module worklib.mult_add_fix8bx16bx4_77:v
		errors: 0, warnings: 0
	module worklib.mult_add_fix8bx16bx4_583:v
		errors: 0, warnings: 0
	module worklib.mult_add_fix8bx16bx4_127:v
		errors: 0, warnings: 0
	module worklib.mult_add_fix8bx16bx4_580:v
		errors: 0, warnings: 0
	module worklib.mult_add_fix8bx16bx4_412:v
		errors: 0, warnings: 0
	module worklib.mult_add_fix8bx16bx4_316:v
		errors: 0, warnings: 0
	module worklib.mult_add_fix8bx16bx4_532:v
		errors: 0, warnings: 0
	module worklib.mult_add_fix8bx16bx4_388:v
		errors: 0, warnings: 0
	module worklib.mult_add_fix8bx16bx4_76:v
		errors: 0, warnings: 0
	module worklib.mult_add_fix8bx16bx4_52:v
		errors: 0, warnings: 0
	module worklib.mult_add_fix8bx16bx4_607:v
		errors: 0, warnings: 0
	module worklib.mult_add_fix8bx16bx4_415:v
		errors: 0, warnings: 0
	module worklib.mult_add_fix8bx16bx4_487:v
		errors: 0, warnings: 0
	module worklib.mult_add_fix8bx16bx4_79:v
		errors: 0, warnings: 0
	module worklib.mult_add_fix8bx16bx4_55:v
		errors: 0, warnings: 0
	module worklib.mult_add_fix8bx16bx4_725:v
		errors: 0, warnings: 0
	module worklib.mult_add_fix8bx16bx4_605:v
		errors: 0, warnings: 0
	module worklib.mult_add_fix8bx16bx4_581:v
		errors: 0, warnings: 0
	module worklib.mult_add_fix8bx16bx4_485:v
		errors: 0, warnings: 0
	module worklib.mult_add_fix8bx16bx4_437:v
		errors: 0, warnings: 0
	module worklib.mult_add_fix8bx16bx4_125:v
		errors: 0, warnings: 0
	module worklib.mult_add_fix8bx16bx4_220:v
		errors: 0, warnings: 0
	module worklib.mult_add_fix8bx16bx4_196:v
		errors: 0, warnings: 0
	module worklib.mult_add_fix8bx16bx4_124:v
		errors: 0, warnings: 0
	module worklib.mult_add_fix8bx16bx4_103:v
		errors: 0, warnings: 0
	module worklib.mult_add_fix8bx16bx4_101:v
		errors: 0, warnings: 0
	module worklib.mult_add_fix8bx16bx4_102:v
		errors: 0, warnings: 0
	module worklib.mult_add_fix8bx16bx4_319:v
		errors: 0, warnings: 0
	module worklib.mult_add_fix8bx16bx4_100:v
		errors: 0, warnings: 0
	module worklib.mult_add_fix8bx16bx4_340:v
		errors: 0, warnings: 0
	module worklib.mult_add_fix8bx16bx4_343:v
		errors: 0, warnings: 0
	module worklib.mult_add_fix8bx16bx4_342:v
		errors: 0, warnings: 0
	module worklib.mult_add_fix8bx16bx4_341:v
		errors: 0, warnings: 0
	module worklib.mult_add_fix8bx16bx4_43:v
		errors: 0, warnings: 0
	module worklib.mult_add_fix8bx16bx4_42:v
		errors: 0, warnings: 0
	module worklib.mult_add_fix8bx16bx4_41:v
		errors: 0, warnings: 0
	module worklib.mult_add_fix8bx16bx4_40:v
		errors: 0, warnings: 0
	module worklib.winograd_f43_output_transform_17:v
		errors: 0, warnings: 0
	module worklib.mult_add_fix8bx16bx4_424:v
		errors: 0, warnings: 0
	module worklib.mult_add_fix8bx16bx4_427:v
		errors: 0, warnings: 0
	module worklib.mult_add_fix8bx16bx4_426:v
		errors: 0, warnings: 0
	module worklib.mult_add_fix8bx16bx4_425:v
		errors: 0, warnings: 0
	module worklib.mult_add_fix8bx16bx4_112:v
		errors: 0, warnings: 0
	module worklib.mult_add_fix8bx16bx4_115:v
		errors: 0, warnings: 0
	module worklib.mult_add_fix8bx16bx4_114:v
		errors: 0, warnings: 0
	module worklib.mult_add_fix8bx16bx4_113:v
		errors: 0, warnings: 0
	module worklib.mult_add_fix8bx16bx4_136:v
		errors: 0, warnings: 0
	module worklib.mult_add_fix8bx16bx4_139:v
		errors: 0, warnings: 0
	module worklib.mult_add_fix8bx16bx4_138:v
		errors: 0, warnings: 0
	module worklib.mult_add_fix8bx16bx4_137:v
		errors: 0, warnings: 0
	module worklib.mult_add_fix8bx16bx4_184:v
		errors: 0, warnings: 0
	module worklib.mult_add_fix8bx16bx4_187:v
		errors: 0, warnings: 0
	module worklib.mult_add_fix8bx16bx4_186:v
		errors: 0, warnings: 0
	module worklib.mult_add_fix8bx16bx4_185:v
		errors: 0, warnings: 0
	module worklib.mult_add_fix8bx16bx4_520:v
		errors: 0, warnings: 0
	module worklib.mult_add_fix8bx16bx4_521:v
		errors: 0, warnings: 0
	module worklib.mult_add_fix8bx16bx4_523:v
		errors: 0, warnings: 0
	module worklib.mult_add_fix8bx16bx4_522:v
		errors: 0, warnings: 0
	module worklib.mult_add_fix8bx16bx4_306:v
		errors: 0, warnings: 0
	module worklib.mult_add_fix8bx16bx4_307:v
		errors: 0, warnings: 0
	module worklib.mult_add_fix8bx16bx4_304:v
		errors: 0, warnings: 0
	module worklib.mult_add_fix8bx16bx4_305:v
		errors: 0, warnings: 0
	module worklib.mult_add_fix8bx16bx4_688:v
		errors: 0, warnings: 0
	module worklib.mult_add_fix8bx16bx4_691:v
		errors: 0, warnings: 0
	module worklib.mult_add_fix8bx16bx4_690:v
		errors: 0, warnings: 0
	module worklib.mult_add_fix8bx16bx4_689:v
		errors: 0, warnings: 0
	module worklib.mult_add_fix8bx16bx4_616:v
		errors: 0, warnings: 0
	module worklib.mult_add_fix8bx16bx4_619:v
		errors: 0, warnings: 0
	module worklib.mult_add_fix8bx16bx4_618:v
		errors: 0, warnings: 0
	module worklib.mult_add_fix8bx16bx4_617:v
		errors: 0, warnings: 0
	module worklib.mult_add_fix8bx16bx4_475:v
		errors: 0, warnings: 0
	module worklib.mult_add_fix8bx16bx4_473:v
		errors: 0, warnings: 0
	module worklib.mult_add_fix8bx16bx4_474:v
		errors: 0, warnings: 0
	module worklib.mult_add_fix8bx16bx4_472:v
		errors: 0, warnings: 0
	module worklib.mult_add_fix8bx16bx4_19:v
		errors: 0, warnings: 0
	module worklib.mult_add_fix8bx16bx4_17:v
		errors: 0, warnings: 0
	module worklib.mult_add_fix8bx16bx4_18:v
		errors: 0, warnings: 0
	module worklib.mult_add_fix8bx16bx4_16:v
		errors: 0, warnings: 0
	module worklib.pipecnn_memread_compute:v
		errors: 0, warnings: 0
	module worklib.pipecnn_memread_conv_slice:v
		errors: 0, warnings: 0
	Total errors/warnings found outside modules and primitives:
		errors: 0, warnings: 15
DEFINE unisim  /tmp/fastconv-p3f-d0282f55/rtl/conv2x2/fpga_zcu104/conv-i16-h16-t16-o4-m08-std/reports/p3_funcsim/simlibs_func/unisim
|
xrun: *W,DLCPTH (/home/tarsio.onofrio/cds.lib,1): cds.lib Invalid path '/tmp/fastconv-p3f-d0282f55/rtl/conv2x2/fpga_zcu104/conv-i16-h16-t16-o4-m08-std/reports/p3_funcsim/simlibs_func/unisim' (cds.lib command ignored).
DEFINE unimacro  /tmp/fastconv-p3f-d0282f55/rtl/conv2x2/fpga_zcu104/conv-i16-h16-t16-o4-m08-std/reports/p3_funcsim/simlibs_func/unimacro
|
xrun: *W,DLCPTH (/home/tarsio.onofrio/cds.lib,2): cds.lib Invalid path '/tmp/fastconv-p3f-d0282f55/rtl/conv2x2/fpga_zcu104/conv-i16-h16-t16-o4-m08-std/reports/p3_funcsim/simlibs_func/unimacro' (cds.lib command ignored).
DEFINE unifast  /tmp/fastconv-p3f-d0282f55/rtl/conv2x2/fpga_zcu104/conv-i16-h16-t16-o4-m08-std/reports/p3_funcsim/simlibs_func/unifast
|
xrun: *W,DLCPTH (/home/tarsio.onofrio/cds.lib,3): cds.lib Invalid path '/tmp/fastconv-p3f-d0282f55/rtl/conv2x2/fpga_zcu104/conv-i16-h16-t16-o4-m08-std/reports/p3_funcsim/simlibs_func/unifast' (cds.lib command ignored).
DEFINE xpm  /tmp/fastconv-p3f-d0282f55/rtl/conv2x2/fpga_zcu104/conv-i16-h16-t16-o4-m08-std/reports/p3_funcsim/simlibs_func/xpm
|
xrun: *W,DLCPTH (/home/tarsio.onofrio/cds.lib,4): cds.lib Invalid path '/tmp/fastconv-p3f-d0282f55/rtl/conv2x2/fpga_zcu104/conv-i16-h16-t16-o4-m08-std/reports/p3_funcsim/simlibs_func/xpm' (cds.lib command ignored).
DEFINE xilinx_vip  /tmp/fastconv-p3f-d0282f55/rtl/conv2x2/fpga_zcu104/conv-i16-h16-t16-o4-m08-std/reports/p3_funcsim/simlibs_func/xilinx_vip
|
xrun: *W,DLCPTH (/home/tarsio.onofrio/cds.lib,5): cds.lib Invalid path '/tmp/fastconv-p3f-d0282f55/rtl/conv2x2/fpga_zcu104/conv-i16-h16-t16-o4-m08-std/reports/p3_funcsim/simlibs_func/xilinx_vip' (cds.lib command ignored).
DEFINE common_cpp_v1_0  /tmp/fastconv-p3f-d0282f55/rtl/conv2x2/fpga_zcu104/conv-i16-h16-t16-o4-m08-std/reports/p3_funcsim/simlibs_func/common_cpp_v1_0
|
xrun: *W,DLCPTH (/home/tarsio.onofrio/cds.lib,6): cds.lib Invalid path '/tmp/fastconv-p3f-d0282f55/rtl/conv2x2/fpga_zcu104/conv-i16-h16-t16-o4-m08-std/reports/p3_funcsim/simlibs_func/common_cpp_v1_0' (cds.lib command ignored).
DEFINE xtlm  /tmp/fastconv-p3f-d0282f55/rtl/conv2x2/fpga_zcu104/conv-i16-h16-t16-o4-m08-std/reports/p3_funcsim/simlibs_func/xtlm
|
xrun: *W,DLCPTH (/home/tarsio.onofrio/cds.lib,7): cds.lib Invalid path '/tmp/fastconv-p3f-d0282f55/rtl/conv2x2/fpga_zcu104/conv-i16-h16-t16-o4-m08-std/reports/p3_funcsim/simlibs_func/xtlm' (cds.lib command ignored).
DEFINE xscl  /tmp/fastconv-p3f-d0282f55/rtl/conv2x2/fpga_zcu104/conv-i16-h16-t16-o4-m08-std/reports/p3_funcsim/simlibs_func/xscl
|
xrun: *W,DLCPTH (/home/tarsio.onofrio/cds.lib,8): cds.lib Invalid path '/tmp/fastconv-p3f-d0282f55/rtl/conv2x2/fpga_zcu104/conv-i16-h16-t16-o4-m08-std/reports/p3_funcsim/simlibs_func/xscl' (cds.lib command ignored).
DEFINE emu_perf_common_v1_0  /tmp/fastconv-p3f-d0282f55/rtl/conv2x2/fpga_zcu104/conv-i16-h16-t16-o4-m08-std/reports/p3_funcsim/simlibs_func/emu_perf_common_v1_0
|
xrun: *W,DLCPTH (/home/tarsio.onofrio/cds.lib,9): cds.lib Invalid path '/tmp/fastconv-p3f-d0282f55/rtl/conv2x2/fpga_zcu104/conv-i16-h16-t16-o4-m08-std/reports/p3_funcsim/simlibs_func/emu_perf_common_v1_0' (cds.lib command ignored).
DEFINE axi_tlm_ext_v1_0  /tmp/fastconv-p3f-d0282f55/rtl/conv2x2/fpga_zcu104/conv-i16-h16-t16-o4-m08-std/reports/p3_funcsim/simlibs_func/axi_tlm_ext_v1_0
|
xrun: *W,DLCPTH (/home/tarsio.onofrio/cds.lib,10): cds.lib Invalid path '/tmp/fastconv-p3f-d0282f55/rtl/conv2x2/fpga_zcu104/conv-i16-h16-t16-o4-m08-std/reports/p3_funcsim/simlibs_func/axi_tlm_ext_v1_0' (cds.lib command ignored).
DEFINE axi_tg_sc_v1_0  /tmp/fastconv-p3f-d0282f55/rtl/conv2x2/fpga_zcu104/conv-i16-h16-t16-o4-m08-std/reports/p3_funcsim/simlibs_func/axi_tg_sc_v1_0
|
xrun: *W,DLCPTH (/home/tarsio.onofrio/cds.lib,11): cds.lib Invalid path '/tmp/fastconv-p3f-d0282f55/rtl/conv2x2/fpga_zcu104/conv-i16-h16-t16-o4-m08-std/reports/p3_funcsim/simlibs_func/axi_tg_sc_v1_0' (cds.lib command ignored).
DEFINE secureip  /sim/tarsio/reports-conv3x3-ifn9-explore-149bd5be/simlibs_unisim/secureip
|
xrun: *W,DLCPTH (/home/tarsio.onofrio/cds.lib,12): cds.lib Invalid path '/sim/tarsio/reports-conv3x3-ifn9-explore-149bd5be/simlibs_unisim/secureip' (cds.lib command ignored).
DEFINE unisims_ver  /sim/tarsio/reports-conv3x3-ifn9-explore-149bd5be/simlibs_unisim/unisims_ver
|
xrun: *W,DLCPTH (/home/tarsio.onofrio/cds.lib,13): cds.lib Invalid path '/sim/tarsio/reports-conv3x3-ifn9-explore-149bd5be/simlibs_unisim/unisims_ver' (cds.lib command ignored).
DEFINE unimacro_ver  /sim/tarsio/reports-conv3x3-ifn9-explore-149bd5be/simlibs_unisim/unimacro_ver
|
xrun: *W,DLCPTH (/home/tarsio.onofrio/cds.lib,14): cds.lib Invalid path '/sim/tarsio/reports-conv3x3-ifn9-explore-149bd5be/simlibs_unisim/unimacro_ver' (cds.lib command ignored).
DEFINE unifast_ver  /sim/tarsio/reports-conv3x3-ifn9-explore-149bd5be/simlibs_unisim/unifast_ver
|
xrun: *W,DLCPTH (/home/tarsio.onofrio/cds.lib,15): cds.lib Invalid path '/sim/tarsio/reports-conv3x3-ifn9-explore-149bd5be/simlibs_unisim/unifast_ver' (cds.lib command ignored).
DEFINE unisim  /tmp/fastconv-p3f-d0282f55/rtl/conv2x2/fpga_zcu104/conv-i16-h16-t16-o4-m08-std/reports/p3_funcsim/simlibs_func/unisim
|
xrun: *W,DLCPTH (/home/tarsio.onofrio/cds.lib,1): cds.lib Invalid path '/tmp/fastconv-p3f-d0282f55/rtl/conv2x2/fpga_zcu104/conv-i16-h16-t16-o4-m08-std/reports/p3_funcsim/simlibs_func/unisim' (cds.lib command ignored).
DEFINE unimacro  /tmp/fastconv-p3f-d0282f55/rtl/conv2x2/fpga_zcu104/conv-i16-h16-t16-o4-m08-std/reports/p3_funcsim/simlibs_func/unimacro
|
xrun: *W,DLCPTH (/home/tarsio.onofrio/cds.lib,2): cds.lib Invalid path '/tmp/fastconv-p3f-d0282f55/rtl/conv2x2/fpga_zcu104/conv-i16-h16-t16-o4-m08-std/reports/p3_funcsim/simlibs_func/unimacro' (cds.lib command ignored).
DEFINE unifast  /tmp/fastconv-p3f-d0282f55/rtl/conv2x2/fpga_zcu104/conv-i16-h16-t16-o4-m08-std/reports/p3_funcsim/simlibs_func/unifast
|
xrun: *W,DLCPTH (/home/tarsio.onofrio/cds.lib,3): cds.lib Invalid path '/tmp/fastconv-p3f-d0282f55/rtl/conv2x2/fpga_zcu104/conv-i16-h16-t16-o4-m08-std/reports/p3_funcsim/simlibs_func/unifast' (cds.lib command ignored).
DEFINE xpm  /tmp/fastconv-p3f-d0282f55/rtl/conv2x2/fpga_zcu104/conv-i16-h16-t16-o4-m08-std/reports/p3_funcsim/simlibs_func/xpm
|
xrun: *W,DLCPTH (/home/tarsio.onofrio/cds.lib,4): cds.lib Invalid path '/tmp/fastconv-p3f-d0282f55/rtl/conv2x2/fpga_zcu104/conv-i16-h16-t16-o4-m08-std/reports/p3_funcsim/simlibs_func/xpm' (cds.lib command ignored).
DEFINE xilinx_vip  /tmp/fastconv-p3f-d0282f55/rtl/conv2x2/fpga_zcu104/conv-i16-h16-t16-o4-m08-std/reports/p3_funcsim/simlibs_func/xilinx_vip
|
xrun: *W,DLCPTH (/home/tarsio.onofrio/cds.lib,5): cds.lib Invalid path '/tmp/fastconv-p3f-d0282f55/rtl/conv2x2/fpga_zcu104/conv-i16-h16-t16-o4-m08-std/reports/p3_funcsim/simlibs_func/xilinx_vip' (cds.lib command ignored).
DEFINE common_cpp_v1_0  /tmp/fastconv-p3f-d0282f55/rtl/conv2x2/fpga_zcu104/conv-i16-h16-t16-o4-m08-std/reports/p3_funcsim/simlibs_func/common_cpp_v1_0
|
xrun: *W,DLCPTH (/home/tarsio.onofrio/cds.lib,6): cds.lib Invalid path '/tmp/fastconv-p3f-d0282f55/rtl/conv2x2/fpga_zcu104/conv-i16-h16-t16-o4-m08-std/reports/p3_funcsim/simlibs_func/common_cpp_v1_0' (cds.lib command ignored).
DEFINE xtlm  /tmp/fastconv-p3f-d0282f55/rtl/conv2x2/fpga_zcu104/conv-i16-h16-t16-o4-m08-std/reports/p3_funcsim/simlibs_func/xtlm
|
xrun: *W,DLCPTH (/home/tarsio.onofrio/cds.lib,7): cds.lib Invalid path '/tmp/fastconv-p3f-d0282f55/rtl/conv2x2/fpga_zcu104/conv-i16-h16-t16-o4-m08-std/reports/p3_funcsim/simlibs_func/xtlm' (cds.lib command ignored).
DEFINE xscl  /tmp/fastconv-p3f-d0282f55/rtl/conv2x2/fpga_zcu104/conv-i16-h16-t16-o4-m08-std/reports/p3_funcsim/simlibs_func/xscl
|
xrun: *W,DLCPTH (/home/tarsio.onofrio/cds.lib,8): cds.lib Invalid path '/tmp/fastconv-p3f-d0282f55/rtl/conv2x2/fpga_zcu104/conv-i16-h16-t16-o4-m08-std/reports/p3_funcsim/simlibs_func/xscl' (cds.lib command ignored).
DEFINE emu_perf_common_v1_0  /tmp/fastconv-p3f-d0282f55/rtl/conv2x2/fpga_zcu104/conv-i16-h16-t16-o4-m08-std/reports/p3_funcsim/simlibs_func/emu_perf_common_v1_0
|
xrun: *W,DLCPTH (/home/tarsio.onofrio/cds.lib,9): cds.lib Invalid path '/tmp/fastconv-p3f-d0282f55/rtl/conv2x2/fpga_zcu104/conv-i16-h16-t16-o4-m08-std/reports/p3_funcsim/simlibs_func/emu_perf_common_v1_0' (cds.lib command ignored).
DEFINE axi_tlm_ext_v1_0  /tmp/fastconv-p3f-d0282f55/rtl/conv2x2/fpga_zcu104/conv-i16-h16-t16-o4-m08-std/reports/p3_funcsim/simlibs_func/axi_tlm_ext_v1_0
|
xrun: *W,DLCPTH (/home/tarsio.onofrio/cds.lib,10): cds.lib Invalid path '/tmp/fastconv-p3f-d0282f55/rtl/conv2x2/fpga_zcu104/conv-i16-h16-t16-o4-m08-std/reports/p3_funcsim/simlibs_func/axi_tlm_ext_v1_0' (cds.lib command ignored).
DEFINE axi_tg_sc_v1_0  /tmp/fastconv-p3f-d0282f55/rtl/conv2x2/fpga_zcu104/conv-i16-h16-t16-o4-m08-std/reports/p3_funcsim/simlibs_func/axi_tg_sc_v1_0
|
xrun: *W,DLCPTH (/home/tarsio.onofrio/cds.lib,11): cds.lib Invalid path '/tmp/fastconv-p3f-d0282f55/rtl/conv2x2/fpga_zcu104/conv-i16-h16-t16-o4-m08-std/reports/p3_funcsim/simlibs_func/axi_tg_sc_v1_0' (cds.lib command ignored).
DEFINE secureip  /sim/tarsio/reports-conv3x3-ifn9-explore-149bd5be/simlibs_unisim/secureip
|
xrun: *W,DLCPTH (/home/tarsio.onofrio/cds.lib,12): cds.lib Invalid path '/sim/tarsio/reports-conv3x3-ifn9-explore-149bd5be/simlibs_unisim/secureip' (cds.lib command ignored).
DEFINE unisims_ver  /sim/tarsio/reports-conv3x3-ifn9-explore-149bd5be/simlibs_unisim/unisims_ver
|
xrun: *W,DLCPTH (/home/tarsio.onofrio/cds.lib,13): cds.lib Invalid path '/sim/tarsio/reports-conv3x3-ifn9-explore-149bd5be/simlibs_unisim/unisims_ver' (cds.lib command ignored).
DEFINE unimacro_ver  /sim/tarsio/reports-conv3x3-ifn9-explore-149bd5be/simlibs_unisim/unimacro_ver
|
xrun: *W,DLCPTH (/home/tarsio.onofrio/cds.lib,14): cds.lib Invalid path '/sim/tarsio/reports-conv3x3-ifn9-explore-149bd5be/simlibs_unisim/unimacro_ver' (cds.lib command ignored).
DEFINE unifast_ver  /sim/tarsio/reports-conv3x3-ifn9-explore-149bd5be/simlibs_unisim/unifast_ver
|
xrun: *W,DLCPTH (/home/tarsio.onofrio/cds.lib,15): cds.lib Invalid path '/sim/tarsio/reports-conv3x3-ifn9-explore-149bd5be/simlibs_unisim/unifast_ver' (cds.lib command ignored).
DEFINE unisim  /tmp/fastconv-p3f-d0282f55/rtl/conv2x2/fpga_zcu104/conv-i16-h16-t16-o4-m08-std/reports/p3_funcsim/simlibs_func/unisim
|
xmelab: *W,DLCPTH (/home/tarsio.onofrio/cds.lib,1): cds.lib Invalid path '/tmp/fastconv-p3f-d0282f55/rtl/conv2x2/fpga_zcu104/conv-i16-h16-t16-o4-m08-std/reports/p3_funcsim/simlibs_func/unisim' (cds.lib command ignored).
DEFINE unimacro  /tmp/fastconv-p3f-d0282f55/rtl/conv2x2/fpga_zcu104/conv-i16-h16-t16-o4-m08-std/reports/p3_funcsim/simlibs_func/unimacro
|
xmelab: *W,DLCPTH (/home/tarsio.onofrio/cds.lib,2): cds.lib Invalid path '/tmp/fastconv-p3f-d0282f55/rtl/conv2x2/fpga_zcu104/conv-i16-h16-t16-o4-m08-std/reports/p3_funcsim/simlibs_func/unimacro' (cds.lib command ignored).
DEFINE unifast  /tmp/fastconv-p3f-d0282f55/rtl/conv2x2/fpga_zcu104/conv-i16-h16-t16-o4-m08-std/reports/p3_funcsim/simlibs_func/unifast
|
xmelab: *W,DLCPTH (/home/tarsio.onofrio/cds.lib,3): cds.lib Invalid path '/tmp/fastconv-p3f-d0282f55/rtl/conv2x2/fpga_zcu104/conv-i16-h16-t16-o4-m08-std/reports/p3_funcsim/simlibs_func/unifast' (cds.lib command ignored).
DEFINE xpm  /tmp/fastconv-p3f-d0282f55/rtl/conv2x2/fpga_zcu104/conv-i16-h16-t16-o4-m08-std/reports/p3_funcsim/simlibs_func/xpm
|
xmelab: *W,DLCPTH (/home/tarsio.onofrio/cds.lib,4): cds.lib Invalid path '/tmp/fastconv-p3f-d0282f55/rtl/conv2x2/fpga_zcu104/conv-i16-h16-t16-o4-m08-std/reports/p3_funcsim/simlibs_func/xpm' (cds.lib command ignored).
DEFINE xilinx_vip  /tmp/fastconv-p3f-d0282f55/rtl/conv2x2/fpga_zcu104/conv-i16-h16-t16-o4-m08-std/reports/p3_funcsim/simlibs_func/xilinx_vip
|
xmelab: *W,DLCPTH (/home/tarsio.onofrio/cds.lib,5): cds.lib Invalid path '/tmp/fastconv-p3f-d0282f55/rtl/conv2x2/fpga_zcu104/conv-i16-h16-t16-o4-m08-std/reports/p3_funcsim/simlibs_func/xilinx_vip' (cds.lib command ignored).
DEFINE common_cpp_v1_0  /tmp/fastconv-p3f-d0282f55/rtl/conv2x2/fpga_zcu104/conv-i16-h16-t16-o4-m08-std/reports/p3_funcsim/simlibs_func/common_cpp_v1_0
|
xmelab: *W,DLCPTH (/home/tarsio.onofrio/cds.lib,6): cds.lib Invalid path '/tmp/fastconv-p3f-d0282f55/rtl/conv2x2/fpga_zcu104/conv-i16-h16-t16-o4-m08-std/reports/p3_funcsim/simlibs_func/common_cpp_v1_0' (cds.lib command ignored).
DEFINE xtlm  /tmp/fastconv-p3f-d0282f55/rtl/conv2x2/fpga_zcu104/conv-i16-h16-t16-o4-m08-std/reports/p3_funcsim/simlibs_func/xtlm
|
xmelab: *W,DLCPTH (/home/tarsio.onofrio/cds.lib,7): cds.lib Invalid path '/tmp/fastconv-p3f-d0282f55/rtl/conv2x2/fpga_zcu104/conv-i16-h16-t16-o4-m08-std/reports/p3_funcsim/simlibs_func/xtlm' (cds.lib command ignored).
DEFINE xscl  /tmp/fastconv-p3f-d0282f55/rtl/conv2x2/fpga_zcu104/conv-i16-h16-t16-o4-m08-std/reports/p3_funcsim/simlibs_func/xscl
|
xmelab: *W,DLCPTH (/home/tarsio.onofrio/cds.lib,8): cds.lib Invalid path '/tmp/fastconv-p3f-d0282f55/rtl/conv2x2/fpga_zcu104/conv-i16-h16-t16-o4-m08-std/reports/p3_funcsim/simlibs_func/xscl' (cds.lib command ignored).
DEFINE emu_perf_common_v1_0  /tmp/fastconv-p3f-d0282f55/rtl/conv2x2/fpga_zcu104/conv-i16-h16-t16-o4-m08-std/reports/p3_funcsim/simlibs_func/emu_perf_common_v1_0
|
xmelab: *W,DLCPTH (/home/tarsio.onofrio/cds.lib,9): cds.lib Invalid path '/tmp/fastconv-p3f-d0282f55/rtl/conv2x2/fpga_zcu104/conv-i16-h16-t16-o4-m08-std/reports/p3_funcsim/simlibs_func/emu_perf_common_v1_0' (cds.lib command ignored).
DEFINE axi_tlm_ext_v1_0  /tmp/fastconv-p3f-d0282f55/rtl/conv2x2/fpga_zcu104/conv-i16-h16-t16-o4-m08-std/reports/p3_funcsim/simlibs_func/axi_tlm_ext_v1_0
|
xmelab: *W,DLCPTH (/home/tarsio.onofrio/cds.lib,10): cds.lib Invalid path '/tmp/fastconv-p3f-d0282f55/rtl/conv2x2/fpga_zcu104/conv-i16-h16-t16-o4-m08-std/reports/p3_funcsim/simlibs_func/axi_tlm_ext_v1_0' (cds.lib command ignored).
DEFINE axi_tg_sc_v1_0  /tmp/fastconv-p3f-d0282f55/rtl/conv2x2/fpga_zcu104/conv-i16-h16-t16-o4-m08-std/reports/p3_funcsim/simlibs_func/axi_tg_sc_v1_0
|
xmelab: *W,DLCPTH (/home/tarsio.onofrio/cds.lib,11): cds.lib Invalid path '/tmp/fastconv-p3f-d0282f55/rtl/conv2x2/fpga_zcu104/conv-i16-h16-t16-o4-m08-std/reports/p3_funcsim/simlibs_func/axi_tg_sc_v1_0' (cds.lib command ignored).
DEFINE secureip  /sim/tarsio/reports-conv3x3-ifn9-explore-149bd5be/simlibs_unisim/secureip
|
xmelab: *W,DLCPTH (/home/tarsio.onofrio/cds.lib,12): cds.lib Invalid path '/sim/tarsio/reports-conv3x3-ifn9-explore-149bd5be/simlibs_unisim/secureip' (cds.lib command ignored).
DEFINE unisims_ver  /sim/tarsio/reports-conv3x3-ifn9-explore-149bd5be/simlibs_unisim/unisims_ver
|
xmelab: *W,DLCPTH (/home/tarsio.onofrio/cds.lib,13): cds.lib Invalid path '/sim/tarsio/reports-conv3x3-ifn9-explore-149bd5be/simlibs_unisim/unisims_ver' (cds.lib command ignored).
DEFINE unimacro_ver  /sim/tarsio/reports-conv3x3-ifn9-explore-149bd5be/simlibs_unisim/unimacro_ver
|
xmelab: *W,DLCPTH (/home/tarsio.onofrio/cds.lib,14): cds.lib Invalid path '/sim/tarsio/reports-conv3x3-ifn9-explore-149bd5be/simlibs_unisim/unimacro_ver' (cds.lib command ignored).
DEFINE unifast_ver  /sim/tarsio/reports-conv3x3-ifn9-explore-149bd5be/simlibs_unisim/unifast_ver
|
xmelab: *W,DLCPTH (/home/tarsio.onofrio/cds.lib,15): cds.lib Invalid path '/sim/tarsio/reports-conv3x3-ifn9-explore-149bd5be/simlibs_unisim/unifast_ver' (cds.lib command ignored).
	Elaborating the design hierarchy:
		Caching library 'worklib' ....... Done
	Top level design units:
		tb_memread_conv_slice
DEFINE unisim  /tmp/fastconv-p3f-d0282f55/rtl/conv2x2/fpga_zcu104/conv-i16-h16-t16-o4-m08-std/reports/p3_funcsim/simlibs_func/unisim
|
xmsdfc: *W,DLCPTH (/home/tarsio.onofrio/cds.lib,1): cds.lib Invalid path '/tmp/fastconv-p3f-d0282f55/rtl/conv2x2/fpga_zcu104/conv-i16-h16-t16-o4-m08-std/reports/p3_funcsim/simlibs_func/unisim' (cds.lib command ignored).
DEFINE unimacro  /tmp/fastconv-p3f-d0282f55/rtl/conv2x2/fpga_zcu104/conv-i16-h16-t16-o4-m08-std/reports/p3_funcsim/simlibs_func/unimacro
|
xmsdfc: *W,DLCPTH (/home/tarsio.onofrio/cds.lib,2): cds.lib Invalid path '/tmp/fastconv-p3f-d0282f55/rtl/conv2x2/fpga_zcu104/conv-i16-h16-t16-o4-m08-std/reports/p3_funcsim/simlibs_func/unimacro' (cds.lib command ignored).
DEFINE unifast  /tmp/fastconv-p3f-d0282f55/rtl/conv2x2/fpga_zcu104/conv-i16-h16-t16-o4-m08-std/reports/p3_funcsim/simlibs_func/unifast
|
xmsdfc: *W,DLCPTH (/home/tarsio.onofrio/cds.lib,3): cds.lib Invalid path '/tmp/fastconv-p3f-d0282f55/rtl/conv2x2/fpga_zcu104/conv-i16-h16-t16-o4-m08-std/reports/p3_funcsim/simlibs_func/unifast' (cds.lib command ignored).
DEFINE xpm  /tmp/fastconv-p3f-d0282f55/rtl/conv2x2/fpga_zcu104/conv-i16-h16-t16-o4-m08-std/reports/p3_funcsim/simlibs_func/xpm
|
xmsdfc: *W,DLCPTH (/home/tarsio.onofrio/cds.lib,4): cds.lib Invalid path '/tmp/fastconv-p3f-d0282f55/rtl/conv2x2/fpga_zcu104/conv-i16-h16-t16-o4-m08-std/reports/p3_funcsim/simlibs_func/xpm' (cds.lib command ignored).
DEFINE xilinx_vip  /tmp/fastconv-p3f-d0282f55/rtl/conv2x2/fpga_zcu104/conv-i16-h16-t16-o4-m08-std/reports/p3_funcsim/simlibs_func/xilinx_vip
|
xmsdfc: *W,DLCPTH (/home/tarsio.onofrio/cds.lib,5): cds.lib Invalid path '/tmp/fastconv-p3f-d0282f55/rtl/conv2x2/fpga_zcu104/conv-i16-h16-t16-o4-m08-std/reports/p3_funcsim/simlibs_func/xilinx_vip' (cds.lib command ignored).
DEFINE common_cpp_v1_0  /tmp/fastconv-p3f-d0282f55/rtl/conv2x2/fpga_zcu104/conv-i16-h16-t16-o4-m08-std/reports/p3_funcsim/simlibs_func/common_cpp_v1_0
|
xmsdfc: *W,DLCPTH (/home/tarsio.onofrio/cds.lib,6): cds.lib Invalid path '/tmp/fastconv-p3f-d0282f55/rtl/conv2x2/fpga_zcu104/conv-i16-h16-t16-o4-m08-std/reports/p3_funcsim/simlibs_func/common_cpp_v1_0' (cds.lib command ignored).
DEFINE xtlm  /tmp/fastconv-p3f-d0282f55/rtl/conv2x2/fpga_zcu104/conv-i16-h16-t16-o4-m08-std/reports/p3_funcsim/simlibs_func/xtlm
|
xmsdfc: *W,DLCPTH (/home/tarsio.onofrio/cds.lib,7): cds.lib Invalid path '/tmp/fastconv-p3f-d0282f55/rtl/conv2x2/fpga_zcu104/conv-i16-h16-t16-o4-m08-std/reports/p3_funcsim/simlibs_func/xtlm' (cds.lib command ignored).
DEFINE xscl  /tmp/fastconv-p3f-d0282f55/rtl/conv2x2/fpga_zcu104/conv-i16-h16-t16-o4-m08-std/reports/p3_funcsim/simlibs_func/xscl
|
xmsdfc: *W,DLCPTH (/home/tarsio.onofrio/cds.lib,8): cds.lib Invalid path '/tmp/fastconv-p3f-d0282f55/rtl/conv2x2/fpga_zcu104/conv-i16-h16-t16-o4-m08-std/reports/p3_funcsim/simlibs_func/xscl' (cds.lib command ignored).
DEFINE emu_perf_common_v1_0  /tmp/fastconv-p3f-d0282f55/rtl/conv2x2/fpga_zcu104/conv-i16-h16-t16-o4-m08-std/reports/p3_funcsim/simlibs_func/emu_perf_common_v1_0
|
xmsdfc: *W,DLCPTH (/home/tarsio.onofrio/cds.lib,9): cds.lib Invalid path '/tmp/fastconv-p3f-d0282f55/rtl/conv2x2/fpga_zcu104/conv-i16-h16-t16-o4-m08-std/reports/p3_funcsim/simlibs_func/emu_perf_common_v1_0' (cds.lib command ignored).
DEFINE axi_tlm_ext_v1_0  /tmp/fastconv-p3f-d0282f55/rtl/conv2x2/fpga_zcu104/conv-i16-h16-t16-o4-m08-std/reports/p3_funcsim/simlibs_func/axi_tlm_ext_v1_0
|
xmsdfc: *W,DLCPTH (/home/tarsio.onofrio/cds.lib,10): cds.lib Invalid path '/tmp/fastconv-p3f-d0282f55/rtl/conv2x2/fpga_zcu104/conv-i16-h16-t16-o4-m08-std/reports/p3_funcsim/simlibs_func/axi_tlm_ext_v1_0' (cds.lib command ignored).
DEFINE axi_tg_sc_v1_0  /tmp/fastconv-p3f-d0282f55/rtl/conv2x2/fpga_zcu104/conv-i16-h16-t16-o4-m08-std/reports/p3_funcsim/simlibs_func/axi_tg_sc_v1_0
|
xmsdfc: *W,DLCPTH (/home/tarsio.onofrio/cds.lib,11): cds.lib Invalid path '/tmp/fastconv-p3f-d0282f55/rtl/conv2x2/fpga_zcu104/conv-i16-h16-t16-o4-m08-std/reports/p3_funcsim/simlibs_func/axi_tg_sc_v1_0' (cds.lib command ignored).
DEFINE secureip  /sim/tarsio/reports-conv3x3-ifn9-explore-149bd5be/simlibs_unisim/secureip
|
xmsdfc: *W,DLCPTH (/home/tarsio.onofrio/cds.lib,12): cds.lib Invalid path '/sim/tarsio/reports-conv3x3-ifn9-explore-149bd5be/simlibs_unisim/secureip' (cds.lib command ignored).
DEFINE unisims_ver  /sim/tarsio/reports-conv3x3-ifn9-explore-149bd5be/simlibs_unisim/unisims_ver
|
xmsdfc: *W,DLCPTH (/home/tarsio.onofrio/cds.lib,13): cds.lib Invalid path '/sim/tarsio/reports-conv3x3-ifn9-explore-149bd5be/simlibs_unisim/unisims_ver' (cds.lib command ignored).
DEFINE unimacro_ver  /sim/tarsio/reports-conv3x3-ifn9-explore-149bd5be/simlibs_unisim/unimacro_ver
|
xmsdfc: *W,DLCPTH (/home/tarsio.onofrio/cds.lib,14): cds.lib Invalid path '/sim/tarsio/reports-conv3x3-ifn9-explore-149bd5be/simlibs_unisim/unimacro_ver' (cds.lib command ignored).
DEFINE unifast_ver  /sim/tarsio/reports-conv3x3-ifn9-explore-149bd5be/simlibs_unisim/unifast_ver
|
xmsdfc: *W,DLCPTH (/home/tarsio.onofrio/cds.lib,15): cds.lib Invalid path '/sim/tarsio/reports-conv3x3-ifn9-explore-149bd5be/simlibs_unisim/unifast_ver' (cds.lib command ignored).
	Reading SDF file from location "/sim/tarsio/PipeCNN_Winograd/project/device/RTL/synthesis/opencl-memread-f43-original-i8-l032/runs/memread-f43-i8-l032-20261007T-run03-sdf-fixed/logical/gate_level/pipecnn_memread_conv_slice_nominal.sdf"
	Writing compiled SDF file to "pipecnn_memread_conv_slice_nominal.sdf.X".
	Annotating SDF timing data:
		Compiled SDF file:     pipecnn_memread_conv_slice_nominal.sdf.X
		Log file:              /sim/tarsio/PipeCNN_Winograd/project/device/RTL/synthesis/opencl-memread-f43-original-i8-l032/runs/memread-f43-i8-l032-20261007T-run03-sdf-fixed/sim/sdf.log
		Backannotation scope:  tb_memread_conv_slice.dut
		Configuration file:    
		MTM control:           TYPICAL
		Scale factors:         1:1:1
		Scale type:            FROM_MAXIMUM
	Annotation completed successfully...
	SDF statistics: 
		 No. of Pathdelays = 8525367 	 No. of Disabled Pathdelays = 0        Annotated = 100.00% (8525367/8525367) 
		 No. of Tchecks    = 525428  	 No. of Disabled Tchecks    = 0        Annotated = 33.28% (174844/525428) 
				        Total(T) 	   Disabled(D) 	    Annotated(A)	  Percentage(A/(T-D))
		 Path Delays	       8525367	             0	           8525367	                100.00
		      $width	        350136	             0	                 0	                  0.00
		  $setuphold	        175292	             0	            174844	                 99.74
	Building instance overlay tables: .................... Done
	Generating native compiled code:
DEFINE unisim  /tmp/fastconv-p3f-d0282f55/rtl/conv2x2/fpga_zcu104/conv-i16-h16-t16-o4-m08-std/reports/p3_funcsim/simlibs_func/unisim
|
xmvlog_cg: *W,DLCPTH (/home/tarsio.onofrio/cds.lib,1): cds.lib Invalid path '/tmp/fastconv-p3f-d0282f55/rtl/conv2x2/fpga_zcu104/conv-i16-h16-t16-o4-m08-std/reports/p3_funcsim/simlibs_func/unisim' (cds.lib command ignored).
DEFINE unimacro  /tmp/fastconv-p3f-d0282f55/rtl/conv2x2/fpga_zcu104/conv-i16-h16-t16-o4-m08-std/reports/p3_funcsim/simlibs_func/unimacro
|
xmvlog_cg: *W,DLCPTH (/home/tarsio.onofrio/cds.lib,2): cds.lib Invalid path '/tmp/fastconv-p3f-d0282f55/rtl/conv2x2/fpga_zcu104/conv-i16-h16-t16-o4-m08-std/reports/p3_funcsim/simlibs_func/unimacro' (cds.lib command ignored).
DEFINE unifast  /tmp/fastconv-p3f-d0282f55/rtl/conv2x2/fpga_zcu104/conv-i16-h16-t16-o4-m08-std/reports/p3_funcsim/simlibs_func/unifast
|
xmvlog_cg: *W,DLCPTH (/home/tarsio.onofrio/cds.lib,3): cds.lib Invalid path '/tmp/fastconv-p3f-d0282f55/rtl/conv2x2/fpga_zcu104/conv-i16-h16-t16-o4-m08-std/reports/p3_funcsim/simlibs_func/unifast' (cds.lib command ignored).
DEFINE xpm  /tmp/fastconv-p3f-d0282f55/rtl/conv2x2/fpga_zcu104/conv-i16-h16-t16-o4-m08-std/reports/p3_funcsim/simlibs_func/xpm
|
xmvlog_cg: *W,DLCPTH (/home/tarsio.onofrio/cds.lib,4): cds.lib Invalid path '/tmp/fastconv-p3f-d0282f55/rtl/conv2x2/fpga_zcu104/conv-i16-h16-t16-o4-m08-std/reports/p3_funcsim/simlibs_func/xpm' (cds.lib command ignored).
DEFINE xilinx_vip  /tmp/fastconv-p3f-d0282f55/rtl/conv2x2/fpga_zcu104/conv-i16-h16-t16-o4-m08-std/reports/p3_funcsim/simlibs_func/xilinx_vip
|
xmvlog_cg: *W,DLCPTH (/home/tarsio.onofrio/cds.lib,5): cds.lib Invalid path '/tmp/fastconv-p3f-d0282f55/rtl/conv2x2/fpga_zcu104/conv-i16-h16-t16-o4-m08-std/reports/p3_funcsim/simlibs_func/xilinx_vip' (cds.lib command ignored).
DEFINE common_cpp_v1_0  /tmp/fastconv-p3f-d0282f55/rtl/conv2x2/fpga_zcu104/conv-i16-h16-t16-o4-m08-std/reports/p3_funcsim/simlibs_func/common_cpp_v1_0
|
xmvlog_cg: *W,DLCPTH (/home/tarsio.onofrio/cds.lib,6): cds.lib Invalid path '/tmp/fastconv-p3f-d0282f55/rtl/conv2x2/fpga_zcu104/conv-i16-h16-t16-o4-m08-std/reports/p3_funcsim/simlibs_func/common_cpp_v1_0' (cds.lib command ignored).
DEFINE xtlm  /tmp/fastconv-p3f-d0282f55/rtl/conv2x2/fpga_zcu104/conv-i16-h16-t16-o4-m08-std/reports/p3_funcsim/simlibs_func/xtlm
|
xmvlog_cg: *W,DLCPTH (/home/tarsio.onofrio/cds.lib,7): cds.lib Invalid path '/tmp/fastconv-p3f-d0282f55/rtl/conv2x2/fpga_zcu104/conv-i16-h16-t16-o4-m08-std/reports/p3_funcsim/simlibs_func/xtlm' (cds.lib command ignored).
DEFINE xscl  /tmp/fastconv-p3f-d0282f55/rtl/conv2x2/fpga_zcu104/conv-i16-h16-t16-o4-m08-std/reports/p3_funcsim/simlibs_func/xscl
|
xmvlog_cg: *W,DLCPTH (/home/tarsio.onofrio/cds.lib,8): cds.lib Invalid path '/tmp/fastconv-p3f-d0282f55/rtl/conv2x2/fpga_zcu104/conv-i16-h16-t16-o4-m08-std/reports/p3_funcsim/simlibs_func/xscl' (cds.lib command ignored).
DEFINE emu_perf_common_v1_0  /tmp/fastconv-p3f-d0282f55/rtl/conv2x2/fpga_zcu104/conv-i16-h16-t16-o4-m08-std/reports/p3_funcsim/simlibs_func/emu_perf_common_v1_0
|
xmvlog_cg: *W,DLCPTH (/home/tarsio.onofrio/cds.lib,9): cds.lib Invalid path '/tmp/fastconv-p3f-d0282f55/rtl/conv2x2/fpga_zcu104/conv-i16-h16-t16-o4-m08-std/reports/p3_funcsim/simlibs_func/emu_perf_common_v1_0' (cds.lib command ignored).
DEFINE axi_tlm_ext_v1_0  /tmp/fastconv-p3f-d0282f55/rtl/conv2x2/fpga_zcu104/conv-i16-h16-t16-o4-m08-std/reports/p3_funcsim/simlibs_func/axi_tlm_ext_v1_0
|
xmvlog_cg: *W,DLCPTH (/home/tarsio.onofrio/cds.lib,10): cds.lib Invalid path '/tmp/fastconv-p3f-d0282f55/rtl/conv2x2/fpga_zcu104/conv-i16-h16-t16-o4-m08-std/reports/p3_funcsim/simlibs_func/axi_tlm_ext_v1_0' (cds.lib command ignored).
DEFINE axi_tg_sc_v1_0  /tmp/fastconv-p3f-d0282f55/rtl/conv2x2/fpga_zcu104/conv-i16-h16-t16-o4-m08-std/reports/p3_funcsim/simlibs_func/axi_tg_sc_v1_0
|
xmvlog_cg: *W,DLCPTH (/home/tarsio.onofrio/cds.lib,11): cds.lib Invalid path '/tmp/fastconv-p3f-d0282f55/rtl/conv2x2/fpga_zcu104/conv-i16-h16-t16-o4-m08-std/reports/p3_funcsim/simlibs_func/axi_tg_sc_v1_0' (cds.lib command ignored).
DEFINE secureip  /sim/tarsio/reports-conv3x3-ifn9-explore-149bd5be/simlibs_unisim/secureip
|
xmvlog_cg: *W,DLCPTH (/home/tarsio.onofrio/cds.lib,12): cds.lib Invalid path '/sim/tarsio/reports-conv3x3-ifn9-explore-149bd5be/simlibs_unisim/secureip' (cds.lib command ignored).
DEFINE unisims_ver  /sim/tarsio/reports-conv3x3-ifn9-explore-149bd5be/simlibs_unisim/unisims_ver
|
xmvlog_cg: *W,DLCPTH (/home/tarsio.onofrio/cds.lib,13): cds.lib Invalid path '/sim/tarsio/reports-conv3x3-ifn9-explore-149bd5be/simlibs_unisim/unisims_ver' (cds.lib command ignored).
DEFINE unimacro_ver  /sim/tarsio/reports-conv3x3-ifn9-explore-149bd5be/simlibs_unisim/unimacro_ver
|
xmvlog_cg: *W,DLCPTH (/home/tarsio.onofrio/cds.lib,14): cds.lib Invalid path '/sim/tarsio/reports-conv3x3-ifn9-explore-149bd5be/simlibs_unisim/unimacro_ver' (cds.lib command ignored).
DEFINE unifast_ver  /sim/tarsio/reports-conv3x3-ifn9-explore-149bd5be/simlibs_unisim/unifast_ver
|
xmvlog_cg: *W,DLCPTH (/home/tarsio.onofrio/cds.lib,15): cds.lib Invalid path '/sim/tarsio/reports-conv3x3-ifn9-explore-149bd5be/simlibs_unisim/unifast_ver' (cds.lib command ignored).
		worklib.OAI22OPTPBD6BWP30P140:v <0x422b154e>
			streams:   0, words:     0
		worklib.OAI22OPTPBD6BWP30P140:v <0x650ed9d2>
			streams:   0, words:     0
		worklib.OAI21OPTREPBD6BWP30P140:v <0x4f06100a>
			streams:   0, words:     0
		worklib.MUX2NOPTD8BWP30P140:v <0x4734f1fc>
			streams:   0, words:     0
		worklib.CKMUX2D1BWP30P140:v <0x5a16b72d>
			streams:   0, words:     0
		worklib.HA1D1BWP30P140:v <0x7a7b0d56>
			streams:   0, words:     0
		worklib.OAI22D6BWP30P140:v <0x782c0554>
			streams:   0, words:     0
		worklib.HA1D2BWP30P140:v <0x7f444022>
			streams:   0, words:     0
		worklib.OAI21D8BWP30P140:v <0x35eddc04>
			streams:   0, words:     0
		worklib.OAI21D2BWP30P140:v <0x1e95cee0>
			streams:   0, words:     0
		worklib.OAI21D6BWP30P140:v <0x2fb53cc4>
			streams:   0, words:     0
		worklib.OAI21OPTREPBD4BWP30P140:v <0x2c03756d>
			streams:   0, words:     0
		worklib.MUX2OPTD12BWP30P140:v <0x38712913>
			streams:   0, words:     0
		worklib.XNR2D1BWP30P140:v <0x687a80e1>
			streams:   0, words:     0
		worklib.DFKCND4BWP30P140:v <0x3d72d623>
			streams:   0, words:     0
		worklib.OAI31D0BWP30P140:v <0x543da1dd>
			streams:   0, words:     0
		worklib.XOR2D1BWP30P140:v <0x097efc8e>
			streams:   0, words:     0
		worklib.OA21D1BWP30P140:v <0x1d629266>
			streams:   0, words:     0
		worklib.FA1D4BWP30P140:v <0x7727ef9f>
			streams:   0, words:     0
		worklib.DFKCNQD4BWP30P140:v <0x1525d1b4>
			streams:   0, words:     0
		worklib.AOI21D2BWP30P140:v <0x55493a50>
			streams:   0, words:     0
		worklib.DFKCND1BWP30P140:v <0x0f66288b>
			streams:   0, words:     0
		worklib.DFQD1BWP30P140:v <0x5a468195>
			streams:   0, words:     0
		worklib.XNR2UD1BWP30P140:v <0x547d1f80>
			streams:   0, words:     0
		worklib.DFKCNQD2BWP30P140:v <0x721fa166>
			streams:   0, words:     0
		worklib.XOR2UD0BWP30P140:v <0x61fc7392>
			streams:   0, words:     0
		worklib.XOR2OPTND2BWP30P140:v <0x4e39799a>
			streams:   0, words:     0
		worklib.XOR2OPTND4BWP30P140:v <0x3f6a23ef>
			streams:   0, words:     0
		worklib.XNR2OPTND2BWP30P140:v <0x4dd50d4e>
			streams:   0, words:     0
		worklib.FA1OPTCD1BWP30P140:v <0x6b8e41c7>
			streams:   0, words:     0
		worklib.FA1D2BWP30P140:v <0x366773d3>
			streams:   0, words:     0
		worklib.FA1OPTCD2BWP30P140:v <0x348a945e>
			streams:   0, words:     0
		worklib.OAI22D0P7BWP30P140:v <0x3257ddff>
			streams:   0, words:     0
		worklib.OAI22D0BWP30P140:v <0x3061d2a7>
			streams:   0, words:     0
		worklib.OAI211OPTD6BWP30P140:v <0x7856eb29>
			streams:   0, words:     0
		worklib.AOI21OPTREPBD1BWP30P140:v <0x33ef5d0f>
			streams:   0, words:     0
		worklib.DFKCNQD2BWP30P140:v <0x2c158f96>
			streams:   0, words:     0
		worklib.DFKCNQD1BWP30P140:v <0x3674d63e>
			streams:   0, words:     0
		worklib.OAI22OPTPBD4BWP30P140:v <0x1a4dbde7>
			streams:   0, words:     0
		worklib.OAI22D4BWP30P140:v <0x03b0d36d>
			streams:   0, words:     0
		worklib.HA1D4BWP30P140:v <0x753adaca>
			streams:   0, words:     0
		worklib.CKMUX2D0BWP30P140:v <0x2488f9d3>
			streams:   0, words:     0
		worklib.OAI21OPTREPBD2BWP30P140:v <0x639b6c17>
			streams:   0, words:     0
		worklib.OAI21D4BWP30P140:v <0x5e30ad0d>
			streams:   0, words:     0
		worklib.OAI22D2BWP30P140:v <0x6cd8c802>
			streams:   0, words:     0
		worklib.IOA22D4BWP30P140:v <0x008db628>
			streams:   0, words:     0
		worklib.OAI22OPTPBD2BWP30P140:v <0x4300f48e>
			streams:   0, words:     0
		worklib.AO22D1BWP30P140:v <0x34c9c86c>
			streams:   0, words:     0
		worklib.IOA22D2BWP30P140:v <0x6fe5ad47>
			streams:   0, words:     0
		worklib.MOAI22D2BWP30P140:v <0x0a54d43d>
			streams:   0, words:     0
		worklib.MOAI22D4BWP30P140:v <0x351c8032>
			streams:   0, words:     0
		worklib.MUX2D1BWP30P140:v <0x45c32e8b>
			streams:   0, words:     0
		worklib.AO22D2BWP30P140:v <0x3700408a>
			streams:   0, words:     0
		worklib.AO22D4BWP30P140:v <0x535e3062>
			streams:   0, words:     0
		worklib.MUX2OPTD2BWP30P140:v <0x7374445c>
			streams:   0, words:     0
		worklib.MUX2OPTD4BWP30P140:v <0x7ab87382>
			streams:   0, words:     0
		worklib.MUX2D4BWP30P140:v <0x63c8a8ba>
			streams:   0, words:     0
		worklib.MUX2OPTD6BWP30P140:v <0x5b8ef379>
			streams:   0, words:     0
		worklib.IOA21D4BWP30P140:v <0x1a470b32>
			streams:   0, words:     0
		worklib.CKMUX2D2BWP30P140:v <0x02c5626e>
			streams:   0, words:     0
		worklib.MUX2OPTD8BWP30P140:v <0x3b0bcd88>
			streams:   0, words:     0
		worklib.CKMUX2D4BWP30P140:v <0x6813cea9>
			streams:   0, words:     0
		worklib.MUX2D2BWP30P140:v <0x30518e47>
			streams:   0, words:     0
		worklib.AO21D4BWP30P140:v <0x2f32547f>
			streams:   0, words:     0
		worklib.AO21D2BWP30P140:v <0x7cab7282>
			streams:   0, words:     0
		worklib.DFKCNQD1BWP30P140:v <0x687ef8ce>
			streams:   0, words:     0
		worklib.mult_add_fix8bx16bx4_343:v <0x3e52ed01>
			streams:   1, words:   662
		worklib.mult_add_fix8bx16bx4_319:v <0x47c63a30>
			streams:   1, words:   662
		worklib.mult_add_fix8bx16bx4_415:v <0x523b2fb1>
			streams:   1, words:   662
		worklib.mult_add_fix8bx16bx4_607:v <0x792c659e>
			streams:   1, words:   662
		worklib.CKXOR2D0BWP30P140:v <0x41b41272>
			streams:   0, words:     0
		worklib.mult_add_fix8bx16bx4_535:v <0x6d64e44d>
			streams:   1, words:   662
		worklib.HA1D0BWP30P140:v <0x7c891be2>
			streams:   0, words:     0
		worklib.mult_add_fix8bx16bx4_199:v <0x46374037>
			streams:   1, words:   662
		worklib.mult_add_fix8bx16bx4_727:v <0x350e50d0>
			streams:   1, words:   662
		worklib.XNR3D0BWP30P140:v <0x72474fd3>
			streams:   0, words:     0
		worklib.XNR2OPTND8BWP30P140:v <0x012e572e>
			streams:   0, words:     0
		worklib.mult_add_fix8bx16bx4_463:v <0x6e0403eb>
			streams:   1, words:   662
		worklib.AOI21D8BWP30P140:v <0x42d87e1e>
			streams:   0, words:     0
		worklib.mult_add_fix8bx16bx4_367:v <0x52f380cc>
			streams:   1, words:   662
		worklib.mult_add_fix8bx16bx4_247:v <0x1ed1b582>
			streams:   1, words:   662
		worklib.SDFQNOPTSADD4BWP30P140:v <0x7d3a2b2a>
			streams:   0, words:     0
		worklib.mult_add_fix8bx16bx4_655:v <0x38c32033>
			streams:   1, words:   662
		worklib.DFD2BWP30P140:v <0x7bd7530f>
			streams:   0, words:     0
		worklib.mult_add_fix8bx16bx4_175:v <0x49edb1a8>
			streams:   1, words:   662
		worklib.XOR2OPTND8BWP30P140:v <0x62fcec01>
			streams:   0, words:     0
		worklib.MAOI222D4BWP30P140:v <0x3332d4c0>
			streams:   0, words:     0
		worklib.mult_add_fix8bx16bx4_295:v <0x505b2159>
			streams:   1, words:   662
		worklib.SDFD1BWP30P140:v <0x2f5a9dab>
			streams:   0, words:     0
		worklib.mult_add_fix8bx16bx4_271:v <0x7f301bee>
			streams:   1, words:   662
		worklib.OA22D4BWP30P140:v <0x1c0bd620>
			streams:   0, words:     0
		worklib.FA1D0BWP30P140:v <0x07ee595b>
			streams:   0, words:     0
		worklib.OAI22D1P5BWP30P140:v <0x155b63df>
			streams:   0, words:     0
		worklib.XNR4D1BWP30P140:v <0x160a3da2>
			streams:   0, words:     0
		worklib.XOR2OPTND6BWP30P140:v <0x788a99d3>
			streams:   0, words:     0
		worklib.XOR4D1BWP30P140:v <0x2ec1a78f>
			streams:   0, words:     0
		worklib.AOI21OPTREPBD6BWP30P140:v <0x6d4293de>
			streams:   0, words:     0
		worklib.OAI21D8BWP30P140:v <0x09048aae>
			streams:   0, words:     0
		worklib.winograd_f43_input_transform_IN_W16_OUT_W16_CALC_W20_9:v <0x30eb9579>
			streams:   0, words:     0
		worklib.winograd_f43_input_transform_IN_W16_OUT_W16_CALC_W20_7:v <0x48f114e3>
			streams:   0, words:     0
		worklib.AOI211D4BWP30P140:v <0x11d06253>
			streams:   0, words:     0
		worklib.OAI21OPTREPBD6BWP30P140:v <0x73ef46a0>
			streams:   0, words:     0
		worklib.DFD4BWP30P140:v <0x5d499107>
			streams:   0, words:     0
		worklib.AOI211D6BWP30P140:v <0x30def5bb>
			streams:   0, words:     0
		worklib.winograd_f43_input_transform_IN_W16_OUT_W16_CALC_W20_1:v <0x08a542e2>
			streams:   0, words:     0
		worklib.winograd_f43_input_transform_IN_W16_OUT_W16_CALC_W20_13:v <0x7de60113>
			streams:   0, words:     0
		worklib.AOI211OPTREPBD4BWP30P140:v <0x6d609e45>
			streams:   0, words:     0
		worklib.MAOI222D0BWP30P140:v <0x4734ff4d>
			streams:   0, words:     0
		worklib.HA1D4BWP30P140:v <0x72b6c6ab>
			streams:   0, words:     0
		worklib.FA1D1BWP30P140:v <0x67218d67>
			streams:   0, words:     0
		worklib.MOAI22D1BWP30P140:v <0x49aecd88>
			streams:   0, words:     0
		worklib.XOR2UD1BWP30P140:v <0x2110108e>
			streams:   0, words:     0
		worklib.DFQD4BWP30P140:v <0x3e26988a>
			streams:   0, words:     0
		worklib.pipecnn_memread_compute:v <0x503a0b74>
			streams:   0, words:     0
		worklib.IOA21D0BWP30P140:v <0x109f6069>
			streams:   0, words:     0
		worklib.DFD1BWP30P140:v <0x51bb80bd>
			streams:   0, words:     0
		worklib.MUX3NUD1BWP30P140:v <0x2131be59>
			streams:   0, words:     0
		worklib.AO22D8BWP30P140:v <0x160936d2>
			streams:   0, words:     0
		worklib.AOI221D4BWP30P140:v <0x18477446>
			streams:   0, words:     0
		worklib.OAI211D0BWP30P140:v <0x0abf71e7>
			streams:   0, words:     0
		worklib.AOI22D6BWP30P140:v <0x277dfbf4>
			streams:   0, words:     0
		worklib.IAO22D1BWP30P140:v <0x26f93783>
			streams:   0, words:     0
		worklib.CKXOR2D1BWP30P140:v <0x78355cf1>
			streams:   0, words:     0
		worklib.OAI32D4BWP30P140:v <0x04f6f184>
			streams:   0, words:     0
		worklib.AOI21OPTREPBD4BWP30P140:v <0x0e47f6b9>
			streams:   0, words:     0
		worklib.XOR2UD0BWP30P140:v <0x66706ff3>
			streams:   0, words:     0
		worklib.XOR3D0BWP30P140:v <0x0436ef69>
			streams:   0, words:     0
		worklib.OA211D2BWP30P140:v <0x5292b5ef>
			streams:   0, words:     0
		worklib.MUX2D4BWP30P140:v <0x04a5f696>
			streams:   0, words:     0
		worklib.OAI211D4BWP30P140:v <0x701e3952>
			streams:   0, words:     0
		worklib.MAOI22D4BWP30P140:v <0x77d404d2>
			streams:   0, words:     0
		worklib.AO211D4BWP30P140:v <0x6d237652>
			streams:   0, words:     0
		worklib.OAI22OPTPBD4BWP30P140:v <0x3d68717b>
			streams:   0, words:     0
		worklib.CKXOR2D2BWP30P140:v <0x0a0ae811>
			streams:   0, words:     0
		worklib.MAOI22D0BWP30P140:v <0x5a922e75>
			streams:   0, words:     0
		worklib.XOR2D2BWP30P140:v <0x5e4a8863>
			streams:   0, words:     0
		worklib.OAI211OPTREPBD4BWP30P140:v <0x1b85d088>
			streams:   0, words:     0
		worklib.AOI22D0P7BWP30P140:v <0x70d06da2>
			streams:   0, words:     0
		worklib.OAI211OPTREPBD1BWP30P140:v <0x6926fcb1>
			streams:   0, words:     0
		worklib.IAO22D4BWP30P140:v <0x4f843399>
			streams:   0, words:     0
		worklib.CKXOR2D4BWP30P140:v <0x0db8e0f5>
			streams:   0, words:     0
		worklib.AO211D0BWP30P140:v <0x699f308b>
			streams:   0, words:     0
		worklib.HA1D2BWP30P140:v <0x78c85c43>
			streams:   0, words:     0
		worklib.OAI22OPTPBD2BWP30P140:v <0x64253812>
			streams:   0, words:     0
		worklib.AOI211D1BWP30P140:v <0x12e389c9>
			streams:   0, words:     0
		worklib.AOI22D4BWP30P140:v <0x5ce12dcd>
			streams:   0, words:     0
		worklib.OAI22OPTPBD1BWP30P140:v <0x4c2ef75d>
			streams:   0, words:     0
		worklib.AOI31D4BWP30P140:v <0x3c39edc1>
			streams:   0, words:     0
		worklib.OAI32D2BWP30P140:v <0x557d0085>
			streams:   0, words:     0
		worklib.MUX2OPTD6BWP30P140:v <0x3ce3ad55>
			streams:   0, words:     0
		worklib.AOI211OPTREPBD2BWP30P140:v <0x490606cd>
			streams:   0, words:     0
		worklib.XNR3D2BWP30P140:v <0x225399f0>
			streams:   0, words:     0
		worklib.AO21D0BWP30P140:v <0x40d38911>
			streams:   0, words:     0
		worklib.AOI22D2BWP30P140:v <0x338936a2>
			streams:   0, words:     0
		worklib.MAOI222D2BWP30P140:v <0x108f69ab>
			streams:   0, words:     0
		worklib.IAO21D0BWP30P140:v <0x3a0e42cf>
			streams:   0, words:     0
		worklib.IOA21D0BWP30P140:v <0x20ad7f1b>
			streams:   0, words:     0
		worklib.MUX2OPTD4BWP30P140:v <0x1dd52dae>
			streams:   0, words:     0
		worklib.AOI221D0BWP30P140:v <0x02259622>
			streams:   0, words:     0
		worklib.XNR2D0BWP30P140:v <0x6a949b75>
			streams:   0, words:     0
		worklib.AOI22D1P5BWP30P140:v <0x424f4eab>
			streams:   0, words:     0
		worklib.XNR2OPTND2BWP30P140:v <0x4a59112f>
			streams:   0, words:     0
		worklib.OAI211D2BWP30P140:v <0x65c5b496>
			streams:   0, words:     0
		worklib.IAO21D2BWP30P140:v <0x4e9255ba>
			streams:   0, words:     0
		worklib.MUX2ND4BWP30P140:v <0x7935d563>
			streams:   0, words:     0
		worklib.AO21D0BWP30P140:v <0x7c3adfbb>
			streams:   0, words:     0
		worklib.IOA22D2BWP30P140:v <0x48c061db>
			streams:   0, words:     0
		worklib.XOR3D2BWP30P140:v <0x05bb9328>
			streams:   0, words:     0
		worklib.MAOI222D1BWP30P140:v <0x2ce9343e>
			streams:   0, words:     0
		worklib.FA1OPTSD2BWP30P140:v <0x3f5c3a34>
			streams:   0, words:     0
		worklib.OA21D0BWP30P140:v <0x5488c939>
			streams:   0, words:     0
		worklib.AOI21OPTREPBD2BWP30P140:v <0x41dfefc3>
			streams:   0, words:     0
		worklib.AO22D1BWP30P140:v <0x13ec04f0>
			streams:   0, words:     0
		worklib.OAI22D2BWP30P140:v <0x4bfd049e>
			streams:   0, words:     0
		worklib.AOI21D1P5BWP30P140:v <0x0f026095>
			streams:   0, words:     0
		worklib.XOR3D4BWP30P140:v <0x7c06ce82>
			streams:   0, words:     0
		worklib.XOR3UD0BWP30P140:v <0x397227f7>
			streams:   0, words:     0
		worklib.MUX2ND0BWP30P140:v <0x48152747>
			streams:   0, words:     0
		worklib.OAI221D4BWP30P140:v <0x692b00d1>
			streams:   0, words:     0
		worklib.MOAI22D4BWP30P140:v <0x12394cae>
			streams:   0, words:     0
		worklib.IAO22D2BWP30P140:v <0x0b9f7df7>
			streams:   0, words:     0
		worklib.AOI31D2BWP30P140:v <0x1921b33b>
			streams:   0, words:     0
		worklib.OA21D2BWP30P140:v <0x54196400>
			streams:   0, words:     0
		worklib.CKMUX2D2BWP30P140:v <0x65a83c42>
			streams:   0, words:     0
		worklib.CKMUX2D4BWP30P140:v <0x0f7e9085>
			streams:   0, words:     0
		worklib.IOA21D2BWP30P140:v <0x72fd3bd0>
			streams:   0, words:     0
		worklib.OAI211OPTREPBD2BWP30P140:v <0x71971a99>
			streams:   0, words:     0
		worklib.OAI31D4BWP30P140:v <0x2ca05f75>
			streams:   0, words:     0
		worklib.AOI21D6BWP30P140:v <0x58809ede>
			streams:   0, words:     0
		worklib.AO22D2BWP30P140:v <0x10258c16>
			streams:   0, words:     0
		worklib.AOI21D0P7BWP30P140:v <0x2144926a>
			streams:   0, words:     0
		worklib.XOR3D1BWP30P140:v <0x39653dfd>
			streams:   0, words:     0
		worklib.IOA22D4BWP30P140:v <0x27a87ab4>
			streams:   0, words:     0
		worklib.CKMUX2D1BWP30P140:v <0x3d7be901>
			streams:   0, words:     0
		worklib.MUX2NOPTD6BWP30P140:v <0x2c6d4675>
			streams:   0, words:     0
		worklib.IOA21D4BWP30P140:v <0x26ae5d98>
			streams:   0, words:     0
		worklib.IAO21D4BWP30P140:v <0x6b8a0b40>
			streams:   0, words:     0
		worklib.XNR3D4BWP30P140:v <0x24b020ad>
			streams:   0, words:     0
		worklib.OAI22D4BWP30P140:v <0x24951ff1>
			streams:   0, words:     0
		worklib.OAI21D0P7BWP30P140:v <0x013ce8ef>
			streams:   0, words:     0
		worklib.OAI21OPTREPBD4BWP30P140:v <0x10ea23c7>
			streams:   0, words:     0
		worklib.XNR3UD1BWP30P140:v <0x2dd34215>
			streams:   0, words:     0
		worklib.AOI21OPTREPBD1BWP30P140:v <0x0f060ba5>
			streams:   0, words:     0
		worklib.IOA22D1BWP30P140:v <0x7bd90797>
			streams:   0, words:     0
		worklib.OAI31D1BWP30P140:v <0x7221c629>
			streams:   0, words:     0
		worklib.OAI31D2BWP30P140:v <0x09b8018f>
			streams:   0, words:     0
		worklib.OAI21OPTREPBD1BWP30P140:v <0x11abdedb>
			streams:   0, words:     0
		worklib.OA22D0BWP30P140:v <0x5ca9c43d>
			streams:   0, words:     0
		worklib.OAI22D6BWP30P140:v <0x5f09c9c8>
			streams:   0, words:     0
		worklib.OAI221D2BWP30P140:v <0x6fce95a1>
			streams:   0, words:     0
		worklib.MUX2OPTD2BWP30P140:v <0x14191a70>
			streams:   0, words:     0
		worklib.MOAI22D2BWP30P140:v <0x2d7118a1>
			streams:   0, words:     0
		worklib.MUX2ND1BWP30P140:v <0x059c34ca>
			streams:   0, words:     0
		worklib.XOR3UD1BWP30P140:v <0x3677f724>
			streams:   0, words:     0
		worklib.IAO21D1BWP30P140:v <0x350b921c>
			streams:   0, words:     0
		worklib.OAI21D1P5BWP30P140:v <0x2f7a1a10>
			streams:   0, words:     0
		worklib.AO22D4BWP30P140:v <0x747bfcfe>
			streams:   0, words:     0
		worklib.MOAI22D0BWP30P140:v <0x3f7f6609>
			streams:   0, words:     0
		worklib.OA211D1BWP30P140:v <0x6253825a>
			streams:   0, words:     0
		worklib.FA1D2BWP30P140:v <0x71fed0a0>
			streams:   0, words:     0
		worklib.OAI211D1BWP30P140:v <0x3d598051>
			streams:   0, words:     0
		worklib.OAI22D1BWP30P140:v <0x78e462d2>
			streams:   0, words:     0
		worklib.OAI32D1BWP30P140:v <0x5e952d26>
			streams:   0, words:     0
		worklib.MAOI22D2BWP30P140:v <0x489c50dd>
			streams:   0, words:     0
		worklib.MUX2NOPTD2BWP30P140:v <0x7784f049>
			streams:   0, words:     0
		worklib.OAI222D1BWP30P140:v <0x32c35a3d>
			streams:   0, words:     0
		worklib.MUX2D1BWP30P140:v <0x22ae70a7>
			streams:   0, words:     0
		worklib.MUX2ND2BWP30P140:v <0x3990b68e>
			streams:   0, words:     0
		worklib.OA22D1BWP30P140:v <0x7b9c2e2e>
			streams:   0, words:     0
		worklib.IOA21D2BWP30P140:v <0x4e146d7a>
			streams:   0, words:     0
		worklib.AOI222D1BWP30P140:v <0x7e1db2fd>
			streams:   0, words:     0
		worklib.AOI32D1BWP30P140:v <0x0f810285>
			streams:   0, words:     0
		worklib.MUX2NOPTD4BWP30P140:v <0x707f2df9>
			streams:   0, words:     0
		worklib.OAI21OPTREPBD2BWP30P140:v <0x5f723abd>
			streams:   0, words:     0
		worklib.AOI21D0BWP30P140:v <0x1825fd33>
			streams:   0, words:     0
		worklib.AOI222D0BWP30P140:v <0x6deecf76>
			streams:   0, words:     0
		worklib.XNR2OPTND4BWP30P140:v <0x5230f3cc>
			streams:   0, words:     0
		worklib.AO21D1BWP30P140:v <0x0939d24e>
			streams:   0, words:     0
		worklib.XOR2OPTND2BWP30P140:v <0x49b565fb>
			streams:   0, words:     0
		worklib.XNR2UD0BWP30P140:v <0x06ccbd12>
			streams:   0, words:     0
		worklib.XOR2D1BWP30P140:v <0x0ef2e0ef>
			streams:   0, words:     0
		worklib.HA1D1BWP30P140:v <0x7df71137>
			streams:   0, words:     0
		worklib.FA1D1BWP30P140:v <0x20b82e14>
			streams:   0, words:     0
		worklib.DFQD1BWP30P140:v <0x46f261d5>
			streams:   0, words:     0
		worklib.FA1OPTCD1BWP30P140:v <0x2c17e2b4>
			streams:   0, words:     0
		worklib.AOI21D2BWP30P140:v <0x69a06cfa>
			streams:   0, words:     0
		worklib.OAI21D4BWP30P140:v <0x62d9fba7>
			streams:   0, words:     0
		worklib.OAI21D2BWP30P140:v <0x227c984a>
			streams:   0, words:     0
		worklib.AOI22D1BWP30P140:v <0x009050ee>
			streams:   0, words:     0
		worklib.OAI21D6BWP30P140:v <0x135c6a6e>
			streams:   0, words:     0
		worklib.AOI21D4BWP30P140:v <0x29050f17>
			streams:   0, words:     0
		worklib.XNR2OPTND6BWP30P140:v <0x7c653fdc>
			streams:   0, words:     0
		worklib.MUX2D0BWP30P140:v <0x57ad7d52>
			streams:   0, words:     0
		worklib.XNR3D1BWP30P140:v <0x7d7c76ec>
			streams:   0, words:     0
		worklib.IOA21D1BWP30P140:v <0x06a023a1>
			streams:   0, words:     0
		worklib.DFD1BWP30P140:v <0x685cad50>
			streams:   0, words:     0
		worklib.CKMUX2D0BWP30P140:v <0x43e5a7ff>
			streams:   0, words:     0
		worklib.OA21D1BWP30P140:v <0x218bc4cc>
			streams:   0, words:     0
		worklib.AOI221D2BWP30P140:v <0x495618cd>
			streams:   0, words:     0
		worklib.MOAI22D1BWP30P140:v <0x6e8b0114>
			streams:   0, words:     0
		worklib.OAI221D1BWP30P140:v <0x1d5aef8b>
			streams:   0, words:     0
		worklib.OAI21D1BWP30P140:v <0x1e701a0e>
			streams:   0, words:     0
		worklib.IOA21D1BWP30P140:v <0x3a49750b>
			streams:   0, words:     0
		worklib.AOI21D1BWP30P140:v <0x55aceebe>
			streams:   0, words:     0
		worklib.MUX2NUD1BWP30P140:v <0x4ae4a8f0>
			streams:   0, words:     0
		worklib.MAOI22D1BWP30P140:v <0x0b664968>
			streams:   0, words:     0
		worklib.AOI31D1BWP30P140:v <0x62b8749d>
			streams:   0, words:     0
		worklib.AO211D1BWP30P140:v <0x6e4bff3b>
			streams:   0, words:     0
		worklib.MUX2D2BWP30P140:v <0x573cd06b>
			streams:   0, words:     0
		worklib.MUX3D1BWP30P140:v <0x41a7647e>
			streams:   0, words:     0
		worklib.MUX3D2BWP30P140:v <0x3eeec2d0>
			streams:   0, words:     0
		worklib.AO211D2BWP30P140:v <0x5e8ac88e>
			streams:   0, words:     0
		worklib.AO22D0BWP30P140:v <0x34d9eee3>
			streams:   0, words:     0
		worklib.XOR2UD1BWP30P140:v <0x269c0cef>
			streams:   0, words:     0
		worklib.XNR2UD1BWP30P140:v <0x53f103e1>
			streams:   0, words:     0
		worklib.AO21D4BWP30P140:v <0x13db02d5>
			streams:   0, words:     0
		worklib.AO21D2BWP30P140:v <0x40422428>
			streams:   0, words:     0
		worklib.AO21D1BWP30P140:v <0x35d084e4>
			streams:   0, words:     0
		worklib.XOR2OPTND4BWP30P140:v <0x38e63f8e>
			streams:   0, words:     0
		worklib.XOR2D4BWP30P140:v <0x15adefa8>
			streams:   0, words:     0
		worklib.XNR2D4BWP30P140:v <0x55154c2a>
			streams:   0, words:     0
		worklib.XNR2D2BWP30P140:v <0x690a4368>
			streams:   0, words:     0
		worklib.XNR2D1BWP30P140:v <0x6ff69c80>
			streams:   0, words:     0
		worklib.FA1D4BWP30P140:v <0x30be4cec>
			streams:   0, words:     0
		worklib.FA1OPTCD2BWP30P140:v <0x7313372d>
			streams:   0, words:     0
		worklib.OA21D4BWP30P140:v <0x078042fd>
			streams:   0, words:     0
		worklib.AOI221D1BWP30P140:v <0x3bc262e7>
			streams:   0, words:     0
		worklib.DFQD2BWP30P140:v <0x6ebe36e0>
			streams:   0, words:     0
		worklib.pipecnn_memread_conv_slice:v <0x63b9214e>
			streams:   0, words:     0
		worklib.tb_memread_conv_slice:sv <0x0fc43ce9>
			streams:  24, words: 32771
	Building instance specific data structures.
	Loading native compiled code:     .................... Done
	Design hierarchy summary:
		                       Instances  Unique
		Modules:                 1013426    1180
		UDPs:                     509154       3
		Primitives:              3449572       6
		Timing outputs:          1258366     209
		Registers:                 86527      66
		Scalar wires:            1389908       -
		Expanded wires:            27168       8
		Initial blocks:                3       3
		Cont. assignments:             0       4
		Pseudo assignments:           30       -
		Timing checks:            700720  139148
		Interconnect:            2704513    1611
		Delayed tcheck signals:   173753   51680
		Simulation timescale:        1ps
	Writing initial simulation snapshot: worklib.tb_memread_conv_slice:sv
DEFINE unisim  /tmp/fastconv-p3f-d0282f55/rtl/conv2x2/fpga_zcu104/conv-i16-h16-t16-o4-m08-std/reports/p3_funcsim/simlibs_func/unisim
|
xmsim: *W,DLCPTH (/home/tarsio.onofrio/cds.lib,1): cds.lib Invalid path '/tmp/fastconv-p3f-d0282f55/rtl/conv2x2/fpga_zcu104/conv-i16-h16-t16-o4-m08-std/reports/p3_funcsim/simlibs_func/unisim' (cds.lib command ignored).
DEFINE unimacro  /tmp/fastconv-p3f-d0282f55/rtl/conv2x2/fpga_zcu104/conv-i16-h16-t16-o4-m08-std/reports/p3_funcsim/simlibs_func/unimacro
|
xmsim: *W,DLCPTH (/home/tarsio.onofrio/cds.lib,2): cds.lib Invalid path '/tmp/fastconv-p3f-d0282f55/rtl/conv2x2/fpga_zcu104/conv-i16-h16-t16-o4-m08-std/reports/p3_funcsim/simlibs_func/unimacro' (cds.lib command ignored).
DEFINE unifast  /tmp/fastconv-p3f-d0282f55/rtl/conv2x2/fpga_zcu104/conv-i16-h16-t16-o4-m08-std/reports/p3_funcsim/simlibs_func/unifast
|
xmsim: *W,DLCPTH (/home/tarsio.onofrio/cds.lib,3): cds.lib Invalid path '/tmp/fastconv-p3f-d0282f55/rtl/conv2x2/fpga_zcu104/conv-i16-h16-t16-o4-m08-std/reports/p3_funcsim/simlibs_func/unifast' (cds.lib command ignored).
DEFINE xpm  /tmp/fastconv-p3f-d0282f55/rtl/conv2x2/fpga_zcu104/conv-i16-h16-t16-o4-m08-std/reports/p3_funcsim/simlibs_func/xpm
|
xmsim: *W,DLCPTH (/home/tarsio.onofrio/cds.lib,4): cds.lib Invalid path '/tmp/fastconv-p3f-d0282f55/rtl/conv2x2/fpga_zcu104/conv-i16-h16-t16-o4-m08-std/reports/p3_funcsim/simlibs_func/xpm' (cds.lib command ignored).
DEFINE xilinx_vip  /tmp/fastconv-p3f-d0282f55/rtl/conv2x2/fpga_zcu104/conv-i16-h16-t16-o4-m08-std/reports/p3_funcsim/simlibs_func/xilinx_vip
|
xmsim: *W,DLCPTH (/home/tarsio.onofrio/cds.lib,5): cds.lib Invalid path '/tmp/fastconv-p3f-d0282f55/rtl/conv2x2/fpga_zcu104/conv-i16-h16-t16-o4-m08-std/reports/p3_funcsim/simlibs_func/xilinx_vip' (cds.lib command ignored).
DEFINE common_cpp_v1_0  /tmp/fastconv-p3f-d0282f55/rtl/conv2x2/fpga_zcu104/conv-i16-h16-t16-o4-m08-std/reports/p3_funcsim/simlibs_func/common_cpp_v1_0
|
xmsim: *W,DLCPTH (/home/tarsio.onofrio/cds.lib,6): cds.lib Invalid path '/tmp/fastconv-p3f-d0282f55/rtl/conv2x2/fpga_zcu104/conv-i16-h16-t16-o4-m08-std/reports/p3_funcsim/simlibs_func/common_cpp_v1_0' (cds.lib command ignored).
DEFINE xtlm  /tmp/fastconv-p3f-d0282f55/rtl/conv2x2/fpga_zcu104/conv-i16-h16-t16-o4-m08-std/reports/p3_funcsim/simlibs_func/xtlm
|
xmsim: *W,DLCPTH (/home/tarsio.onofrio/cds.lib,7): cds.lib Invalid path '/tmp/fastconv-p3f-d0282f55/rtl/conv2x2/fpga_zcu104/conv-i16-h16-t16-o4-m08-std/reports/p3_funcsim/simlibs_func/xtlm' (cds.lib command ignored).
DEFINE xscl  /tmp/fastconv-p3f-d0282f55/rtl/conv2x2/fpga_zcu104/conv-i16-h16-t16-o4-m08-std/reports/p3_funcsim/simlibs_func/xscl
|
xmsim: *W,DLCPTH (/home/tarsio.onofrio/cds.lib,8): cds.lib Invalid path '/tmp/fastconv-p3f-d0282f55/rtl/conv2x2/fpga_zcu104/conv-i16-h16-t16-o4-m08-std/reports/p3_funcsim/simlibs_func/xscl' (cds.lib command ignored).
DEFINE emu_perf_common_v1_0  /tmp/fastconv-p3f-d0282f55/rtl/conv2x2/fpga_zcu104/conv-i16-h16-t16-o4-m08-std/reports/p3_funcsim/simlibs_func/emu_perf_common_v1_0
|
xmsim: *W,DLCPTH (/home/tarsio.onofrio/cds.lib,9): cds.lib Invalid path '/tmp/fastconv-p3f-d0282f55/rtl/conv2x2/fpga_zcu104/conv-i16-h16-t16-o4-m08-std/reports/p3_funcsim/simlibs_func/emu_perf_common_v1_0' (cds.lib command ignored).
DEFINE axi_tlm_ext_v1_0  /tmp/fastconv-p3f-d0282f55/rtl/conv2x2/fpga_zcu104/conv-i16-h16-t16-o4-m08-std/reports/p3_funcsim/simlibs_func/axi_tlm_ext_v1_0
|
xmsim: *W,DLCPTH (/home/tarsio.onofrio/cds.lib,10): cds.lib Invalid path '/tmp/fastconv-p3f-d0282f55/rtl/conv2x2/fpga_zcu104/conv-i16-h16-t16-o4-m08-std/reports/p3_funcsim/simlibs_func/axi_tlm_ext_v1_0' (cds.lib command ignored).
DEFINE axi_tg_sc_v1_0  /tmp/fastconv-p3f-d0282f55/rtl/conv2x2/fpga_zcu104/conv-i16-h16-t16-o4-m08-std/reports/p3_funcsim/simlibs_func/axi_tg_sc_v1_0
|
xmsim: *W,DLCPTH (/home/tarsio.onofrio/cds.lib,11): cds.lib Invalid path '/tmp/fastconv-p3f-d0282f55/rtl/conv2x2/fpga_zcu104/conv-i16-h16-t16-o4-m08-std/reports/p3_funcsim/simlibs_func/axi_tg_sc_v1_0' (cds.lib command ignored).
DEFINE secureip  /sim/tarsio/reports-conv3x3-ifn9-explore-149bd5be/simlibs_unisim/secureip
|
xmsim: *W,DLCPTH (/home/tarsio.onofrio/cds.lib,12): cds.lib Invalid path '/sim/tarsio/reports-conv3x3-ifn9-explore-149bd5be/simlibs_unisim/secureip' (cds.lib command ignored).
DEFINE unisims_ver  /sim/tarsio/reports-conv3x3-ifn9-explore-149bd5be/simlibs_unisim/unisims_ver
|
xmsim: *W,DLCPTH (/home/tarsio.onofrio/cds.lib,13): cds.lib Invalid path '/sim/tarsio/reports-conv3x3-ifn9-explore-149bd5be/simlibs_unisim/unisims_ver' (cds.lib command ignored).
DEFINE unimacro_ver  /sim/tarsio/reports-conv3x3-ifn9-explore-149bd5be/simlibs_unisim/unimacro_ver
|
xmsim: *W,DLCPTH (/home/tarsio.onofrio/cds.lib,14): cds.lib Invalid path '/sim/tarsio/reports-conv3x3-ifn9-explore-149bd5be/simlibs_unisim/unimacro_ver' (cds.lib command ignored).
DEFINE unifast_ver  /sim/tarsio/reports-conv3x3-ifn9-explore-149bd5be/simlibs_unisim/unifast_ver
|
xmsim: *W,DLCPTH (/home/tarsio.onofrio/cds.lib,15): cds.lib Invalid path '/sim/tarsio/reports-conv3x3-ifn9-explore-149bd5be/simlibs_unisim/unifast_ver' (cds.lib command ignored).
Loading snapshot worklib.tb_memread_conv_slice:sv .................... Done
xcelium> source /soft64/cadence/ferramentas/XCELIUM2303/tools/xcelium/files/xmsimrc
xcelium> run
xmsim: *W,PRPASZ: Packed array at "tb_memread_conv_slice.dut.transformed_weights" of 24576 bits exceeds limit of 4096 - not probed
 Use 'probe -create -packed 24576 tb_memread_conv_slice.dut.transformed_weights' or 'setenv SHM_PACKED_LIMIT 24576' to adjust limit.
xmsim: *W,PRPASZ: Packed array at "tb_memread_conv_slice.dut.compute_result" of 6144 bits exceeds limit of 4096 - not probed
 Use 'probe -create -packed 6144 tb_memread_conv_slice.dut.compute_result' or 'setenv SHM_PACKED_LIMIT 6144' to adjust limit.
xmsim: *W,PRPASZ: Packed array at "tb_memread_conv_slice.dut.accumulator.conv_term" of 6144 bits exceeds limit of 4096 - not probed
 Use 'probe -create -packed 6144 tb_memread_conv_slice.dut.accumulator.conv_term' or 'setenv SHM_PACKED_LIMIT 6144' to adjust limit.
xmsim: *W,PRPASZ: Packed array at "tb_memread_conv_slice.dut.compute.transformed_weights" of 24576 bits exceeds limit of 4096 - not probed
 Use 'probe -create -packed 24576 tb_memread_conv_slice.dut.compute.transformed_weights' or 'setenv SHM_PACKED_LIMIT 24576' to adjust limit.
xmsim: *W,PRPASZ: Packed array at "tb_memread_conv_slice.dut.compute.result" of 6144 bits exceeds limit of 4096 - not probed
 Use 'probe -create -packed 6144 tb_memread_conv_slice.dut.compute.result' or 'setenv SHM_PACKED_LIMIT 6144' to adjust limit.
PASS: integrated 32-lane Winograd/FC compute, accumulation and fixed-point output slice
Simulation complete via $finish(1) at time 150 NS + 0
/sim/tarsio/PipeCNN_Winograd/project/device/experiments/opencl_memread_compute/tb_memread_conv_slice.sv:170         $finish;
xcelium> exit
TOOL:	xrun(64)	23.03-s003: Exiting on Oct 07, 2026 at 17:48:22 -03  (total: 00:02:54)
ncsim/simlibs_func/xtlm' (cds.lib command ignored).
DEFINE xscl  /tmp/fastconv-p3f-d0282f55/rtl/conv2x2/fpga_zcu104/conv-i16-h16-t16-o4-m08-std/reports/p3_funcsim/simlibs_func/xscl
|
xmsim: *W,DLCPTH (/home/tarsio.onofrio/cds.lib,8): cds.lib Invalid path '/tmp/fastconv-p3f-d0282f55/rtl/conv2x2/fpga_zcu104/conv-i16-h16-t16-o4-m08-std/reports/p3_funcsim/simlibs_func/xscl' (cds.lib command ignored).
DEFINE emu_perf_common_v1_0  /tmp/fastconv-p3f-d0282f55/rtl/conv2x2/fpga_zcu104/conv-i16-h16-t16-o4-m08-std/reports/p3_funcsim/simlibs_func/emu_perf_common_v1_0
|
xmsim: *W,DLCPTH (/home/tarsio.onofrio/cds.lib,9): cds.lib Invalid path '/tmp/fastconv-p3f-d0282f55/rtl/conv2x2/fpga_zcu104/conv-i16-h16-t16-o4-m08-std/reports/p3_funcsim/simlibs_func/emu_perf_common_v1_0' (cds.lib command ignored).
DEFINE axi_tlm_ext_v1_0  /tmp/fastconv-p3f-d0282f55/rtl/conv2x2/fpga_zcu104/conv-i16-h16-t16-o4-m08-std/reports/p3_funcsim/simlibs_func/axi_tlm_ext_v1_0
|
xmsim: *W,DLCPTH (/home/tarsio.onofrio/cds.lib,10): cds.lib Invalid path '/tmp/fastconv-p3f-d0282f55/rtl/conv2x2/fpga_zcu104/conv-i16-h16-t16-o4-m08-std/reports/p3_funcsim/simlibs_func/axi_tlm_ext_v1_0' (cds.lib command ignored).
DEFINE axi_tg_sc_v1_0  /tmp/fastconv-p3f-d0282f55/rtl/conv2x2/fpga_zcu104/conv-i16-h16-t16-o4-m08-std/reports/p3_funcsim/simlibs_func/axi_tg_sc_v1_0
|
xmsim: *W,DLCPTH (/home/tarsio.onofrio/cds.lib,11): cds.lib Invalid path '/tmp/fastconv-p3f-d0282f55/rtl/conv2x2/fpga_zcu104/conv-i16-h16-t16-o4-m08-std/reports/p3_funcsim/simlibs_func/axi_tg_sc_v1_0' (cds.lib command ignored).
DEFINE secureip  /sim/tarsio/reports-conv3x3-ifn9-explore-149bd5be/simlibs_unisim/secureip
|
xmsim: *W,DLCPTH (/home/tarsio.onofrio/cds.lib,12): cds.lib Invalid path '/sim/tarsio/reports-conv3x3-ifn9-explore-149bd5be/simlibs_unisim/secureip' (cds.lib command ignored).
DEFINE unisims_ver  /sim/tarsio/reports-conv3x3-ifn9-explore-149bd5be/simlibs_unisim/unisims_ver
|
xmsim: *W,DLCPTH (/home/tarsio.onofrio/cds.lib,13): cds.lib Invalid path '/sim/tarsio/reports-conv3x3-ifn9-explore-149bd5be/simlibs_unisim/unisims_ver' (cds.lib command ignored).
DEFINE unimacro_ver  /sim/tarsio/reports-conv3x3-ifn9-explore-149bd5be/simlibs_unisim/unimacro_ver
|
xmsim: *W,DLCPTH (/home/tarsio.onofrio/cds.lib,14): cds.lib Invalid path '/sim/tarsio/reports-conv3x3-ifn9-explore-149bd5be/simlibs_unisim/unimacro_ver' (cds.lib command ignored).
DEFINE unifast_ver  /sim/tarsio/reports-conv3x3-ifn9-explore-149bd5be/simlibs_unisim/unifast_ver
|
xmsim: *W,DLCPTH (/home/tarsio.onofrio/cds.lib,15): cds.lib Invalid path '/sim/tarsio/reports-conv3x3-ifn9-explore-149bd5be/simlibs_unisim/unifast_ver' (cds.lib command ignored).
Loading snapshot worklib.tb_memread_conv_slice:sv .................... Done
xcelium> source /soft64/cadence/ferramentas/XCELIUM2303/tools/xcelium/files/xmsimrc
xcelium> run
xmsim: *W,PRPASZ: Packed array at "tb_memread_conv_slice.dut.transformed_weights" of 24576 bits exceeds limit of 4096 - not probed
 Use 'probe -create -packed 24576 tb_memread_conv_slice.dut.transformed_weights' or 'setenv SHM_PACKED_LIMIT 24576' to adjust limit.
xmsim: *W,PRPASZ: Packed array at "tb_memread_conv_slice.dut.compute_result" of 6144 bits exceeds limit of 4096 - not probed
 Use 'probe -create -packed 6144 tb_memread_conv_slice.dut.compute_result' or 'setenv SHM_PACKED_LIMIT 6144' to adjust limit.
xmsim: *W,PRPASZ: Packed array at "tb_memread_conv_slice.dut.accumulator.conv_term" of 6144 bits exceeds limit of 4096 - not probed
 Use 'probe -create -packed 6144 tb_memread_conv_slice.dut.accumulator.conv_term' or 'setenv SHM_PACKED_LIMIT 6144' to adjust limit.
xmsim: *W,PRPASZ: Packed array at "tb_memread_conv_slice.dut.compute.transformed_weights" of 24576 bits exceeds limit of 4096 - not probed
 Use 'probe -create -packed 24576 tb_memread_conv_slice.dut.compute.transformed_weights' or 'setenv SHM_PACKED_LIMIT 24576' to adjust limit.
xmsim: *W,PRPASZ: Packed array at "tb_memread_conv_slice.dut.compute.result" of 6144 bits exceeds limit of 4096 - not probed
 Use 'probe -create -packed 6144 tb_memread_conv_slice.dut.compute.result' or 'setenv SHM_PACKED_LIMIT 6144' to adjust limit.
PASS: integrated 32-lane Winograd/FC compute, accumulation and fixed-point output slice
Simulation complete via $finish(1) at time 150 NS + 0
/sim/tarsio/PipeCNN_Winograd/project/device/experiments/opencl_memread_compute/tb_memread_conv_slice.sv:170         $finish;
xcelium> exit
TOOL:	xrun(64)	23.03-s003: Exiting on Oct 07, 2026 at 17:48:22 -03  (total: 00:02:54)
