============================================================
  Generated by:           Genus(TM) Synthesis Solution 21.12-s068_1
  Generated on:           Oct 07 2026  05:25:42 pm
  Module:                 pipecnn_memread_conv_slice
  Library domain:         timing_cond_0p90v_25c
    Domain index:         0
    Technology library:   tcbn28hpcplusbwp30p140tt0p9v25c 110
  Operating conditions:   tt0p9v25c 
  Interconnect mode:      global
  Area mode:              physical library
============================================================

                                          Instance                                                                 Module                        Cell Count   Cell Area   Net Area   Total Area 
------------------------------------------------------------------------------------------------------------------------------------------------------------------------------------------------
pipecnn_memread_conv_slice                                                                                                                          1012630 1191178.926 487815.192  1678994.118 
  accumulator                                                                                pipecnn_conv_accumulator_postprocess                    219062  197119.566 100797.107   297916.673 
  compute                                                                                    pipecnn_memread_compute                                 792962  992851.902 373911.252  1366763.154 
    g_output_lane[24].g_transform_position[5].g_custom_mac_lane.g_four_product_group[1].mac4 mult_add_fix8bx16bx4_597                                   916    1148.112    431.420     1579.532 
    g_output_lane[2].g_transform_position[5].g_custom_mac_lane.g_four_product_group[1].mac4  mult_add_fix8bx16bx4_69                                    916    1150.380    431.420     1581.800 
    g_output_lane[0].g_transform_position[5].g_custom_mac_lane.g_four_product_group[1].mac4  mult_add_fix8bx16bx4_21                                    916    1149.246    431.420     1580.666 
    g_output_lane[26].g_transform_position[5].g_custom_mac_lane.g_four_product_group[2].mac4 mult_add_fix8bx16bx4_646                                   917    1150.380    431.672     1582.052 
    g_output_lane[23].g_transform_position[5].g_custom_mac_lane.g_four_product_group[1].mac4 mult_add_fix8bx16bx4_573                                   916    1147.734    431.420     1579.154 
    g_output_lane[13].g_transform_position[5].g_custom_mac_lane.g_four_product_group[1].mac4 mult_add_fix8bx16bx4_333                                   916    1149.624    431.420     1581.044 
    g_output_lane[10].g_transform_position[5].g_custom_mac_lane.g_four_product_group[1].mac4 mult_add_fix8bx16bx4_261                                   916    1149.246    431.420     1580.666 
    g_output_lane[27].g_transform_position[5].g_custom_mac_lane.g_four_product_group[3].mac4 mult_add_fix8bx16bx4_671                                   916    1150.002    431.420     1581.422 
    g_output_lane[24].g_transform_position[5].g_custom_mac_lane.g_four_product_group[3].mac4 mult_add_fix8bx16bx4_599                                   917    1148.868    431.672     1580.540 
    g_output_lane[23].g_transform_position[5].g_custom_mac_lane.g_four_product_group[3].mac4 mult_add_fix8bx16bx4_575                                   917    1148.490    431.672     1580.162 
    g_output_lane[22].g_transform_position[5].g_custom_mac_lane.g_four_product_group[3].mac4 mult_add_fix8bx16bx4_551                                   916    1149.246    431.420     1580.666 
    g_output_lane[9].g_transform_position[5].g_custom_mac_lane.g_four_product_group[3].mac4  mult_add_fix8bx16bx4_239                                   917    1150.380    431.672     1582.052 
    g_output_lane[5].g_transform_position[5].g_custom_mac_lane.g_four_product_group[3].mac4  mult_add_fix8bx16bx4_143                                   916    1149.120    431.420     1580.540 
    g_output_lane[0].g_transform_position[5].g_custom_mac_lane.g_four_product_group[3].mac4  mult_add_fix8bx16bx4_23                                    917    1149.876    431.672     1581.548 
    g_output_lane[14].g_transform_position[5].g_custom_mac_lane.g_four_product_group[3].mac4 mult_add_fix8bx16bx4_359                                   917    1148.742    431.672     1580.414 
    g_output_lane[8].g_transform_position[5].g_custom_mac_lane.g_four_product_group[0].mac4  mult_add_fix8bx16bx4_212                                   917    1147.986    431.672     1579.658 
    g_output_lane[25].output_transform                                                       winograd_f43_output_transform_25                          1090    1295.406    354.865     1650.271 
    g_input_transform[12].input_transform                                                    winograd_f43_input_transform_IN_W16_OUT_W16_CALC_W         497     573.426    167.210      740.636 
    g_input_transform[13].input_transform                                                    winograd_f43_input_transform_IN_W16_OUT_W16_CALC_W         490     573.048    164.836      737.884 
    g_input_transform[14].input_transform                                                    winograd_f43_input_transform_IN_W16_OUT_W16_CALC_W         485     571.158    164.674      735.832 
    g_input_transform[15].input_transform                                                    winograd_f43_input_transform_IN_W16_OUT_W16_CALC_W         494     571.158    166.692      737.850 
    g_output_lane[25].g_transform_position[5].g_custom_mac_lane.g_four_product_group[3].mac4 mult_add_fix8bx16bx4_623                                   917    1147.986    431.672     1579.658 
    g_output_lane[25].g_transform_position[5].g_custom_mac_lane.g_four_product_group[2].mac4 mult_add_fix8bx16bx4_622                                   917    1147.986    431.672     1579.658 
    g_output_lane[25].g_transform_position[5].g_custom_mac_lane.g_four_product_group[1].mac4 mult_add_fix8bx16bx4_621                                   916    1147.608    431.420     1579.028 
    g_input_transform[0].input_transform                                                     winograd_f43_input_transform_IN_W16_OUT_W16_CALC_W         505     579.600    170.321      749.921 
    g_input_transform[1].input_transform                                                     winograd_f43_input_transform_IN_W16_OUT_W16_CALC_W         497     571.410    168.432      739.842 
    g_input_transform[2].input_transform                                                     winograd_f43_input_transform_IN_W16_OUT_W16_CALC_W         504     579.474    169.584      749.058 
    g_input_transform[3].input_transform                                                     winograd_f43_input_transform_IN_W16_OUT_W16_CALC_W         487     569.772    165.295      735.067 
    g_output_lane[1].g_transform_position[5].g_custom_mac_lane.g_four_product_group[0].mac4  mult_add_fix8bx16bx4_44                                    917    1147.986    431.672     1579.658 
    g_output_lane[1].g_transform_position[5].g_custom_mac_lane.g_four_product_group[3].mac4  mult_add_fix8bx16bx4_47                                    917    1148.364    431.672     1580.036 
    g_output_lane[1].g_transform_position[5].g_custom_mac_lane.g_four_product_group[2].mac4  mult_add_fix8bx16bx4_46                                    917    1147.986    431.672     1579.658 
    g_output_lane[1].g_transform_position[5].g_custom_mac_lane.g_four_product_group[1].mac4  mult_add_fix8bx16bx4_45                                    916    1147.986    431.420     1579.406 
    g_output_lane[29].g_transform_position[5].g_custom_mac_lane.g_four_product_group[0].mac4 mult_add_fix8bx16bx4_716                                   917    1147.986    431.672     1579.658 
    g_output_lane[29].g_transform_position[5].g_custom_mac_lane.g_four_product_group[3].mac4 mult_add_fix8bx16bx4_719                                   917    1152.522    431.672     1584.194 
    g_output_lane[29].g_transform_position[5].g_custom_mac_lane.g_four_product_group[2].mac4 mult_add_fix8bx16bx4_718                                   917    1147.986    431.672     1579.658 
    g_output_lane[29].g_transform_position[5].g_custom_mac_lane.g_four_product_group[1].mac4 mult_add_fix8bx16bx4_717                                   916    1147.608    431.420     1579.028 
    g_input_transform[4].input_transform                                                     winograd_f43_input_transform_IN_W16_OUT_W16_CALC_W         495     571.158    167.307      738.465 
    g_input_transform[5].input_transform                                                     winograd_f43_input_transform_IN_W16_OUT_W16_CALC_W         493     561.204    166.692      727.896 
    g_input_transform[6].input_transform                                                     winograd_f43_input_transform_IN_W16_OUT_W16_CALC_W         493     577.332    165.586      742.918 
    g_input_transform[7].input_transform                                                     winograd_f43_input_transform_IN_W16_OUT_W16_CALC_W         475     559.818    161.796      721.614 
    g_input_transform[8].input_transform                                                     winograd_f43_input_transform_IN_W16_OUT_W16_CALC_W         488     568.260    165.302      733.562 
    g_input_transform[9].input_transform                                                     winograd_f43_input_transform_IN_W16_OUT_W16_CALC_W         488     566.370    165.438      731.808 
    g_input_transform[10].input_transform                                                    winograd_f43_input_transform_IN_W16_OUT_W16_CALC_W         501     572.292    168.458      740.750 
    g_input_transform[11].input_transform                                                    winograd_f43_input_transform_IN_W16_OUT_W16_CALC_W         502     566.874    168.827      735.701 
    g_output_lane[3].g_transform_position[5].g_custom_mac_lane.g_four_product_group[3].mac4  mult_add_fix8bx16bx4_95                                    917    1147.986    431.672     1579.658 
    g_output_lane[3].g_transform_position[5].g_custom_mac_lane.g_four_product_group[1].mac4  mult_add_fix8bx16bx4_93                                    916    1147.608    431.420     1579.028 
    g_output_lane[18].g_transform_position[5].g_custom_mac_lane.g_four_product_group[3].mac4 mult_add_fix8bx16bx4_455                                   917    1147.986    431.672     1579.658 
    g_output_lane[18].g_transform_position[5].g_custom_mac_lane.g_four_product_group[1].mac4 mult_add_fix8bx16bx4_453                                   916    1147.608    431.420     1579.028 
    g_output_lane[18].g_transform_position[5].g_custom_mac_lane.g_four_product_group[2].mac4 mult_add_fix8bx16bx4_454                                   917    1147.986    431.672     1579.658 
    g_output_lane[28].g_transform_position[5].g_custom_mac_lane.g_four_product_group[0].mac4 mult_add_fix8bx16bx4_692                                   917    1147.986    431.672     1579.658 
    g_output_lane[28].g_transform_position[5].g_custom_mac_lane.g_four_product_group[3].mac4 mult_add_fix8bx16bx4_695                                   917    1148.742    431.672     1580.414 
    g_output_lane[28].g_transform_position[5].g_custom_mac_lane.g_four_product_group[1].mac4 mult_add_fix8bx16bx4_693                                   916    1147.608    431.420     1579.028 
    g_output_lane[30].g_transform_position[5].g_custom_mac_lane.g_four_product_group[0].mac4 mult_add_fix8bx16bx4_740                                   917    1148.364    431.672     1580.036 
    g_output_lane[30].g_transform_position[5].g_custom_mac_lane.g_four_product_group[1].mac4 mult_add_fix8bx16bx4_741                                   917    1147.986    431.672     1579.658 
    g_output_lane[30].g_transform_position[5].g_custom_mac_lane.g_four_product_group[3].mac4 mult_add_fix8bx16bx4_743                                   916    1147.608    431.420     1579.028 
    g_output_lane[30].g_transform_position[5].g_custom_mac_lane.g_four_product_group[2].mac4 mult_add_fix8bx16bx4_742                                   916    1147.608    431.420     1579.028 
    g_output_lane[3].g_transform_position[5].g_custom_mac_lane.g_four_product_group[0].mac4  mult_add_fix8bx16bx4_92                                    917    1147.986    431.672     1579.658 
    g_output_lane[18].g_transform_position[5].g_custom_mac_lane.g_four_product_group[0].mac4 mult_add_fix8bx16bx4_452                                   917    1147.986    431.672     1579.658 
    g_output_lane[31].output_transform                                                       winograd_f43_output_transform_31                          1097    1237.194    383.512     1620.706 
    g_output_lane[4].output_transform                                                        winograd_f43_output_transform_4                           1018    1259.496    331.044     1590.540 
    g_output_lane[4].g_transform_position[5].g_custom_mac_lane.g_four_product_group[0].mac4  mult_add_fix8bx16bx4_116                                   917    1147.986    431.672     1579.658 
    g_output_lane[4].g_transform_position[5].g_custom_mac_lane.g_four_product_group[3].mac4  mult_add_fix8bx16bx4_119                                   917    1147.986    431.672     1579.658 
    g_output_lane[4].g_transform_position[5].g_custom_mac_lane.g_four_product_group[1].mac4  mult_add_fix8bx16bx4_117                                   916    1147.608    431.420     1579.028 
    g_output_lane[15].g_transform_position[0].g_custom_mac_lane.g_four_product_group[1].mac4 mult_add_fix8bx16bx4_361                                   916    1147.608    431.420     1579.028 
    g_output_lane[15].g_transform_position[0].g_custom_mac_lane.g_four_product_group[3].mac4 mult_add_fix8bx16bx4_363                                   917    1148.742    431.672     1580.414 
    g_output_lane[4].g_transform_position[0].g_custom_mac_lane.g_four_product_group[3].mac4  mult_add_fix8bx16bx4_99                                    916    1147.608    431.420     1579.028 
    g_output_lane[13].g_transform_position[2].g_custom_mac_lane.g_four_product_group[1].mac4 mult_add_fix8bx16bx4_321                                   917    1150.254    431.672     1581.926 
    g_output_lane[17].g_transform_position[3].g_custom_mac_lane.g_four_product_group[2].mac4 mult_add_fix8bx16bx4_422                                   897    1117.242    418.232     1535.474 
    g_output_lane[12].g_transform_position[2].g_custom_mac_lane.g_four_product_group[2].mac4 mult_add_fix8bx16bx4_298                                   916    1151.892    431.420     1583.312 
    g_output_lane[29].g_transform_position[1].g_custom_mac_lane.g_four_product_group[1].mac4 mult_add_fix8bx16bx4_701                                   917    1150.254    431.672     1581.926 
    g_output_lane[12].g_transform_position[2].g_custom_mac_lane.g_four_product_group[1].mac4 mult_add_fix8bx16bx4_297                                   917    1149.876    431.672     1581.548 
    g_output_lane[15].g_transform_position[0].g_custom_mac_lane.g_four_product_group[2].mac4 mult_add_fix8bx16bx4_362                                   917    1147.986    431.672     1579.658 
    g_output_lane[17].g_transform_position[3].g_custom_mac_lane.g_four_product_group[0].mac4 mult_add_fix8bx16bx4_420                                   898    1117.494    418.484     1535.978 
    g_output_lane[15].g_transform_position[0].g_custom_mac_lane.g_four_product_group[0].mac4 mult_add_fix8bx16bx4_360                                   917    1147.986    431.672     1579.658 
    g_output_lane[4].g_transform_position[0].g_custom_mac_lane.g_four_product_group[0].mac4  mult_add_fix8bx16bx4_96                                    917    1148.364    431.672     1580.036 
    g_output_lane[11].g_transform_position[1].g_custom_mac_lane.g_four_product_group[2].mac4 mult_add_fix8bx16bx4_270                                   916    1149.876    431.420     1581.296 
    g_output_lane[7].g_transform_position[2].g_custom_mac_lane.g_four_product_group[2].mac4  mult_add_fix8bx16bx4_178                                   916    1149.498    431.420     1580.918 
    g_output_lane[13].g_transform_position[2].g_custom_mac_lane.g_four_product_group[2].mac4 mult_add_fix8bx16bx4_322                                   916    1149.498    431.420     1580.918 
    g_output_lane[4].g_transform_position[0].g_custom_mac_lane.g_four_product_group[1].mac4  mult_add_fix8bx16bx4_97                                    916    1147.608    431.420     1579.028 
    g_output_lane[17].g_transform_position[3].g_custom_mac_lane.g_four_product_group[3].mac4 mult_add_fix8bx16bx4_423                                   897    1117.620    418.232     1535.852 
    g_output_lane[11].g_transform_position[1].g_custom_mac_lane.g_four_product_group[3].mac4 mult_add_fix8bx16bx4_271                                   921    1156.932    432.681     1589.613 
    g_output_lane[24].g_transform_position[0].g_custom_mac_lane.g_four_product_group[2].mac4 mult_add_fix8bx16bx4_578                                   917    1147.986    431.672     1579.658 
    g_output_lane[23].g_transform_position[0].g_custom_mac_lane.g_four_product_group[2].mac4 mult_add_fix8bx16bx4_554                                   917    1148.742    431.672     1580.414 
    g_output_lane[22].g_transform_position[0].g_custom_mac_lane.g_four_product_group[2].mac4 mult_add_fix8bx16bx4_530                                   917    1147.986    431.672     1579.658 
    g_output_lane[20].g_transform_position[0].g_custom_mac_lane.g_four_product_group[2].mac4 mult_add_fix8bx16bx4_482                                   917    1148.742    431.672     1580.414 
    g_output_lane[19].g_transform_position[0].g_custom_mac_lane.g_four_product_group[2].mac4 mult_add_fix8bx16bx4_458                                   917    1147.986    431.672     1579.658 
    g_output_lane[17].g_transform_position[3].g_custom_mac_lane.g_four_product_group[1].mac4 mult_add_fix8bx16bx4_421                                   898    1117.494    418.484     1535.978 
    g_output_lane[5].g_transform_position[0].g_custom_mac_lane.g_four_product_group[2].mac4  mult_add_fix8bx16bx4_122                                   917    1147.986    431.672     1579.658 
    g_output_lane[4].g_transform_position[0].g_custom_mac_lane.g_four_product_group[2].mac4  mult_add_fix8bx16bx4_98                                    917    1147.986    431.672     1579.658 
    g_output_lane[3].g_transform_position[0].g_custom_mac_lane.g_four_product_group[2].mac4  mult_add_fix8bx16bx4_74                                    917    1149.120    431.672     1580.792 
    g_output_lane[1].g_transform_position[0].g_custom_mac_lane.g_four_product_group[2].mac4  mult_add_fix8bx16bx4_26                                    917    1147.986    431.672     1579.658 
    g_output_lane[28].output_transform                                                       winograd_f43_output_transform_28                          1043    1282.302    352.621     1634.923 
    g_output_lane[28].g_transform_position[0].g_custom_mac_lane.g_four_product_group[0].mac4 mult_add_fix8bx16bx4_672                                   917    1147.986    431.672     1579.658 
    g_output_lane[28].g_transform_position[0].g_custom_mac_lane.g_four_product_group[2].mac4 mult_add_fix8bx16bx4_674                                   917    1147.986    431.672     1579.658 
    g_output_lane[28].g_transform_position[0].g_custom_mac_lane.g_four_product_group[1].mac4 mult_add_fix8bx16bx4_673                                   916    1147.608    431.420     1579.028 
    g_output_lane[28].g_transform_position[1].g_custom_mac_lane.g_four_product_group[0].mac4 mult_add_fix8bx16bx4_676                                   916    1147.608    431.420     1579.028 
    g_output_lane[28].g_transform_position[1].g_custom_mac_lane.g_four_product_group[3].mac4 mult_add_fix8bx16bx4_679                                   917    1150.254    431.672     1581.926 
    g_output_lane[28].g_transform_position[1].g_custom_mac_lane.g_four_product_group[2].mac4 mult_add_fix8bx16bx4_678                                   916    1147.608    431.420     1579.028 
    g_output_lane[28].g_transform_position[1].g_custom_mac_lane.g_four_product_group[1].mac4 mult_add_fix8bx16bx4_677                                   917    1152.270    431.672     1583.942 
    g_output_lane[28].g_transform_position[3].g_custom_mac_lane.g_four_product_group[0].mac4 mult_add_fix8bx16bx4_684                                   898    1117.494    418.484     1535.978 
    g_output_lane[28].g_transform_position[3].g_custom_mac_lane.g_four_product_group[3].mac4 mult_add_fix8bx16bx4_687                                   897    1117.242    418.232     1535.474 
    g_output_lane[28].g_transform_position[3].g_custom_mac_lane.g_four_product_group[2].mac4 mult_add_fix8bx16bx4_686                                   897    1117.242    418.232     1535.474 
    g_output_lane[28].g_transform_position[3].g_custom_mac_lane.g_four_product_group[1].mac4 mult_add_fix8bx16bx4_685                                   890    1116.990    416.977     1533.967 
    g_output_lane[21].output_transform                                                       winograd_f43_output_transform_21                          1010    1281.546    343.009     1624.555 
    g_output_lane[21].g_transform_position[0].g_custom_mac_lane.g_four_product_group[0].mac4 mult_add_fix8bx16bx4_504                                   917    1147.986    431.672     1579.658 
    g_output_lane[21].g_transform_position[0].g_custom_mac_lane.g_four_product_group[3].mac4 mult_add_fix8bx16bx4_507                                   917    1147.986    431.672     1579.658 
    g_output_lane[21].g_transform_position[0].g_custom_mac_lane.g_four_product_group[1].mac4 mult_add_fix8bx16bx4_505                                   916    1147.608    431.420     1579.028 
    g_output_lane[21].g_transform_position[0].g_custom_mac_lane.g_four_product_group[2].mac4 mult_add_fix8bx16bx4_506                                   917    1147.986    431.672     1579.658 
    g_output_lane[21].g_transform_position[1].g_custom_mac_lane.g_four_product_group[0].mac4 mult_add_fix8bx16bx4_508                                   916    1148.364    431.420     1579.784 
    g_output_lane[21].g_transform_position[1].g_custom_mac_lane.g_four_product_group[3].mac4 mult_add_fix8bx16bx4_511                                   916    1149.876    431.420     1581.296 
    g_output_lane[21].g_transform_position[1].g_custom_mac_lane.g_four_product_group[2].mac4 mult_add_fix8bx16bx4_510                                   916    1149.498    431.420     1580.918 
    g_output_lane[21].g_transform_position[1].g_custom_mac_lane.g_four_product_group[1].mac4 mult_add_fix8bx16bx4_509                                   917    1149.876    431.672     1581.548 
    g_output_lane[21].g_transform_position[2].g_custom_mac_lane.g_four_product_group[1].mac4 mult_add_fix8bx16bx4_513                                   917    1149.876    431.672     1581.548 
    g_output_lane[21].g_transform_position[2].g_custom_mac_lane.g_four_product_group[2].mac4 mult_add_fix8bx16bx4_514                                   916    1149.498    431.420     1580.918 
    g_output_lane[21].g_transform_position[3].g_custom_mac_lane.g_four_product_group[0].mac4 mult_add_fix8bx16bx4_516                                   898    1117.494    418.484     1535.978 
    g_output_lane[21].g_transform_position[3].g_custom_mac_lane.g_four_product_group[3].mac4 mult_add_fix8bx16bx4_519                                   897    1117.242    418.232     1535.474 
    g_output_lane[21].g_transform_position[3].g_custom_mac_lane.g_four_product_group[2].mac4 mult_add_fix8bx16bx4_518                                   898    1117.494    418.484     1535.978 
    g_output_lane[21].g_transform_position[3].g_custom_mac_lane.g_four_product_group[1].mac4 mult_add_fix8bx16bx4_517                                   890    1116.990    416.977     1533.967 
    g_output_lane[12].output_transform                                                       winograd_f43_output_transform_12                           938    1227.618    318.897     1546.515 
    g_output_lane[12].g_transform_position[0].g_custom_mac_lane.g_four_product_group[0].mac4 mult_add_fix8bx16bx4_288                                   917    1147.986    431.672     1579.658 
    g_output_lane[12].g_transform_position[0].g_custom_mac_lane.g_four_product_group[3].mac4 mult_add_fix8bx16bx4_291                                   916    1147.608    431.420     1579.028 
    g_output_lane[12].g_transform_position[0].g_custom_mac_lane.g_four_product_group[2].mac4 mult_add_fix8bx16bx4_290                                   917    1148.364    431.672     1580.036 
    g_output_lane[12].g_transform_position[0].g_custom_mac_lane.g_four_product_group[1].mac4 mult_add_fix8bx16bx4_289                                   916    1147.608    431.420     1579.028 
    g_output_lane[12].g_transform_position[1].g_custom_mac_lane.g_four_product_group[2].mac4 mult_add_fix8bx16bx4_294                                   916    1149.120    431.420     1580.540 
    g_output_lane[12].g_transform_position[1].g_custom_mac_lane.g_four_product_group[3].mac4 mult_add_fix8bx16bx4_295                                   921    1153.656    432.681     1586.337 
    g_output_lane[12].g_transform_position[1].g_custom_mac_lane.g_four_product_group[0].mac4 mult_add_fix8bx16bx4_292                                   916    1148.742    431.420     1580.162 
    g_output_lane[12].g_transform_position[1].g_custom_mac_lane.g_four_product_group[1].mac4 mult_add_fix8bx16bx4_293                                   917    1149.498    431.672     1581.170 
    g_output_lane[12].g_transform_position[3].g_custom_mac_lane.g_four_product_group[3].mac4 mult_add_fix8bx16bx4_303                                   890    1116.990    416.977     1533.967 
    g_output_lane[12].g_transform_position[3].g_custom_mac_lane.g_four_product_group[1].mac4 mult_add_fix8bx16bx4_301                                   898    1117.494    418.484     1535.978 
    g_output_lane[12].g_transform_position[3].g_custom_mac_lane.g_four_product_group[2].mac4 mult_add_fix8bx16bx4_302                                   897    1117.242    418.232     1535.474 
    g_output_lane[12].g_transform_position[3].g_custom_mac_lane.g_four_product_group[0].mac4 mult_add_fix8bx16bx4_300                                   897    1117.242    418.232     1535.474 
    g_output_lane[7].output_transform                                                        winograd_f43_output_transform_7                            986    1275.750    335.112     1610.862 
    g_output_lane[7].g_transform_position[0].g_custom_mac_lane.g_four_product_group[3].mac4  mult_add_fix8bx16bx4_171                                   916    1147.608    431.420     1579.028 
    g_output_lane[7].g_transform_position[0].g_custom_mac_lane.g_four_product_group[2].mac4  mult_add_fix8bx16bx4_170                                   917    1147.986    431.672     1579.658 
    g_output_lane[7].g_transform_position[0].g_custom_mac_lane.g_four_product_group[1].mac4  mult_add_fix8bx16bx4_169                                   916    1147.608    431.420     1579.028 
    g_output_lane[7].g_transform_position[1].g_custom_mac_lane.g_four_product_group[0].mac4  mult_add_fix8bx16bx4_172                                   916    1151.766    431.420     1583.186 
    g_output_lane[7].g_transform_position[1].g_custom_mac_lane.g_four_product_group[3].mac4  mult_add_fix8bx16bx4_175                                   921    1154.790    432.681     1587.471 
    g_output_lane[7].g_transform_position[1].g_custom_mac_lane.g_four_product_group[2].mac4  mult_add_fix8bx16bx4_174                                   916    1151.892    431.420     1583.312 
    g_output_lane[7].g_transform_position[1].g_custom_mac_lane.g_four_product_group[1].mac4  mult_add_fix8bx16bx4_173                                   917    1150.254    431.672     1581.926 
    g_output_lane[7].g_transform_position[3].g_custom_mac_lane.g_four_product_group[0].mac4  mult_add_fix8bx16bx4_180                                   897    1117.242    418.232     1535.474 
    g_output_lane[7].g_transform_position[3].g_custom_mac_lane.g_four_product_group[3].mac4  mult_add_fix8bx16bx4_183                                   890    1117.368    416.977     1534.345 
    g_output_lane[7].g_transform_position[3].g_custom_mac_lane.g_four_product_group[2].mac4  mult_add_fix8bx16bx4_182                                   897    1117.242    418.232     1535.474 
    g_output_lane[7].g_transform_position[3].g_custom_mac_lane.g_four_product_group[1].mac4  mult_add_fix8bx16bx4_181                                   898    1117.872    418.484     1536.356 
    g_output_lane[27].g_transform_position[1].g_custom_mac_lane.g_four_product_group[2].mac4 mult_add_fix8bx16bx4_654                                   916    1149.876    431.420     1581.296 
    g_output_lane[23].g_transform_position[1].g_custom_mac_lane.g_four_product_group[2].mac4 mult_add_fix8bx16bx4_558                                   916    1149.120    431.420     1580.540 
    g_output_lane[25].g_transform_position[2].g_custom_mac_lane.g_four_product_group[1].mac4 mult_add_fix8bx16bx4_609                                   917    1149.120    431.672     1580.792 
    g_output_lane[27].g_transform_position[1].g_custom_mac_lane.g_four_product_group[0].mac4 mult_add_fix8bx16bx4_652                                   916    1149.120    431.420     1580.540 
    g_output_lane[22].g_transform_position[2].g_custom_mac_lane.g_four_product_group[2].mac4 mult_add_fix8bx16bx4_538                                   917    1150.254    431.672     1581.926 
    g_output_lane[25].g_transform_position[2].g_custom_mac_lane.g_four_product_group[2].mac4 mult_add_fix8bx16bx4_610                                   916    1149.498    431.420     1580.918 
    g_output_lane[27].g_transform_position[1].g_custom_mac_lane.g_four_product_group[1].mac4 mult_add_fix8bx16bx4_653                                   917    1150.254    431.672     1581.926 
    g_output_lane[26].g_transform_position[3].g_custom_mac_lane.g_four_product_group[1].mac4 mult_add_fix8bx16bx4_637                                   890    1116.990    416.977     1533.967 
    g_output_lane[23].g_transform_position[1].g_custom_mac_lane.g_four_product_group[1].mac4 mult_add_fix8bx16bx4_557                                   917    1150.254    431.672     1581.926 
    g_output_lane[23].g_transform_position[1].g_custom_mac_lane.g_four_product_group[3].mac4 mult_add_fix8bx16bx4_559                                   916    1149.120    431.420     1580.540 
    g_output_lane[1].g_transform_position[2].g_custom_mac_lane.g_four_product_group[3].mac4  mult_add_fix8bx16bx4_35                                    917    1151.010    431.672     1582.682 
    g_output_lane[22].g_transform_position[2].g_custom_mac_lane.g_four_product_group[0].mac4 mult_add_fix8bx16bx4_536                                   917    1149.120    431.672     1580.792 
    g_output_lane[26].g_transform_position[1].g_custom_mac_lane.g_four_product_group[0].mac4 mult_add_fix8bx16bx4_628                                   916    1148.742    431.420     1580.162 
    g_output_lane[27].g_transform_position[1].g_custom_mac_lane.g_four_product_group[3].mac4 mult_add_fix8bx16bx4_655                                   921    1165.500    432.681     1598.181 
    g_output_lane[25].g_transform_position[2].g_custom_mac_lane.g_four_product_group[3].mac4 mult_add_fix8bx16bx4_611                                   917    1149.876    431.672     1581.548 
    g_output_lane[13].g_transform_position[2].g_custom_mac_lane.g_four_product_group[3].mac4 mult_add_fix8bx16bx4_323                                   917    1151.010    431.672     1582.682 
    g_output_lane[22].g_transform_position[2].g_custom_mac_lane.g_four_product_group[3].mac4 mult_add_fix8bx16bx4_539                                   917    1150.254    431.672     1581.926 
    g_output_lane[22].g_transform_position[2].g_custom_mac_lane.g_four_product_group[1].mac4 mult_add_fix8bx16bx4_537                                   917    1152.018    431.672     1583.690 
    g_output_lane[23].g_transform_position[1].g_custom_mac_lane.g_four_product_group[0].mac4 mult_add_fix8bx16bx4_556                                   916    1148.742    431.420     1580.162 
    g_output_lane[6].output_transform                                                        winograd_f43_output_transform_6                           1030    1237.194    350.590     1587.784 
    g_output_lane[10].output_transform                                                       winograd_f43_output_transform_10                           958    1242.486    309.990     1552.476 
    g_output_lane[15].output_transform                                                       winograd_f43_output_transform_15                          1035    1294.272    338.126     1632.398 
    g_output_lane[6].g_transform_position[1].g_custom_mac_lane.g_four_product_group[0].mac4  mult_add_fix8bx16bx4_148                                   916    1148.742    431.420     1580.162 
    g_output_lane[6].g_transform_position[1].g_custom_mac_lane.g_four_product_group[3].mac4  mult_add_fix8bx16bx4_151                                   917    1150.254    431.672     1581.926 
    g_output_lane[6].g_transform_position[1].g_custom_mac_lane.g_four_product_group[2].mac4  mult_add_fix8bx16bx4_150                                   916    1149.498    431.420     1580.918 
    g_output_lane[6].g_transform_position[1].g_custom_mac_lane.g_four_product_group[1].mac4  mult_add_fix8bx16bx4_149                                   917    1151.766    431.672     1583.438 
    g_output_lane[6].g_transform_position[2].g_custom_mac_lane.g_four_product_group[0].mac4  mult_add_fix8bx16bx4_152                                   916    1151.136    431.420     1582.556 
    g_output_lane[6].g_transform_position[2].g_custom_mac_lane.g_four_product_group[3].mac4  mult_add_fix8bx16bx4_155                                   917    1150.254    431.672     1581.926 
    g_output_lane[6].g_transform_position[2].g_custom_mac_lane.g_four_product_group[2].mac4  mult_add_fix8bx16bx4_154                                   916    1149.498    431.420     1580.918 
    g_output_lane[6].g_transform_position[2].g_custom_mac_lane.g_four_product_group[1].mac4  mult_add_fix8bx16bx4_153                                   917    1149.876    431.672     1581.548 
    g_output_lane[6].g_transform_position[3].g_custom_mac_lane.g_four_product_group[2].mac4  mult_add_fix8bx16bx4_158                                   898    1117.494    418.484     1535.978 
    g_output_lane[6].g_transform_position[3].g_custom_mac_lane.g_four_product_group[0].mac4  mult_add_fix8bx16bx4_156                                   898    1117.494    418.484     1535.978 
    g_output_lane[6].g_transform_position[3].g_custom_mac_lane.g_four_product_group[3].mac4  mult_add_fix8bx16bx4_159                                   897    1117.242    418.232     1535.474 
    g_output_lane[6].g_transform_position[3].g_custom_mac_lane.g_four_product_group[1].mac4  mult_add_fix8bx16bx4_157                                   890    1116.990    416.977     1533.967 
    g_output_lane[10].g_transform_position[1].g_custom_mac_lane.g_four_product_group[0].mac4 mult_add_fix8bx16bx4_244                                   916    1149.120    431.420     1580.540 
    g_output_lane[10].g_transform_position[1].g_custom_mac_lane.g_four_product_group[3].mac4 mult_add_fix8bx16bx4_247                                   921    1163.484    432.681     1596.165 
    g_output_lane[10].g_transform_position[1].g_custom_mac_lane.g_four_product_group[2].mac4 mult_add_fix8bx16bx4_246                                   916    1149.498    431.420     1580.918 
    g_output_lane[10].g_transform_position[1].g_custom_mac_lane.g_four_product_group[1].mac4 mult_add_fix8bx16bx4_245                                   917    1149.876    431.672     1581.548 
    g_output_lane[10].g_transform_position[2].g_custom_mac_lane.g_four_product_group[0].mac4 mult_add_fix8bx16bx4_248                                   916    1151.136    431.420     1582.556 
    g_output_lane[10].g_transform_position[2].g_custom_mac_lane.g_four_product_group[3].mac4 mult_add_fix8bx16bx4_251                                   917    1147.986    431.672     1579.658 
    g_output_lane[10].g_transform_position[2].g_custom_mac_lane.g_four_product_group[2].mac4 mult_add_fix8bx16bx4_250                                   916    1149.120    431.420     1580.540 
    g_output_lane[10].g_transform_position[2].g_custom_mac_lane.g_four_product_group[1].mac4 mult_add_fix8bx16bx4_249                                   917    1149.498    431.672     1581.170 
    g_output_lane[10].g_transform_position[3].g_custom_mac_lane.g_four_product_group[3].mac4 mult_add_fix8bx16bx4_255                                   897    1117.242    418.232     1535.474 
    g_output_lane[10].g_transform_position[3].g_custom_mac_lane.g_four_product_group[1].mac4 mult_add_fix8bx16bx4_253                                   898    1117.494    418.484     1535.978 
    g_output_lane[10].g_transform_position[3].g_custom_mac_lane.g_four_product_group[2].mac4 mult_add_fix8bx16bx4_254                                   897    1117.242    418.232     1535.474 
    g_output_lane[10].g_transform_position[3].g_custom_mac_lane.g_four_product_group[0].mac4 mult_add_fix8bx16bx4_252                                   898    1117.494    418.484     1535.978 
    g_output_lane[15].g_transform_position[1].g_custom_mac_lane.g_four_product_group[2].mac4 mult_add_fix8bx16bx4_366                                   917    1149.876    431.672     1581.548 
    g_output_lane[15].g_transform_position[1].g_custom_mac_lane.g_four_product_group[3].mac4 mult_add_fix8bx16bx4_367                                   921    1163.862    432.681     1596.543 
    g_output_lane[15].g_transform_position[1].g_custom_mac_lane.g_four_product_group[1].mac4 mult_add_fix8bx16bx4_365                                   917    1150.254    431.672     1581.926 
    g_output_lane[15].g_transform_position[1].g_custom_mac_lane.g_four_product_group[0].mac4 mult_add_fix8bx16bx4_364                                   917    1149.498    431.672     1581.170 
    g_output_lane[15].g_transform_position[2].g_custom_mac_lane.g_four_product_group[2].mac4 mult_add_fix8bx16bx4_370                                   917    1150.254    431.672     1581.926 
    g_output_lane[15].g_transform_position[2].g_custom_mac_lane.g_four_product_group[3].mac4 mult_add_fix8bx16bx4_371                                   917    1151.766    431.672     1583.438 
    g_output_lane[15].g_transform_position[2].g_custom_mac_lane.g_four_product_group[0].mac4 mult_add_fix8bx16bx4_368                                   917    1149.498    431.672     1581.170 
    g_output_lane[15].g_transform_position[2].g_custom_mac_lane.g_four_product_group[1].mac4 mult_add_fix8bx16bx4_369                                   917    1150.254    431.672     1581.926 
    g_output_lane[15].g_transform_position[3].g_custom_mac_lane.g_four_product_group[0].mac4 mult_add_fix8bx16bx4_372                                   898    1117.494    418.484     1535.978 
    g_output_lane[15].g_transform_position[3].g_custom_mac_lane.g_four_product_group[3].mac4 mult_add_fix8bx16bx4_375                                   897    1117.242    418.232     1535.474 
    g_output_lane[15].g_transform_position[3].g_custom_mac_lane.g_four_product_group[2].mac4 mult_add_fix8bx16bx4_374                                   897    1117.242    418.232     1535.474 
    g_output_lane[15].g_transform_position[3].g_custom_mac_lane.g_four_product_group[1].mac4 mult_add_fix8bx16bx4_373                                   890    1116.990    416.977     1533.967 
    g_output_lane[4].g_transform_position[3].g_custom_mac_lane.g_four_product_group[0].mac4  mult_add_fix8bx16bx4_108                                   897    1117.242    418.232     1535.474 
    g_output_lane[4].g_transform_position[3].g_custom_mac_lane.g_four_product_group[1].mac4  mult_add_fix8bx16bx4_109                                   898    1117.494    418.484     1535.978 
    g_output_lane[4].g_transform_position[3].g_custom_mac_lane.g_four_product_group[3].mac4  mult_add_fix8bx16bx4_111                                   890    1118.376    416.977     1535.353 
    g_output_lane[4].g_transform_position[3].g_custom_mac_lane.g_four_product_group[2].mac4  mult_add_fix8bx16bx4_110                                   897    1120.392    418.232     1538.624 
    g_output_lane[26].g_transform_position[1].g_custom_mac_lane.g_four_product_group[3].mac4 mult_add_fix8bx16bx4_631                                   917    1150.632    431.672     1582.304 
    g_output_lane[26].g_transform_position[1].g_custom_mac_lane.g_four_product_group[1].mac4 mult_add_fix8bx16bx4_629                                   917    1150.254    431.672     1581.926 
    g_output_lane[26].g_transform_position[1].g_custom_mac_lane.g_four_product_group[2].mac4 mult_add_fix8bx16bx4_630                                   916    1149.498    431.420     1580.918 
    g_output_lane[0].g_transform_position[0].g_custom_mac_lane.g_four_product_group[3].mac4  mult_add_fix8bx16bx4_3                                     917    1147.986    431.672     1579.658 
    g_output_lane[0].g_transform_position[0].g_custom_mac_lane.g_four_product_group[2].mac4  mult_add_fix8bx16bx4_2                                     917    1147.986    431.672     1579.658 
    g_output_lane[0].output_transform                                                        winograd_f43_output_transform                              931    1199.268    317.403     1516.671 
    g_output_lane[0].g_transform_position[1].g_custom_mac_lane.g_four_product_group[2].mac4  mult_add_fix8bx16bx4_6                                     916    1151.262    431.420     1582.682 
    g_output_lane[0].g_transform_position[1].g_custom_mac_lane.g_four_product_group[0].mac4  mult_add_fix8bx16bx4_4                                     916    1147.608    431.420     1579.028 
    g_output_lane[0].g_transform_position[1].g_custom_mac_lane.g_four_product_group[3].mac4  mult_add_fix8bx16bx4_7                                     916    1149.120    431.420     1580.540 
    g_output_lane[0].g_transform_position[1].g_custom_mac_lane.g_four_product_group[1].mac4  mult_add_fix8bx16bx4_5                                     917    1149.498    431.672     1581.170 
    g_output_lane[0].g_transform_position[2].g_custom_mac_lane.g_four_product_group[0].mac4  mult_add_fix8bx16bx4_8                                     916    1148.742    431.420     1580.162 
    g_output_lane[0].g_transform_position[2].g_custom_mac_lane.g_four_product_group[3].mac4  mult_add_fix8bx16bx4_11                                    916    1149.876    431.420     1581.296 
    g_output_lane[0].g_transform_position[2].g_custom_mac_lane.g_four_product_group[2].mac4  mult_add_fix8bx16bx4_10                                    916    1149.498    431.420     1580.918 
    g_output_lane[0].g_transform_position[2].g_custom_mac_lane.g_four_product_group[1].mac4  mult_add_fix8bx16bx4_9                                     917    1150.254    431.672     1581.926 
    g_output_lane[0].g_transform_position[3].g_custom_mac_lane.g_four_product_group[2].mac4  mult_add_fix8bx16bx4_14                                    898    1117.494    418.484     1535.978 
    g_output_lane[0].g_transform_position[3].g_custom_mac_lane.g_four_product_group[3].mac4  mult_add_fix8bx16bx4_15                                    897    1117.242    418.232     1535.474 
    g_output_lane[0].g_transform_position[3].g_custom_mac_lane.g_four_product_group[0].mac4  mult_add_fix8bx16bx4_12                                    898    1117.494    418.484     1535.978 
    g_output_lane[0].g_transform_position[3].g_custom_mac_lane.g_four_product_group[1].mac4  mult_add_fix8bx16bx4_13                                    890    1116.990    416.977     1533.967 
    g_output_lane[14].g_transform_position[5].g_custom_mac_lane.g_four_product_group[1].mac4 mult_add_fix8bx16bx4_357                                   916    1148.364    431.420     1579.784 
    g_output_lane[8].g_transform_position[5].g_custom_mac_lane.g_four_product_group[1].mac4  mult_add_fix8bx16bx4_213                                   916    1147.986    431.420     1579.406 
    g_output_lane[14].g_transform_position[5].g_custom_mac_lane.g_four_product_group[2].mac4 mult_add_fix8bx16bx4_358                                   917    1148.364    431.672     1580.036 
    g_output_lane[4].g_transform_position[5].g_custom_mac_lane.g_four_product_group[2].mac4  mult_add_fix8bx16bx4_118                                   917    1149.876    431.672     1581.548 
    g_output_lane[0].g_transform_position[5].g_custom_mac_lane.g_four_product_group[2].mac4  mult_add_fix8bx16bx4_22                                    917    1147.986    431.672     1579.658 
    g_output_lane[28].g_transform_position[5].g_custom_mac_lane.g_four_product_group[2].mac4 mult_add_fix8bx16bx4_694                                   917    1150.254    431.672     1581.926 
    g_output_lane[24].g_transform_position[5].g_custom_mac_lane.g_four_product_group[2].mac4 mult_add_fix8bx16bx4_598                                   917    1149.120    431.672     1580.792 
    g_output_lane[23].g_transform_position[5].g_custom_mac_lane.g_four_product_group[2].mac4 mult_add_fix8bx16bx4_574                                   917    1150.632    431.672     1582.304 
    g_output_lane[23].g_transform_position[5].g_custom_mac_lane.g_four_product_group[0].mac4 mult_add_fix8bx16bx4_572                                   917    1149.120    431.672     1580.792 
    g_output_lane[14].g_transform_position[5].g_custom_mac_lane.g_four_product_group[0].mac4 mult_add_fix8bx16bx4_356                                   917    1150.128    431.672     1581.800 
    g_output_lane[8].g_transform_position[5].g_custom_mac_lane.g_four_product_group[2].mac4  mult_add_fix8bx16bx4_214                                   917    1148.364    431.672     1580.036 
    g_output_lane[3].g_transform_position[5].g_custom_mac_lane.g_four_product_group[2].mac4  mult_add_fix8bx16bx4_94                                    917    1150.254    431.672     1581.926 
    g_output_lane[0].g_transform_position[5].g_custom_mac_lane.g_four_product_group[0].mac4  mult_add_fix8bx16bx4_20                                    917    1147.986    431.672     1579.658 
    g_output_lane[24].g_transform_position[5].g_custom_mac_lane.g_four_product_group[0].mac4 mult_add_fix8bx16bx4_596                                   917    1148.364    431.672     1580.036 
    g_output_lane[8].g_transform_position[5].g_custom_mac_lane.g_four_product_group[3].mac4  mult_add_fix8bx16bx4_215                                   917    1149.876    431.672     1581.548 
    g_output_lane[25].g_transform_position[5].g_custom_mac_lane.g_four_product_group[0].mac4 mult_add_fix8bx16bx4_620                                   917    1148.742    431.672     1580.414 
    g_output_lane[16].output_transform                                                       winograd_f43_output_transform_16                          1052    1287.846    342.097     1629.943 
    g_output_lane[16].g_transform_position[5].g_custom_mac_lane.g_four_product_group[0].mac4 mult_add_fix8bx16bx4_404                                   917    1148.364    431.672     1580.036 
    g_output_lane[16].g_transform_position[5].g_custom_mac_lane.g_four_product_group[3].mac4 mult_add_fix8bx16bx4_407                                   917    1150.128    431.672     1581.800 
    g_output_lane[16].g_transform_position[5].g_custom_mac_lane.g_four_product_group[2].mac4 mult_add_fix8bx16bx4_406                                   917    1148.364    431.672     1580.036 
    g_output_lane[16].g_transform_position[5].g_custom_mac_lane.g_four_product_group[1].mac4 mult_add_fix8bx16bx4_405                                   916    1147.860    431.420     1579.280 
    g_output_lane[2].g_transform_position[5].g_custom_mac_lane.g_four_product_group[0].mac4  mult_add_fix8bx16bx4_68                                    917    1147.986    431.672     1579.658 
    g_output_lane[2].g_transform_position[5].g_custom_mac_lane.g_four_product_group[3].mac4  mult_add_fix8bx16bx4_71                                    917    1149.876    431.672     1581.548 
    g_output_lane[2].g_transform_position[5].g_custom_mac_lane.g_four_product_group[2].mac4  mult_add_fix8bx16bx4_70                                    917    1147.986    431.672     1579.658 
    g_output_lane[6].g_transform_position[5].g_custom_mac_lane.g_four_product_group[0].mac4  mult_add_fix8bx16bx4_164                                   917    1147.986    431.672     1579.658 
    g_output_lane[6].g_transform_position[5].g_custom_mac_lane.g_four_product_group[3].mac4  mult_add_fix8bx16bx4_167                                   917    1149.876    431.672     1581.548 
    g_output_lane[6].g_transform_position[5].g_custom_mac_lane.g_four_product_group[2].mac4  mult_add_fix8bx16bx4_166                                   917    1147.986    431.672     1579.658 
    g_output_lane[6].g_transform_position[5].g_custom_mac_lane.g_four_product_group[1].mac4  mult_add_fix8bx16bx4_165                                   916    1147.608    431.420     1579.028 
    g_output_lane[11].g_transform_position[5].g_custom_mac_lane.g_four_product_group[0].mac4 mult_add_fix8bx16bx4_284                                   917    1148.364    431.672     1580.036 
    g_output_lane[11].g_transform_position[5].g_custom_mac_lane.g_four_product_group[3].mac4 mult_add_fix8bx16bx4_287                                   916    1149.498    431.420     1580.918 
    g_output_lane[11].g_transform_position[5].g_custom_mac_lane.g_four_product_group[2].mac4 mult_add_fix8bx16bx4_286                                   916    1147.608    431.420     1579.028 
    g_output_lane[11].g_transform_position[5].g_custom_mac_lane.g_four_product_group[1].mac4 mult_add_fix8bx16bx4_285                                   917    1148.742    431.672     1580.414 
    g_output_lane[13].g_transform_position[5].g_custom_mac_lane.g_four_product_group[0].mac4 mult_add_fix8bx16bx4_332                                   917    1147.986    431.672     1579.658 
    g_output_lane[13].g_transform_position[5].g_custom_mac_lane.g_four_product_group[3].mac4 mult_add_fix8bx16bx4_335                                   917    1150.506    431.672     1582.178 
    g_output_lane[13].g_transform_position[5].g_custom_mac_lane.g_four_product_group[2].mac4 mult_add_fix8bx16bx4_334                                   917    1148.868    431.672     1580.540 
    g_output_lane[22].g_transform_position[5].g_custom_mac_lane.g_four_product_group[0].mac4 mult_add_fix8bx16bx4_548                                   917    1148.364    431.672     1580.036 
    g_output_lane[22].g_transform_position[5].g_custom_mac_lane.g_four_product_group[1].mac4 mult_add_fix8bx16bx4_549                                   917    1149.120    431.672     1580.792 
    g_output_lane[22].g_transform_position[5].g_custom_mac_lane.g_four_product_group[2].mac4 mult_add_fix8bx16bx4_550                                   916    1148.742    431.420     1580.162 
    g_output_lane[26].g_transform_position[5].g_custom_mac_lane.g_four_product_group[0].mac4 mult_add_fix8bx16bx4_644                                   917    1147.986    431.672     1579.658 
    g_output_lane[26].g_transform_position[5].g_custom_mac_lane.g_four_product_group[3].mac4 mult_add_fix8bx16bx4_647                                   917    1150.506    431.672     1582.178 
    g_output_lane[26].g_transform_position[5].g_custom_mac_lane.g_four_product_group[1].mac4 mult_add_fix8bx16bx4_645                                   916    1147.608    431.420     1579.028 
    g_output_lane[27].g_transform_position[5].g_custom_mac_lane.g_four_product_group[0].mac4 mult_add_fix8bx16bx4_668                                   917    1148.364    431.672     1580.036 
    g_output_lane[27].g_transform_position[5].g_custom_mac_lane.g_four_product_group[2].mac4 mult_add_fix8bx16bx4_670                                   916    1147.608    431.420     1579.028 
    g_output_lane[27].g_transform_position[5].g_custom_mac_lane.g_four_product_group[1].mac4 mult_add_fix8bx16bx4_669                                   917    1148.742    431.672     1580.414 
    g_output_lane[12].g_transform_position[5].g_custom_mac_lane.g_four_product_group[3].mac4 mult_add_fix8bx16bx4_311                                   917    1150.128    431.672     1581.800 
    g_output_lane[12].g_transform_position[5].g_custom_mac_lane.g_four_product_group[1].mac4 mult_add_fix8bx16bx4_309                                   916    1147.860    431.420     1579.280 
    g_output_lane[12].g_transform_position[5].g_custom_mac_lane.g_four_product_group[2].mac4 mult_add_fix8bx16bx4_310                                   917    1150.002    431.672     1581.674 
    g_output_lane[7].g_transform_position[5].g_custom_mac_lane.g_four_product_group[0].mac4  mult_add_fix8bx16bx4_188                                   917    1148.364    431.672     1580.036 
    g_output_lane[7].g_transform_position[5].g_custom_mac_lane.g_four_product_group[3].mac4  mult_add_fix8bx16bx4_191                                   916    1149.624    431.420     1581.044 
    g_output_lane[7].g_transform_position[5].g_custom_mac_lane.g_four_product_group[1].mac4  mult_add_fix8bx16bx4_189                                   917    1148.742    431.672     1580.414 
    g_output_lane[7].g_transform_position[5].g_custom_mac_lane.g_four_product_group[2].mac4  mult_add_fix8bx16bx4_190                                   916    1147.986    431.420     1579.406 
    g_output_lane[9].g_transform_position[5].g_custom_mac_lane.g_four_product_group[0].mac4  mult_add_fix8bx16bx4_236                                   917    1148.238    431.672     1579.910 
    g_output_lane[9].g_transform_position[5].g_custom_mac_lane.g_four_product_group[2].mac4  mult_add_fix8bx16bx4_238                                   917    1148.238    431.672     1579.910 
    g_output_lane[9].g_transform_position[5].g_custom_mac_lane.g_four_product_group[1].mac4  mult_add_fix8bx16bx4_237                                   916    1147.860    431.420     1579.280 
    g_output_lane[12].g_transform_position[5].g_custom_mac_lane.g_four_product_group[0].mac4 mult_add_fix8bx16bx4_308                                   917    1148.238    431.672     1579.910 
    g_output_lane[21].g_transform_position[5].g_custom_mac_lane.g_four_product_group[0].mac4 mult_add_fix8bx16bx4_524                                   917    1148.238    431.672     1579.910 
    g_output_lane[21].g_transform_position[5].g_custom_mac_lane.g_four_product_group[1].mac4 mult_add_fix8bx16bx4_525                                   916    1148.112    431.420     1579.532 
    g_output_lane[21].g_transform_position[5].g_custom_mac_lane.g_four_product_group[3].mac4 mult_add_fix8bx16bx4_527                                   917    1150.128    431.672     1581.800 
    g_output_lane[21].g_transform_position[5].g_custom_mac_lane.g_four_product_group[2].mac4 mult_add_fix8bx16bx4_526                                   917    1147.986    431.672     1579.658 
    g_output_lane[5].g_transform_position[5].g_custom_mac_lane.g_four_product_group[0].mac4  mult_add_fix8bx16bx4_140                                   917    1148.364    431.672     1580.036 
    g_output_lane[5].g_transform_position[5].g_custom_mac_lane.g_four_product_group[2].mac4  mult_add_fix8bx16bx4_142                                   916    1147.608    431.420     1579.028 
    g_output_lane[5].g_transform_position[5].g_custom_mac_lane.g_four_product_group[1].mac4  mult_add_fix8bx16bx4_141                                   917    1147.986    431.672     1579.658 
    g_output_lane[10].g_transform_position[5].g_custom_mac_lane.g_four_product_group[0].mac4 mult_add_fix8bx16bx4_260                                   917    1147.986    431.672     1579.658 
    g_output_lane[10].g_transform_position[5].g_custom_mac_lane.g_four_product_group[3].mac4 mult_add_fix8bx16bx4_263                                   917    1149.876    431.672     1581.548 
    g_output_lane[10].g_transform_position[5].g_custom_mac_lane.g_four_product_group[2].mac4 mult_add_fix8bx16bx4_262                                   917    1148.364    431.672     1580.036 
    g_output_lane[15].g_transform_position[5].g_custom_mac_lane.g_four_product_group[0].mac4 mult_add_fix8bx16bx4_380                                   917    1148.364    431.672     1580.036 
    g_output_lane[15].g_transform_position[5].g_custom_mac_lane.g_four_product_group[1].mac4 mult_add_fix8bx16bx4_381                                   917    1150.380    431.672     1582.052 
    g_output_lane[15].g_transform_position[5].g_custom_mac_lane.g_four_product_group[3].mac4 mult_add_fix8bx16bx4_383                                   916    1149.498    431.420     1580.918 
    g_output_lane[15].g_transform_position[5].g_custom_mac_lane.g_four_product_group[2].mac4 mult_add_fix8bx16bx4_382                                   916    1150.002    431.420     1581.422 
    g_output_lane[17].g_transform_position[5].g_custom_mac_lane.g_four_product_group[0].mac4 mult_add_fix8bx16bx4_428                                   917    1147.986    431.672     1579.658 
    g_output_lane[17].g_transform_position[5].g_custom_mac_lane.g_four_product_group[3].mac4 mult_add_fix8bx16bx4_431                                   917    1149.876    431.672     1581.548 
    g_output_lane[17].g_transform_position[5].g_custom_mac_lane.g_four_product_group[1].mac4 mult_add_fix8bx16bx4_429                                   916    1147.986    431.420     1579.406 
    g_output_lane[17].g_transform_position[5].g_custom_mac_lane.g_four_product_group[2].mac4 mult_add_fix8bx16bx4_430                                   917    1148.238    431.672     1579.910 
    g_output_lane[19].g_transform_position[5].g_custom_mac_lane.g_four_product_group[1].mac4 mult_add_fix8bx16bx4_477                                   916    1147.860    431.420     1579.280 
    g_output_lane[19].g_transform_position[5].g_custom_mac_lane.g_four_product_group[0].mac4 mult_add_fix8bx16bx4_476                                   917    1148.238    431.672     1579.910 
    g_output_lane[19].g_transform_position[5].g_custom_mac_lane.g_four_product_group[3].mac4 mult_add_fix8bx16bx4_479                                   917    1150.128    431.672     1581.800 
    g_output_lane[19].g_transform_position[5].g_custom_mac_lane.g_four_product_group[2].mac4 mult_add_fix8bx16bx4_478                                   917    1148.238    431.672     1579.910 
    g_output_lane[20].g_transform_position[5].g_custom_mac_lane.g_four_product_group[0].mac4 mult_add_fix8bx16bx4_500                                   917    1148.364    431.672     1580.036 
    g_output_lane[20].g_transform_position[5].g_custom_mac_lane.g_four_product_group[3].mac4 mult_add_fix8bx16bx4_503                                   916    1149.750    431.420     1581.170 
    g_output_lane[20].g_transform_position[5].g_custom_mac_lane.g_four_product_group[2].mac4 mult_add_fix8bx16bx4_502                                   916    1149.876    431.420     1581.296 
    g_output_lane[20].g_transform_position[5].g_custom_mac_lane.g_four_product_group[1].mac4 mult_add_fix8bx16bx4_501                                   917    1148.364    431.672     1580.036 
    g_output_lane[24].g_transform_position[0].g_custom_mac_lane.g_four_product_group[1].mac4 mult_add_fix8bx16bx4_577                                   916    1147.608    431.420     1579.028 
    g_output_lane[24].g_transform_position[0].g_custom_mac_lane.g_four_product_group[3].mac4 mult_add_fix8bx16bx4_579                                   917    1147.986    431.672     1579.658 
    g_output_lane[8].g_transform_position[2].g_custom_mac_lane.g_four_product_group[1].mac4  mult_add_fix8bx16bx4_201                                   917    1152.270    431.672     1583.942 
    g_output_lane[25].g_transform_position[2].g_custom_mac_lane.g_four_product_group[0].mac4 mult_add_fix8bx16bx4_608                                   916    1149.120    431.420     1580.540 
    g_output_lane[26].g_transform_position[0].g_custom_mac_lane.g_four_product_group[2].mac4 mult_add_fix8bx16bx4_626                                   917    1147.986    431.672     1579.658 
    g_output_lane[14].g_transform_position[3].g_custom_mac_lane.g_four_product_group[3].mac4 mult_add_fix8bx16bx4_351                                   890    1116.990    416.977     1533.967 
    g_output_lane[24].g_transform_position[0].g_custom_mac_lane.g_four_product_group[0].mac4 mult_add_fix8bx16bx4_576                                   917    1147.986    431.672     1579.658 
    g_output_lane[8].g_transform_position[2].g_custom_mac_lane.g_four_product_group[2].mac4  mult_add_fix8bx16bx4_202                                   916    1149.876    431.420     1581.296 
    g_output_lane[21].g_transform_position[2].g_custom_mac_lane.g_four_product_group[3].mac4 mult_add_fix8bx16bx4_515                                   916    1149.876    431.420     1581.296 
    g_output_lane[13].g_transform_position[4].g_custom_mac_lane.g_four_product_group[0].mac4 mult_add_fix8bx16bx4_328                                   897    1117.998    418.232     1536.230 
    g_output_lane[13].g_transform_position[2].g_custom_mac_lane.g_four_product_group[0].mac4 mult_add_fix8bx16bx4_320                                   916    1149.498    431.420     1580.918 
    g_output_lane[8].g_transform_position[2].g_custom_mac_lane.g_four_product_group[3].mac4  mult_add_fix8bx16bx4_203                                   917    1150.632    431.672     1582.304 
    g_output_lane[21].g_transform_position[2].g_custom_mac_lane.g_four_product_group[0].mac4 mult_add_fix8bx16bx4_512                                   916    1148.742    431.420     1580.162 
    g_output_lane[18].g_transform_position[4].g_custom_mac_lane.g_four_product_group[0].mac4 mult_add_fix8bx16bx4_448                                   897    1117.998    418.232     1536.230 
    g_output_lane[8].g_transform_position[2].g_custom_mac_lane.g_four_product_group[0].mac4  mult_add_fix8bx16bx4_200                                   916    1149.120    431.420     1580.540 
    g_output_lane[23].output_transform                                                       winograd_f43_output_transform_23                          1073    1295.154    363.584     1658.738 
    g_output_lane[26].output_transform                                                       winograd_f43_output_transform_26                          1006    1202.544    335.642     1538.186 
    g_output_lane[23].g_transform_position[0].g_custom_mac_lane.g_four_product_group[0].mac4 mult_add_fix8bx16bx4_552                                   917    1147.986    431.672     1579.658 
    g_output_lane[23].g_transform_position[0].g_custom_mac_lane.g_four_product_group[3].mac4 mult_add_fix8bx16bx4_555                                   917    1147.986    431.672     1579.658 
    g_output_lane[23].g_transform_position[0].g_custom_mac_lane.g_four_product_group[1].mac4 mult_add_fix8bx16bx4_553                                   916    1147.608    431.420     1579.028 
    g_output_lane[23].g_transform_position[2].g_custom_mac_lane.g_four_product_group[3].mac4 mult_add_fix8bx16bx4_563                                   916    1149.498    431.420     1580.918 
    g_output_lane[23].g_transform_position[2].g_custom_mac_lane.g_four_product_group[1].mac4 mult_add_fix8bx16bx4_561                                   917    1149.876    431.672     1581.548 
    g_output_lane[23].g_transform_position[2].g_custom_mac_lane.g_four_product_group[2].mac4 mult_add_fix8bx16bx4_562                                   916    1149.498    431.420     1580.918 
    g_output_lane[23].g_transform_position[2].g_custom_mac_lane.g_four_product_group[0].mac4 mult_add_fix8bx16bx4_560                                   916    1148.742    431.420     1580.162 
    g_output_lane[23].g_transform_position[4].g_custom_mac_lane.g_four_product_group[0].mac4 mult_add_fix8bx16bx4_568                                   897    1117.242    418.232     1535.474 
    g_output_lane[23].g_transform_position[4].g_custom_mac_lane.g_four_product_group[3].mac4 mult_add_fix8bx16bx4_571                                   897    1117.242    418.232     1535.474 
    g_output_lane[23].g_transform_position[4].g_custom_mac_lane.g_four_product_group[2].mac4 mult_add_fix8bx16bx4_570                                   897    1117.242    418.232     1535.474 
    g_output_lane[23].g_transform_position[4].g_custom_mac_lane.g_four_product_group[1].mac4 mult_add_fix8bx16bx4_569                                   890    1116.990    416.977     1533.967 
    g_output_lane[26].g_transform_position[2].g_custom_mac_lane.g_four_product_group[0].mac4 mult_add_fix8bx16bx4_632                                   916    1148.742    431.420     1580.162 
    g_output_lane[26].g_transform_position[2].g_custom_mac_lane.g_four_product_group[3].mac4 mult_add_fix8bx16bx4_635                                   917    1149.498    431.672     1581.170 
    g_output_lane[26].g_transform_position[2].g_custom_mac_lane.g_four_product_group[2].mac4 mult_add_fix8bx16bx4_634                                   916    1149.120    431.420     1580.540 
    g_output_lane[26].g_transform_position[2].g_custom_mac_lane.g_four_product_group[1].mac4 mult_add_fix8bx16bx4_633                                   917    1149.498    431.672     1581.170 
    g_output_lane[26].g_transform_position[3].g_custom_mac_lane.g_four_product_group[3].mac4 mult_add_fix8bx16bx4_639                                   897    1117.242    418.232     1535.474 
    g_output_lane[26].g_transform_position[4].g_custom_mac_lane.g_four_product_group[0].mac4 mult_add_fix8bx16bx4_640                                   897    1117.242    418.232     1535.474 
    g_output_lane[26].g_transform_position[4].g_custom_mac_lane.g_four_product_group[3].mac4 mult_add_fix8bx16bx4_643                                   897    1117.242    418.232     1535.474 
    g_output_lane[26].g_transform_position[4].g_custom_mac_lane.g_four_product_group[2].mac4 mult_add_fix8bx16bx4_642                                   897    1117.242    418.232     1535.474 
    g_output_lane[26].g_transform_position[4].g_custom_mac_lane.g_four_product_group[1].mac4 mult_add_fix8bx16bx4_641                                   890    1116.990    416.977     1533.967 
    g_output_lane[3].g_transform_position[4].g_custom_mac_lane.g_four_product_group[3].mac4  mult_add_fix8bx16bx4_91                                    890    1117.368    416.977     1534.345 
    g_output_lane[3].g_transform_position[4].g_custom_mac_lane.g_four_product_group[1].mac4  mult_add_fix8bx16bx4_89                                    898    1121.274    418.484     1539.758 
    g_output_lane[3].g_transform_position[4].g_custom_mac_lane.g_four_product_group[2].mac4  mult_add_fix8bx16bx4_90                                    897    1117.242    418.232     1535.474 
    g_output_lane[3].g_transform_position[4].g_custom_mac_lane.g_four_product_group[0].mac4  mult_add_fix8bx16bx4_88                                    897    1117.620    418.232     1535.852 
    g_output_lane[2].g_transform_position[4].g_custom_mac_lane.g_four_product_group[0].mac4  mult_add_fix8bx16bx4_64                                    897    1117.242    418.232     1535.474 
    g_output_lane[2].g_transform_position[4].g_custom_mac_lane.g_four_product_group[3].mac4  mult_add_fix8bx16bx4_67                                    890    1117.368    416.977     1534.345 
    g_output_lane[2].g_transform_position[4].g_custom_mac_lane.g_four_product_group[2].mac4  mult_add_fix8bx16bx4_66                                    897    1117.242    418.232     1535.474 
    g_output_lane[2].g_transform_position[4].g_custom_mac_lane.g_four_product_group[1].mac4  mult_add_fix8bx16bx4_65                                    898    1118.250    418.484     1536.734 
    g_output_lane[6].g_transform_position[4].g_custom_mac_lane.g_four_product_group[0].mac4  mult_add_fix8bx16bx4_160                                   897    1117.242    418.232     1535.474 
    g_output_lane[6].g_transform_position[4].g_custom_mac_lane.g_four_product_group[1].mac4  mult_add_fix8bx16bx4_161                                   890    1116.990    416.977     1533.967 
    g_output_lane[6].g_transform_position[4].g_custom_mac_lane.g_four_product_group[3].mac4  mult_add_fix8bx16bx4_163                                   897    1117.242    418.232     1535.474 
    g_output_lane[6].g_transform_position[4].g_custom_mac_lane.g_four_product_group[2].mac4  mult_add_fix8bx16bx4_162                                   897    1117.242    418.232     1535.474 
    g_output_lane[10].g_transform_position[4].g_custom_mac_lane.g_four_product_group[0].mac4 mult_add_fix8bx16bx4_256                                   897    1117.242    418.232     1535.474 
    g_output_lane[10].g_transform_position[4].g_custom_mac_lane.g_four_product_group[3].mac4 mult_add_fix8bx16bx4_259                                   897    1117.242    418.232     1535.474 
    g_output_lane[10].g_transform_position[4].g_custom_mac_lane.g_four_product_group[2].mac4 mult_add_fix8bx16bx4_258                                   897    1117.620    418.232     1535.852 
    g_output_lane[10].g_transform_position[4].g_custom_mac_lane.g_four_product_group[1].mac4 mult_add_fix8bx16bx4_257                                   890    1116.990    416.977     1533.967 
    g_output_lane[8].g_transform_position[4].g_custom_mac_lane.g_four_product_group[0].mac4  mult_add_fix8bx16bx4_208                                   897    1117.242    418.232     1535.474 
    g_output_lane[8].g_transform_position[4].g_custom_mac_lane.g_four_product_group[3].mac4  mult_add_fix8bx16bx4_211                                   897    1117.242    418.232     1535.474 
    g_output_lane[8].g_transform_position[4].g_custom_mac_lane.g_four_product_group[2].mac4  mult_add_fix8bx16bx4_210                                   897    1117.620    418.232     1535.852 
    g_output_lane[8].g_transform_position[4].g_custom_mac_lane.g_four_product_group[1].mac4  mult_add_fix8bx16bx4_209                                   898    1117.494    418.484     1535.978 
    g_output_lane[24].output_transform                                                       winograd_f43_output_transform_24                           954    1302.462    310.184     1612.646 
    g_output_lane[24].g_transform_position[2].g_custom_mac_lane.g_four_product_group[3].mac4 mult_add_fix8bx16bx4_587                                   917    1150.254    431.672     1581.926 
    g_output_lane[24].g_transform_position[2].g_custom_mac_lane.g_four_product_group[1].mac4 mult_add_fix8bx16bx4_585                                   917    1149.876    431.672     1581.548 
    g_output_lane[24].g_transform_position[2].g_custom_mac_lane.g_four_product_group[2].mac4 mult_add_fix8bx16bx4_586                                   916    1149.498    431.420     1580.918 
    g_output_lane[24].g_transform_position[2].g_custom_mac_lane.g_four_product_group[0].mac4 mult_add_fix8bx16bx4_584                                   916    1151.640    431.420     1583.060 
    g_output_lane[24].g_transform_position[3].g_custom_mac_lane.g_four_product_group[3].mac4 mult_add_fix8bx16bx4_591                                   897    1117.242    418.232     1535.474 
    g_output_lane[14].output_transform                                                       winograd_f43_output_transform_14                           973    1326.276    328.282     1654.558 
    g_output_lane[14].g_transform_position[0].g_custom_mac_lane.g_four_product_group[0].mac4 mult_add_fix8bx16bx4_336                                   917    1147.986    431.672     1579.658 
    g_output_lane[14].g_transform_position[0].g_custom_mac_lane.g_four_product_group[3].mac4 mult_add_fix8bx16bx4_339                                   916    1147.608    431.420     1579.028 
    g_output_lane[14].g_transform_position[0].g_custom_mac_lane.g_four_product_group[2].mac4 mult_add_fix8bx16bx4_338                                   917    1147.986    431.672     1579.658 
    g_output_lane[14].g_transform_position[0].g_custom_mac_lane.g_four_product_group[1].mac4 mult_add_fix8bx16bx4_337                                   916    1147.608    431.420     1579.028 
    g_output_lane[14].g_transform_position[2].g_custom_mac_lane.g_four_product_group[2].mac4 mult_add_fix8bx16bx4_346                                   916    1149.498    431.420     1580.918 
    g_output_lane[14].g_transform_position[2].g_custom_mac_lane.g_four_product_group[0].mac4 mult_add_fix8bx16bx4_344                                   916    1148.364    431.420     1579.784 
    g_output_lane[14].g_transform_position[2].g_custom_mac_lane.g_four_product_group[3].mac4 mult_add_fix8bx16bx4_347                                   917    1152.270    431.672     1583.942 
    g_output_lane[14].g_transform_position[2].g_custom_mac_lane.g_four_product_group[1].mac4 mult_add_fix8bx16bx4_345                                   917    1149.876    431.672     1581.548 
    g_output_lane[14].g_transform_position[4].g_custom_mac_lane.g_four_product_group[0].mac4 mult_add_fix8bx16bx4_352                                   897    1117.242    418.232     1535.474 
    g_output_lane[14].g_transform_position[4].g_custom_mac_lane.g_four_product_group[3].mac4 mult_add_fix8bx16bx4_355                                   890    1117.368    416.977     1534.345 
    g_output_lane[14].g_transform_position[4].g_custom_mac_lane.g_four_product_group[2].mac4 mult_add_fix8bx16bx4_354                                   897    1117.242    418.232     1535.474 
    g_output_lane[14].g_transform_position[4].g_custom_mac_lane.g_four_product_group[1].mac4 mult_add_fix8bx16bx4_353                                   898    1117.872    418.484     1536.356 
    g_output_lane[15].g_transform_position[4].g_custom_mac_lane.g_four_product_group[2].mac4 mult_add_fix8bx16bx4_378                                   897    1117.620    418.232     1535.852 
    g_output_lane[15].g_transform_position[4].g_custom_mac_lane.g_four_product_group[0].mac4 mult_add_fix8bx16bx4_376                                   897    1117.242    418.232     1535.474 
    g_output_lane[15].g_transform_position[4].g_custom_mac_lane.g_four_product_group[3].mac4 mult_add_fix8bx16bx4_379                                   897    1117.620    418.232     1535.852 
    g_output_lane[15].g_transform_position[4].g_custom_mac_lane.g_four_product_group[1].mac4 mult_add_fix8bx16bx4_377                                   890    1117.746    416.977     1534.723 
    g_output_lane[26].g_transform_position[0].g_custom_mac_lane.g_four_product_group[1].mac4 mult_add_fix8bx16bx4_625                                   916    1147.734    431.420     1579.154 
    g_output_lane[11].g_transform_position[0].g_custom_mac_lane.g_four_product_group[1].mac4 mult_add_fix8bx16bx4_265                                   916    1147.734    431.420     1579.154 
    g_output_lane[26].g_transform_position[0].g_custom_mac_lane.g_four_product_group[3].mac4 mult_add_fix8bx16bx4_627                                   917    1148.112    431.672     1579.784 
    g_output_lane[27].g_transform_position[2].g_custom_mac_lane.g_four_product_group[1].mac4 mult_add_fix8bx16bx4_657                                   917    1150.002    431.672     1581.674 
    g_output_lane[28].g_transform_position[2].g_custom_mac_lane.g_four_product_group[0].mac4 mult_add_fix8bx16bx4_680                                   916    1149.246    431.420     1580.666 
    g_output_lane[27].g_transform_position[2].g_custom_mac_lane.g_four_product_group[0].mac4 mult_add_fix8bx16bx4_656                                   916    1149.624    431.420     1581.044 
    g_output_lane[27].g_transform_position[2].g_custom_mac_lane.g_four_product_group[2].mac4 mult_add_fix8bx16bx4_658                                   916    1149.246    431.420     1580.666 
    g_output_lane[27].g_transform_position[2].g_custom_mac_lane.g_four_product_group[3].mac4 mult_add_fix8bx16bx4_659                                   917    1150.380    431.672     1582.052 
    g_output_lane[26].g_transform_position[0].g_custom_mac_lane.g_four_product_group[0].mac4 mult_add_fix8bx16bx4_624                                   917    1148.112    431.672     1579.784 
    g_output_lane[11].g_transform_position[1].g_custom_mac_lane.g_four_product_group[0].mac4 mult_add_fix8bx16bx4_268                                   916    1149.246    431.420     1580.666 
    g_output_lane[30].g_transform_position[1].g_custom_mac_lane.g_four_product_group[0].mac4 mult_add_fix8bx16bx4_724                                   916    1148.490    431.420     1579.910 
    g_output_lane[19].g_transform_position[1].g_custom_mac_lane.g_four_product_group[3].mac4 mult_add_fix8bx16bx4_463                                   921    1164.240    432.681     1596.921 
    g_output_lane[19].g_transform_position[1].g_custom_mac_lane.g_four_product_group[0].mac4 mult_add_fix8bx16bx4_460                                   916    1149.120    431.420     1580.540 
    g_output_lane[19].output_transform                                                       winograd_f43_output_transform_19                          1019    1277.766    343.760     1621.526 
    g_output_lane[19].g_transform_position[0].g_custom_mac_lane.g_four_product_group[3].mac4 mult_add_fix8bx16bx4_459                                   916    1147.608    431.420     1579.028 
    g_output_lane[19].g_transform_position[0].g_custom_mac_lane.g_four_product_group[1].mac4 mult_add_fix8bx16bx4_457                                   916    1147.608    431.420     1579.028 
    g_output_lane[19].g_transform_position[0].g_custom_mac_lane.g_four_product_group[0].mac4 mult_add_fix8bx16bx4_456                                   917    1147.986    431.672     1579.658 
    g_output_lane[19].g_transform_position[2].g_custom_mac_lane.g_four_product_group[0].mac4 mult_add_fix8bx16bx4_464                                   916    1147.608    431.420     1579.028 
    g_output_lane[19].g_transform_position[2].g_custom_mac_lane.g_four_product_group[2].mac4 mult_add_fix8bx16bx4_466                                   916    1151.766    431.420     1583.186 
    g_output_lane[19].g_transform_position[2].g_custom_mac_lane.g_four_product_group[3].mac4 mult_add_fix8bx16bx4_467                                   917    1149.498    431.672     1581.170 
    g_output_lane[19].g_transform_position[2].g_custom_mac_lane.g_four_product_group[1].mac4 mult_add_fix8bx16bx4_465                                   917    1149.498    431.672     1581.170 
    g_output_lane[19].g_transform_position[3].g_custom_mac_lane.g_four_product_group[3].mac4 mult_add_fix8bx16bx4_471                                   890    1116.990    416.977     1533.967 
    g_output_lane[19].g_transform_position[3].g_custom_mac_lane.g_four_product_group[2].mac4 mult_add_fix8bx16bx4_470                                   897    1117.242    418.232     1535.474 
    g_output_lane[19].g_transform_position[3].g_custom_mac_lane.g_four_product_group[1].mac4 mult_add_fix8bx16bx4_469                                   898    1117.494    418.484     1535.978 
    g_output_lane[30].g_transform_position[3].g_custom_mac_lane.g_four_product_group[3].mac4 mult_add_fix8bx16bx4_735                                   890    1116.990    416.977     1533.967 
    g_output_lane[30].g_transform_position[3].g_custom_mac_lane.g_four_product_group[2].mac4 mult_add_fix8bx16bx4_734                                   897    1117.242    418.232     1535.474 
    g_output_lane[30].g_transform_position[3].g_custom_mac_lane.g_four_product_group[1].mac4 mult_add_fix8bx16bx4_733                                   898    1121.274    418.484     1539.758 
    g_output_lane[30].output_transform                                                       winograd_f43_output_transform_30                           973    1270.584    330.720     1601.304 
    g_output_lane[30].g_transform_position[0].g_custom_mac_lane.g_four_product_group[0].mac4 mult_add_fix8bx16bx4_720                                   917    1147.986    431.672     1579.658 
    g_output_lane[30].g_transform_position[0].g_custom_mac_lane.g_four_product_group[3].mac4 mult_add_fix8bx16bx4_723                                   916    1147.608    431.420     1579.028 
    g_output_lane[30].g_transform_position[0].g_custom_mac_lane.g_four_product_group[2].mac4 mult_add_fix8bx16bx4_722                                   917    1147.986    431.672     1579.658 
    g_output_lane[30].g_transform_position[0].g_custom_mac_lane.g_four_product_group[1].mac4 mult_add_fix8bx16bx4_721                                   916    1147.608    431.420     1579.028 
    g_output_lane[30].g_transform_position[2].g_custom_mac_lane.g_four_product_group[0].mac4 mult_add_fix8bx16bx4_728                                   916    1151.640    431.420     1583.060 
    g_output_lane[30].g_transform_position[2].g_custom_mac_lane.g_four_product_group[3].mac4 mult_add_fix8bx16bx4_731                                   917    1149.120    431.672     1580.792 
    g_output_lane[30].g_transform_position[2].g_custom_mac_lane.g_four_product_group[2].mac4 mult_add_fix8bx16bx4_730                                   916    1147.608    431.420     1579.028 
    g_output_lane[30].g_transform_position[2].g_custom_mac_lane.g_four_product_group[1].mac4 mult_add_fix8bx16bx4_729                                   917    1149.876    431.672     1581.548 
    g_output_lane[5].output_transform                                                        winograd_f43_output_transform_5                            886    1233.288    304.661     1537.949 
    g_output_lane[5].g_transform_position[2].g_custom_mac_lane.g_four_product_group[3].mac4  mult_add_fix8bx16bx4_131                                   917    1147.986    431.672     1579.658 
    g_output_lane[5].g_transform_position[2].g_custom_mac_lane.g_four_product_group[1].mac4  mult_add_fix8bx16bx4_129                                   917    1148.742    431.672     1580.414 
    g_output_lane[5].g_transform_position[2].g_custom_mac_lane.g_four_product_group[2].mac4  mult_add_fix8bx16bx4_130                                   916    1148.742    431.420     1580.162 
    g_output_lane[5].g_transform_position[2].g_custom_mac_lane.g_four_product_group[0].mac4  mult_add_fix8bx16bx4_128                                   916    1147.986    431.420     1579.406 
    g_output_lane[5].g_transform_position[3].g_custom_mac_lane.g_four_product_group[3].mac4  mult_add_fix8bx16bx4_135                                   890    1116.990    416.977     1533.967 
    g_output_lane[5].g_transform_position[3].g_custom_mac_lane.g_four_product_group[2].mac4  mult_add_fix8bx16bx4_134                                   897    1117.242    418.232     1535.474 
    g_output_lane[5].g_transform_position[3].g_custom_mac_lane.g_four_product_group[1].mac4  mult_add_fix8bx16bx4_133                                   898    1117.872    418.484     1536.356 
    g_output_lane[1].g_transform_position[2].g_custom_mac_lane.g_four_product_group[1].mac4  mult_add_fix8bx16bx4_33                                    917    1152.270    431.672     1583.942 
    g_output_lane[1].g_transform_position[2].g_custom_mac_lane.g_four_product_group[2].mac4  mult_add_fix8bx16bx4_34                                    916    1151.766    431.420     1583.186 
    g_output_lane[1].g_transform_position[2].g_custom_mac_lane.g_four_product_group[0].mac4  mult_add_fix8bx16bx4_32                                    916    1149.120    431.420     1580.540 
    g_output_lane[1].output_transform                                                        winograd_f43_output_transform_1                           1054    1233.540    347.699     1581.239 
    g_output_lane[1].g_transform_position[0].g_custom_mac_lane.g_four_product_group[0].mac4  mult_add_fix8bx16bx4_24                                    917    1147.986    431.672     1579.658 
    g_output_lane[1].g_transform_position[0].g_custom_mac_lane.g_four_product_group[3].mac4  mult_add_fix8bx16bx4_27                                    917    1147.986    431.672     1579.658 
    g_output_lane[1].g_transform_position[0].g_custom_mac_lane.g_four_product_group[1].mac4  mult_add_fix8bx16bx4_25                                    916    1147.608    431.420     1579.028 
    g_output_lane[1].g_transform_position[1].g_custom_mac_lane.g_four_product_group[0].mac4  mult_add_fix8bx16bx4_28                                    916    1147.608    431.420     1579.028 
    g_output_lane[1].g_transform_position[1].g_custom_mac_lane.g_four_product_group[3].mac4  mult_add_fix8bx16bx4_31                                    917    1149.876    431.672     1581.548 
    g_output_lane[1].g_transform_position[3].g_custom_mac_lane.g_four_product_group[3].mac4  mult_add_fix8bx16bx4_39                                    897    1117.242    418.232     1535.474 
    g_output_lane[1].g_transform_position[3].g_custom_mac_lane.g_four_product_group[1].mac4  mult_add_fix8bx16bx4_37                                    890    1116.990    416.977     1533.967 
    g_output_lane[1].g_transform_position[3].g_custom_mac_lane.g_four_product_group[2].mac4  mult_add_fix8bx16bx4_38                                    897    1117.242    418.232     1535.474 
    g_output_lane[18].output_transform                                                       winograd_f43_output_transform_18                          1056    1238.454    350.305     1588.759 
    g_output_lane[18].g_transform_position[0].g_custom_mac_lane.g_four_product_group[1].mac4 mult_add_fix8bx16bx4_433                                   916    1147.608    431.420     1579.028 
    g_output_lane[18].g_transform_position[1].g_custom_mac_lane.g_four_product_group[0].mac4 mult_add_fix8bx16bx4_436                                   916    1148.742    431.420     1580.162 
    g_output_lane[18].g_transform_position[2].g_custom_mac_lane.g_four_product_group[3].mac4 mult_add_fix8bx16bx4_443                                   917    1148.364    431.672     1580.036 
    g_output_lane[18].g_transform_position[2].g_custom_mac_lane.g_four_product_group[1].mac4 mult_add_fix8bx16bx4_441                                   917    1149.120    431.672     1580.792 
    g_output_lane[18].g_transform_position[2].g_custom_mac_lane.g_four_product_group[2].mac4 mult_add_fix8bx16bx4_442                                   916    1147.986    431.420     1579.406 
    g_output_lane[18].g_transform_position[2].g_custom_mac_lane.g_four_product_group[0].mac4 mult_add_fix8bx16bx4_440                                   916    1147.986    431.420     1579.406 
    g_output_lane[18].g_transform_position[3].g_custom_mac_lane.g_four_product_group[3].mac4 mult_add_fix8bx16bx4_447                                   890    1116.990    416.977     1533.967 
    g_output_lane[18].g_transform_position[3].g_custom_mac_lane.g_four_product_group[1].mac4 mult_add_fix8bx16bx4_445                                   898    1117.494    418.484     1535.978 
    g_output_lane[18].g_transform_position[3].g_custom_mac_lane.g_four_product_group[2].mac4 mult_add_fix8bx16bx4_446                                   897    1117.242    418.232     1535.474 
    g_output_lane[11].output_transform                                                       winograd_f43_output_transform_11                          1013    1256.598    331.988     1588.586 
    g_output_lane[11].g_transform_position[0].g_custom_mac_lane.g_four_product_group[0].mac4 mult_add_fix8bx16bx4_264                                   917    1147.986    431.672     1579.658 
    g_output_lane[11].g_transform_position[2].g_custom_mac_lane.g_four_product_group[0].mac4 mult_add_fix8bx16bx4_272                                   916    1148.364    431.420     1579.784 
    g_output_lane[11].g_transform_position[2].g_custom_mac_lane.g_four_product_group[3].mac4 mult_add_fix8bx16bx4_275                                   917    1150.254    431.672     1581.926 
    g_output_lane[11].g_transform_position[2].g_custom_mac_lane.g_four_product_group[2].mac4 mult_add_fix8bx16bx4_274                                   916    1149.498    431.420     1580.918 
    g_output_lane[11].g_transform_position[2].g_custom_mac_lane.g_four_product_group[1].mac4 mult_add_fix8bx16bx4_273                                   917    1149.876    431.672     1581.548 
    g_output_lane[11].g_transform_position[3].g_custom_mac_lane.g_four_product_group[3].mac4 mult_add_fix8bx16bx4_279                                   897    1117.242    418.232     1535.474 
    g_output_lane[11].g_transform_position[3].g_custom_mac_lane.g_four_product_group[2].mac4 mult_add_fix8bx16bx4_278                                   898    1117.494    418.484     1535.978 
    g_output_lane[11].g_transform_position[3].g_custom_mac_lane.g_four_product_group[1].mac4 mult_add_fix8bx16bx4_277                                   890    1117.368    416.977     1534.345 
    g_output_lane[28].g_transform_position[2].g_custom_mac_lane.g_four_product_group[2].mac4 mult_add_fix8bx16bx4_682                                   916    1149.876    431.420     1581.296 
    g_output_lane[28].g_transform_position[2].g_custom_mac_lane.g_four_product_group[3].mac4 mult_add_fix8bx16bx4_683                                   917    1152.522    431.672     1584.194 
    g_output_lane[28].g_transform_position[2].g_custom_mac_lane.g_four_product_group[1].mac4 mult_add_fix8bx16bx4_681                                   917    1149.876    431.672     1581.548 
    g_output_lane[17].g_transform_position[0].g_custom_mac_lane.g_four_product_group[1].mac4 mult_add_fix8bx16bx4_409                                   916    1147.608    431.420     1579.028 
    g_output_lane[10].g_transform_position[0].g_custom_mac_lane.g_four_product_group[1].mac4 mult_add_fix8bx16bx4_241                                   916    1147.608    431.420     1579.028 
    g_output_lane[18].g_transform_position[0].g_custom_mac_lane.g_four_product_group[3].mac4 mult_add_fix8bx16bx4_435                                   916    1148.742    431.420     1580.162 
    g_output_lane[17].g_transform_position[0].g_custom_mac_lane.g_four_product_group[3].mac4 mult_add_fix8bx16bx4_411                                   917    1147.986    431.672     1579.658 
    g_output_lane[10].g_transform_position[0].g_custom_mac_lane.g_four_product_group[3].mac4 mult_add_fix8bx16bx4_243                                   917    1148.742    431.672     1580.414 
    g_output_lane[24].g_transform_position[3].g_custom_mac_lane.g_four_product_group[0].mac4 mult_add_fix8bx16bx4_588                                   898    1117.872    418.484     1536.356 
    g_output_lane[8].g_transform_position[0].g_custom_mac_lane.g_four_product_group[0].mac4  mult_add_fix8bx16bx4_192                                   917    1147.986    431.672     1579.658 
    g_output_lane[0].g_transform_position[0].g_custom_mac_lane.g_four_product_group[0].mac4  mult_add_fix8bx16bx4                                       917    1147.986    431.672     1579.658 
    g_output_lane[24].g_transform_position[3].g_custom_mac_lane.g_four_product_group[1].mac4 mult_add_fix8bx16bx4_589                                   890    1116.990    416.977     1533.967 
    g_output_lane[18].g_transform_position[0].g_custom_mac_lane.g_four_product_group[2].mac4 mult_add_fix8bx16bx4_434                                   917    1148.742    431.672     1580.414 
    g_output_lane[17].g_transform_position[0].g_custom_mac_lane.g_four_product_group[2].mac4 mult_add_fix8bx16bx4_410                                   917    1147.986    431.672     1579.658 
    g_output_lane[10].g_transform_position[0].g_custom_mac_lane.g_four_product_group[2].mac4 mult_add_fix8bx16bx4_242                                   917    1147.986    431.672     1579.658 
    g_output_lane[17].g_transform_position[0].g_custom_mac_lane.g_four_product_group[0].mac4 mult_add_fix8bx16bx4_408                                   917    1147.986    431.672     1579.658 
    g_output_lane[10].g_transform_position[0].g_custom_mac_lane.g_four_product_group[0].mac4 mult_add_fix8bx16bx4_240                                   917    1150.506    431.672     1582.178 
    g_output_lane[25].g_transform_position[3].g_custom_mac_lane.g_four_product_group[1].mac4 mult_add_fix8bx16bx4_613                                   890    1116.990    416.977     1533.967 
    g_output_lane[9].g_transform_position[3].g_custom_mac_lane.g_four_product_group[1].mac4  mult_add_fix8bx16bx4_229                                   890    1116.990    416.977     1533.967 
    g_output_lane[30].g_transform_position[3].g_custom_mac_lane.g_four_product_group[0].mac4 mult_add_fix8bx16bx4_732                                   897    1117.998    418.232     1536.230 
    g_output_lane[25].g_transform_position[3].g_custom_mac_lane.g_four_product_group[0].mac4 mult_add_fix8bx16bx4_612                                   898    1117.494    418.484     1535.978 
    g_output_lane[23].g_transform_position[3].g_custom_mac_lane.g_four_product_group[0].mac4 mult_add_fix8bx16bx4_564                                   898    1117.494    418.484     1535.978 
    g_output_lane[11].g_transform_position[3].g_custom_mac_lane.g_four_product_group[0].mac4 mult_add_fix8bx16bx4_276                                   898    1118.628    418.484     1537.112 
    g_output_lane[9].g_transform_position[3].g_custom_mac_lane.g_four_product_group[0].mac4  mult_add_fix8bx16bx4_228                                   898    1117.494    418.484     1535.978 
    g_output_lane[19].g_transform_position[3].g_custom_mac_lane.g_four_product_group[0].mac4 mult_add_fix8bx16bx4_468                                   897    1118.376    418.232     1536.608 
    g_output_lane[5].g_transform_position[3].g_custom_mac_lane.g_four_product_group[0].mac4  mult_add_fix8bx16bx4_132                                   897    1117.620    418.232     1535.852 
    g_output_lane[1].g_transform_position[3].g_custom_mac_lane.g_four_product_group[0].mac4  mult_add_fix8bx16bx4_36                                    897    1117.620    418.232     1535.852 
    g_output_lane[18].g_transform_position[4].g_custom_mac_lane.g_four_product_group[1].mac4 mult_add_fix8bx16bx4_449                                   898    1117.872    418.484     1536.356 
    g_output_lane[18].g_transform_position[4].g_custom_mac_lane.g_four_product_group[3].mac4 mult_add_fix8bx16bx4_451                                   890    1116.990    416.977     1533.967 
    g_output_lane[18].g_transform_position[4].g_custom_mac_lane.g_four_product_group[2].mac4 mult_add_fix8bx16bx4_450                                   897    1117.242    418.232     1535.474 
    g_output_lane[20].g_transform_position[4].g_custom_mac_lane.g_four_product_group[1].mac4 mult_add_fix8bx16bx4_497                                   898    1117.872    418.484     1536.356 
    g_output_lane[20].g_transform_position[4].g_custom_mac_lane.g_four_product_group[3].mac4 mult_add_fix8bx16bx4_499                                   890    1116.990    416.977     1533.967 
    g_output_lane[20].g_transform_position[4].g_custom_mac_lane.g_four_product_group[2].mac4 mult_add_fix8bx16bx4_498                                   897    1117.242    418.232     1535.474 
    g_output_lane[5].g_transform_position[0].g_custom_mac_lane.g_four_product_group[3].mac4  mult_add_fix8bx16bx4_123                                   916    1147.608    431.420     1579.028 
    g_output_lane[5].g_transform_position[0].g_custom_mac_lane.g_four_product_group[1].mac4  mult_add_fix8bx16bx4_121                                   916    1147.608    431.420     1579.028 
    g_output_lane[11].g_transform_position[4].g_custom_mac_lane.g_four_product_group[3].mac4 mult_add_fix8bx16bx4_283                                   897    1117.620    418.232     1535.852 
    g_output_lane[11].g_transform_position[4].g_custom_mac_lane.g_four_product_group[2].mac4 mult_add_fix8bx16bx4_282                                   897    1117.242    418.232     1535.474 
    g_output_lane[11].g_transform_position[4].g_custom_mac_lane.g_four_product_group[1].mac4 mult_add_fix8bx16bx4_281                                   890    1120.266    416.977     1537.243 
    g_output_lane[22].g_transform_position[3].g_custom_mac_lane.g_four_product_group[3].mac4 mult_add_fix8bx16bx4_543                                   890    1117.368    416.977     1534.345 
    g_output_lane[22].g_transform_position[3].g_custom_mac_lane.g_four_product_group[1].mac4 mult_add_fix8bx16bx4_541                                   898    1120.770    418.484     1539.254 
    g_output_lane[22].g_transform_position[3].g_custom_mac_lane.g_four_product_group[2].mac4 mult_add_fix8bx16bx4_542                                   897    1117.242    418.232     1535.474 
    g_output_lane[9].g_transform_position[3].g_custom_mac_lane.g_four_product_group[3].mac4  mult_add_fix8bx16bx4_231                                   897    1117.620    418.232     1535.852 
    g_output_lane[9].g_transform_position[3].g_custom_mac_lane.g_four_product_group[2].mac4  mult_add_fix8bx16bx4_230                                   898    1120.644    418.484     1539.128 
    g_output_lane[23].g_transform_position[3].g_custom_mac_lane.g_four_product_group[3].mac4 mult_add_fix8bx16bx4_567                                   897    1117.620    418.232     1535.852 
    g_output_lane[23].g_transform_position[3].g_custom_mac_lane.g_four_product_group[2].mac4 mult_add_fix8bx16bx4_566                                   898    1117.494    418.484     1535.978 
    g_output_lane[23].g_transform_position[3].g_custom_mac_lane.g_four_product_group[1].mac4 mult_add_fix8bx16bx4_565                                   890    1117.368    416.977     1534.345 
    g_output_lane[25].g_transform_position[3].g_custom_mac_lane.g_four_product_group[3].mac4 mult_add_fix8bx16bx4_615                                   897    1117.242    418.232     1535.474 
    g_output_lane[25].g_transform_position[3].g_custom_mac_lane.g_four_product_group[2].mac4 mult_add_fix8bx16bx4_614                                   898    1117.494    418.484     1535.978 
    g_output_lane[20].output_transform                                                       winograd_f43_output_transform_20                          1016    1285.200    331.031     1616.231 
    g_output_lane[20].g_transform_position[0].g_custom_mac_lane.g_four_product_group[0].mac4 mult_add_fix8bx16bx4_480                                   917    1147.986    431.672     1579.658 
    g_output_lane[20].g_transform_position[0].g_custom_mac_lane.g_four_product_group[3].mac4 mult_add_fix8bx16bx4_483                                   916    1147.608    431.420     1579.028 
    g_output_lane[20].g_transform_position[0].g_custom_mac_lane.g_four_product_group[1].mac4 mult_add_fix8bx16bx4_481                                   916    1147.608    431.420     1579.028 
    g_output_lane[20].g_transform_position[3].g_custom_mac_lane.g_four_product_group[3].mac4 mult_add_fix8bx16bx4_495                                   890    1117.368    416.977     1534.345 
    g_output_lane[20].g_transform_position[3].g_custom_mac_lane.g_four_product_group[1].mac4 mult_add_fix8bx16bx4_493                                   898    1117.872    418.484     1536.356 
    g_output_lane[20].g_transform_position[3].g_custom_mac_lane.g_four_product_group[2].mac4 mult_add_fix8bx16bx4_494                                   897    1117.242    418.232     1535.474 
    g_output_lane[20].g_transform_position[3].g_custom_mac_lane.g_four_product_group[0].mac4 mult_add_fix8bx16bx4_492                                   897    1117.242    418.232     1535.474 
    g_output_lane[13].output_transform                                                       winograd_f43_output_transform_13                          1044    1265.922    337.408     1603.330 
    g_output_lane[13].g_transform_position[0].g_custom_mac_lane.g_four_product_group[0].mac4 mult_add_fix8bx16bx4_312                                   917    1147.986    431.672     1579.658 
    g_output_lane[13].g_transform_position[0].g_custom_mac_lane.g_four_product_group[3].mac4 mult_add_fix8bx16bx4_315                                   917    1147.986    431.672     1579.658 
    g_output_lane[13].g_transform_position[0].g_custom_mac_lane.g_four_product_group[2].mac4 mult_add_fix8bx16bx4_314                                   917    1147.986    431.672     1579.658 
    g_output_lane[13].g_transform_position[0].g_custom_mac_lane.g_four_product_group[1].mac4 mult_add_fix8bx16bx4_313                                   916    1147.608    431.420     1579.028 
    g_output_lane[13].g_transform_position[3].g_custom_mac_lane.g_four_product_group[2].mac4 mult_add_fix8bx16bx4_326                                   897    1117.242    418.232     1535.474 
    g_output_lane[13].g_transform_position[3].g_custom_mac_lane.g_four_product_group[3].mac4 mult_add_fix8bx16bx4_327                                   890    1116.990    416.977     1533.967 
    g_output_lane[13].g_transform_position[3].g_custom_mac_lane.g_four_product_group[1].mac4 mult_add_fix8bx16bx4_325                                   898    1117.494    418.484     1535.978 
    g_output_lane[13].g_transform_position[3].g_custom_mac_lane.g_four_product_group[0].mac4 mult_add_fix8bx16bx4_324                                   898    1117.494    418.484     1535.978 
    g_output_lane[13].g_transform_position[4].g_custom_mac_lane.g_four_product_group[3].mac4 mult_add_fix8bx16bx4_331                                   897    1117.242    418.232     1535.474 
    g_output_lane[13].g_transform_position[4].g_custom_mac_lane.g_four_product_group[2].mac4 mult_add_fix8bx16bx4_330                                   897    1117.242    418.232     1535.474 
    g_output_lane[13].g_transform_position[4].g_custom_mac_lane.g_four_product_group[1].mac4 mult_add_fix8bx16bx4_329                                   890    1116.990    416.977     1533.967 
    g_output_lane[27].output_transform                                                       winograd_f43_output_transform_27                           935    1244.250    316.788     1561.038 
    g_output_lane[27].g_transform_position[0].g_custom_mac_lane.g_four_product_group[0].mac4 mult_add_fix8bx16bx4_648                                   917    1147.986    431.672     1579.658 
    g_output_lane[27].g_transform_position[0].g_custom_mac_lane.g_four_product_group[3].mac4 mult_add_fix8bx16bx4_651                                   916    1147.608    431.420     1579.028 
    g_output_lane[27].g_transform_position[0].g_custom_mac_lane.g_four_product_group[2].mac4 mult_add_fix8bx16bx4_650                                   917    1147.986    431.672     1579.658 
    g_output_lane[27].g_transform_position[0].g_custom_mac_lane.g_four_product_group[1].mac4 mult_add_fix8bx16bx4_649                                   916    1147.608    431.420     1579.028 
    g_output_lane[27].g_transform_position[3].g_custom_mac_lane.g_four_product_group[3].mac4 mult_add_fix8bx16bx4_663                                   890    1117.368    416.977     1534.345 
    g_output_lane[27].g_transform_position[3].g_custom_mac_lane.g_four_product_group[1].mac4 mult_add_fix8bx16bx4_661                                   898    1120.770    418.484     1539.254 
    g_output_lane[27].g_transform_position[3].g_custom_mac_lane.g_four_product_group[2].mac4 mult_add_fix8bx16bx4_662                                   890    1116.990    416.977     1533.967 
    g_output_lane[27].g_transform_position[3].g_custom_mac_lane.g_four_product_group[0].mac4 mult_add_fix8bx16bx4_660                                   897    1117.242    418.232     1535.474 
    g_output_lane[27].g_transform_position[4].g_custom_mac_lane.g_four_product_group[2].mac4 mult_add_fix8bx16bx4_666                                   890    1117.746    416.977     1534.723 
    g_output_lane[27].g_transform_position[4].g_custom_mac_lane.g_four_product_group[3].mac4 mult_add_fix8bx16bx4_667                                   890    1117.368    416.977     1534.345 
    g_output_lane[27].g_transform_position[4].g_custom_mac_lane.g_four_product_group[1].mac4 mult_add_fix8bx16bx4_665                                   898    1118.250    418.484     1536.734 
    g_output_lane[5].g_transform_position[0].g_custom_mac_lane.g_four_product_group[0].mac4  mult_add_fix8bx16bx4_120                                   917    1147.986    431.672     1579.658 
    g_output_lane[22].g_transform_position[3].g_custom_mac_lane.g_four_product_group[0].mac4 mult_add_fix8bx16bx4_540                                   897    1120.392    418.232     1538.624 
    g_output_lane[0].g_transform_position[0].g_custom_mac_lane.g_four_product_group[1].mac4  mult_add_fix8bx16bx4_1                                     916    1148.490    431.420     1579.910 
    g_output_lane[28].g_transform_position[0].g_custom_mac_lane.g_four_product_group[3].mac4 mult_add_fix8bx16bx4_675                                   917    1149.246    431.672     1580.918 
    g_output_lane[27].g_transform_position[4].g_custom_mac_lane.g_four_product_group[0].mac4 mult_add_fix8bx16bx4_664                                   897    1117.998    418.232     1536.230 
    g_output_lane[16].g_transform_position[3].g_custom_mac_lane.g_four_product_group[0].mac4 mult_add_fix8bx16bx4_396                                   897    1117.998    418.232     1536.230 
    g_output_lane[16].g_transform_position[3].g_custom_mac_lane.g_four_product_group[2].mac4 mult_add_fix8bx16bx4_398                                   897    1117.998    418.232     1536.230 
    g_output_lane[16].g_transform_position[3].g_custom_mac_lane.g_four_product_group[1].mac4 mult_add_fix8bx16bx4_397                                   898    1118.250    418.484     1536.734 
    g_output_lane[14].g_transform_position[3].g_custom_mac_lane.g_four_product_group[1].mac4 mult_add_fix8bx16bx4_349                                   898    1120.518    418.484     1539.002 
    g_output_lane[30].g_transform_position[4].g_custom_mac_lane.g_four_product_group[2].mac4 mult_add_fix8bx16bx4_738                                   897    1117.620    418.232     1535.852 
    g_output_lane[24].g_transform_position[3].g_custom_mac_lane.g_four_product_group[2].mac4 mult_add_fix8bx16bx4_590                                   898    1117.872    418.484     1536.356 
    g_output_lane[3].g_transform_position[3].g_custom_mac_lane.g_four_product_group[3].mac4  mult_add_fix8bx16bx4_87                                    890    1116.990    416.977     1533.967 
    g_output_lane[3].g_transform_position[3].g_custom_mac_lane.g_four_product_group[0].mac4  mult_add_fix8bx16bx4_84                                    897    1117.242    418.232     1535.474 
    g_output_lane[26].g_transform_position[3].g_custom_mac_lane.g_four_product_group[2].mac4 mult_add_fix8bx16bx4_638                                   897    1118.376    418.232     1536.608 
    g_output_lane[3].g_transform_position[3].g_custom_mac_lane.g_four_product_group[2].mac4  mult_add_fix8bx16bx4_86                                    897    1117.998    418.232     1536.230 
    g_output_lane[1].g_transform_position[1].g_custom_mac_lane.g_four_product_group[2].mac4  mult_add_fix8bx16bx4_30                                    916    1150.758    431.420     1582.178 
    g_output_lane[30].g_transform_position[1].g_custom_mac_lane.g_four_product_group[2].mac4 mult_add_fix8bx16bx4_726                                   916    1150.002    431.420     1581.422 
    g_output_lane[14].g_transform_position[3].g_custom_mac_lane.g_four_product_group[2].mac4 mult_add_fix8bx16bx4_350                                   897    1120.266    418.232     1538.498 
    g_output_lane[3].g_transform_position[3].g_custom_mac_lane.g_four_product_group[1].mac4  mult_add_fix8bx16bx4_85                                    898    1117.494    418.484     1535.978 
    g_output_lane[30].g_transform_position[4].g_custom_mac_lane.g_four_product_group[1].mac4 mult_add_fix8bx16bx4_737                                   898    1117.494    418.484     1535.978 
    g_output_lane[18].g_transform_position[3].g_custom_mac_lane.g_four_product_group[0].mac4 mult_add_fix8bx16bx4_444                                   897    1117.998    418.232     1536.230 
    g_output_lane[30].g_transform_position[4].g_custom_mac_lane.g_four_product_group[0].mac4 mult_add_fix8bx16bx4_736                                   897    1117.620    418.232     1535.852 
    g_output_lane[11].g_transform_position[4].g_custom_mac_lane.g_four_product_group[0].mac4 mult_add_fix8bx16bx4_280                                   897    1117.998    418.232     1536.230 
    g_output_lane[30].g_transform_position[1].g_custom_mac_lane.g_four_product_group[3].mac4 mult_add_fix8bx16bx4_727                                   921    1163.988    432.681     1596.669 
    g_output_lane[16].g_transform_position[3].g_custom_mac_lane.g_four_product_group[3].mac4 mult_add_fix8bx16bx4_399                                   890    1118.124    416.977     1535.101 
    g_output_lane[30].g_transform_position[4].g_custom_mac_lane.g_four_product_group[3].mac4 mult_add_fix8bx16bx4_739                                   890    1117.368    416.977     1534.345 
    g_output_lane[26].g_transform_position[3].g_custom_mac_lane.g_four_product_group[0].mac4 mult_add_fix8bx16bx4_636                                   898    1117.872    418.484     1536.356 
    g_output_lane[20].g_transform_position[4].g_custom_mac_lane.g_four_product_group[0].mac4 mult_add_fix8bx16bx4_496                                   897    1117.620    418.232     1535.852 
    g_output_lane[14].g_transform_position[3].g_custom_mac_lane.g_four_product_group[0].mac4 mult_add_fix8bx16bx4_348                                   897    1118.754    418.232     1536.986 
    g_output_lane[2].g_transform_position[3].g_custom_mac_lane.g_four_product_group[0].mac4  mult_add_fix8bx16bx4_60                                    897    1118.880    418.232     1537.112 
    g_output_lane[2].g_transform_position[3].g_custom_mac_lane.g_four_product_group[3].mac4  mult_add_fix8bx16bx4_63                                    890    1117.746    416.977     1534.723 
    g_output_lane[2].g_transform_position[3].g_custom_mac_lane.g_four_product_group[2].mac4  mult_add_fix8bx16bx4_62                                    897    1118.880    418.232     1537.112 
    g_output_lane[2].g_transform_position[3].g_custom_mac_lane.g_four_product_group[1].mac4  mult_add_fix8bx16bx4_61                                    898    1117.494    418.484     1535.978 
    g_output_lane[16].g_transform_position[4].g_custom_mac_lane.g_four_product_group[0].mac4 mult_add_fix8bx16bx4_400                                   897    1117.242    418.232     1535.474 
    g_output_lane[16].g_transform_position[4].g_custom_mac_lane.g_four_product_group[3].mac4 mult_add_fix8bx16bx4_403                                   890    1117.368    416.977     1534.345 
    g_output_lane[16].g_transform_position[4].g_custom_mac_lane.g_four_product_group[2].mac4 mult_add_fix8bx16bx4_402                                   897    1117.242    418.232     1535.474 
    g_output_lane[16].g_transform_position[4].g_custom_mac_lane.g_four_product_group[1].mac4 mult_add_fix8bx16bx4_401                                   898    1117.872    418.484     1536.356 
    g_output_lane[9].g_transform_position[4].g_custom_mac_lane.g_four_product_group[0].mac4  mult_add_fix8bx16bx4_232                                   897    1117.620    418.232     1535.852 
    g_output_lane[9].g_transform_position[4].g_custom_mac_lane.g_four_product_group[1].mac4  mult_add_fix8bx16bx4_233                                   890    1116.990    416.977     1533.967 
    g_output_lane[9].g_transform_position[4].g_custom_mac_lane.g_four_product_group[3].mac4  mult_add_fix8bx16bx4_235                                   897    1117.242    418.232     1535.474 
    g_output_lane[9].g_transform_position[4].g_custom_mac_lane.g_four_product_group[2].mac4  mult_add_fix8bx16bx4_234                                   897    1117.620    418.232     1535.852 
    g_output_lane[29].output_transform                                                       winograd_f43_output_transform_29                          1075    1313.550    367.879     1681.429 
    g_output_lane[29].g_transform_position[0].g_custom_mac_lane.g_four_product_group[0].mac4 mult_add_fix8bx16bx4_696                                   917    1148.112    431.672     1579.784 
    g_output_lane[29].g_transform_position[0].g_custom_mac_lane.g_four_product_group[3].mac4 mult_add_fix8bx16bx4_699                                   917    1148.112    431.672     1579.784 
    g_output_lane[29].g_transform_position[0].g_custom_mac_lane.g_four_product_group[1].mac4 mult_add_fix8bx16bx4_697                                   916    1147.734    431.420     1579.154 
    g_output_lane[29].g_transform_position[0].g_custom_mac_lane.g_four_product_group[2].mac4 mult_add_fix8bx16bx4_698                                   917    1148.112    431.672     1579.784 
    g_output_lane[29].g_transform_position[1].g_custom_mac_lane.g_four_product_group[3].mac4 mult_add_fix8bx16bx4_703                                   917    1149.246    431.672     1580.918 
    g_output_lane[29].g_transform_position[1].g_custom_mac_lane.g_four_product_group[2].mac4 mult_add_fix8bx16bx4_702                                   916    1147.608    431.420     1579.028 
    g_output_lane[29].g_transform_position[3].g_custom_mac_lane.g_four_product_group[2].mac4 mult_add_fix8bx16bx4_710                                   897    1117.242    418.232     1535.474 
    g_output_lane[29].g_transform_position[3].g_custom_mac_lane.g_four_product_group[3].mac4 mult_add_fix8bx16bx4_711                                   897    1117.242    418.232     1535.474 
    g_output_lane[29].g_transform_position[3].g_custom_mac_lane.g_four_product_group[0].mac4 mult_add_fix8bx16bx4_708                                   898    1117.494    418.484     1535.978 
    g_output_lane[29].g_transform_position[3].g_custom_mac_lane.g_four_product_group[1].mac4 mult_add_fix8bx16bx4_709                                   890    1116.990    416.977     1533.967 
    g_output_lane[29].g_transform_position[4].g_custom_mac_lane.g_four_product_group[2].mac4 mult_add_fix8bx16bx4_714                                   897    1117.242    418.232     1535.474 
    g_output_lane[29].g_transform_position[4].g_custom_mac_lane.g_four_product_group[3].mac4 mult_add_fix8bx16bx4_715                                   897    1117.620    418.232     1535.852 
    g_output_lane[29].g_transform_position[4].g_custom_mac_lane.g_four_product_group[0].mac4 mult_add_fix8bx16bx4_712                                   897    1117.242    418.232     1535.474 
    g_output_lane[29].g_transform_position[4].g_custom_mac_lane.g_four_product_group[1].mac4 mult_add_fix8bx16bx4_713                                   890    1116.990    416.977     1533.967 
    g_output_lane[8].g_transform_position[1].g_custom_mac_lane.g_four_product_group[2].mac4  mult_add_fix8bx16bx4_198                                   916    1149.498    431.420     1580.918 
    g_output_lane[8].g_transform_position[1].g_custom_mac_lane.g_four_product_group[3].mac4  mult_add_fix8bx16bx4_199                                   921    1163.862    432.681     1596.543 
    g_output_lane[8].output_transform                                                        winograd_f43_output_transform_8                            962    1244.124    324.925     1569.049 
    g_output_lane[8].g_transform_position[0].g_custom_mac_lane.g_four_product_group[3].mac4  mult_add_fix8bx16bx4_195                                   916    1147.608    431.420     1579.028 
    g_output_lane[8].g_transform_position[0].g_custom_mac_lane.g_four_product_group[1].mac4  mult_add_fix8bx16bx4_193                                   916    1147.608    431.420     1579.028 
    g_output_lane[8].g_transform_position[0].g_custom_mac_lane.g_four_product_group[2].mac4  mult_add_fix8bx16bx4_194                                   917    1147.986    431.672     1579.658 
    g_output_lane[8].g_transform_position[3].g_custom_mac_lane.g_four_product_group[2].mac4  mult_add_fix8bx16bx4_206                                   897    1117.242    418.232     1535.474 
    g_output_lane[8].g_transform_position[3].g_custom_mac_lane.g_four_product_group[3].mac4  mult_add_fix8bx16bx4_207                                   897    1117.242    418.232     1535.474 
    g_output_lane[8].g_transform_position[3].g_custom_mac_lane.g_four_product_group[0].mac4  mult_add_fix8bx16bx4_204                                   897    1117.242    418.232     1535.474 
    g_output_lane[8].g_transform_position[3].g_custom_mac_lane.g_four_product_group[1].mac4  mult_add_fix8bx16bx4_205                                   890    1116.990    416.977     1533.967 
    g_output_lane[22].output_transform                                                       winograd_f43_output_transform_22                           911    1217.034    294.610     1511.644 
    g_output_lane[22].g_transform_position[0].g_custom_mac_lane.g_four_product_group[0].mac4 mult_add_fix8bx16bx4_528                                   917    1147.986    431.672     1579.658 
    g_output_lane[22].g_transform_position[0].g_custom_mac_lane.g_four_product_group[3].mac4 mult_add_fix8bx16bx4_531                                   916    1147.608    431.420     1579.028 
    g_output_lane[22].g_transform_position[0].g_custom_mac_lane.g_four_product_group[1].mac4 mult_add_fix8bx16bx4_529                                   916    1147.608    431.420     1579.028 
    g_output_lane[22].g_transform_position[1].g_custom_mac_lane.g_four_product_group[3].mac4 mult_add_fix8bx16bx4_535                                   921    1163.862    432.681     1596.543 
    g_output_lane[22].g_transform_position[1].g_custom_mac_lane.g_four_product_group[2].mac4 mult_add_fix8bx16bx4_534                                   917    1150.254    431.672     1581.926 
    g_output_lane[22].g_transform_position[4].g_custom_mac_lane.g_four_product_group[2].mac4 mult_add_fix8bx16bx4_546                                   897    1117.620    418.232     1535.852 
    g_output_lane[22].g_transform_position[4].g_custom_mac_lane.g_four_product_group[3].mac4 mult_add_fix8bx16bx4_547                                   890    1117.368    416.977     1534.345 
    g_output_lane[22].g_transform_position[4].g_custom_mac_lane.g_four_product_group[0].mac4 mult_add_fix8bx16bx4_544                                   897    1117.242    418.232     1535.474 
    g_output_lane[22].g_transform_position[4].g_custom_mac_lane.g_four_product_group[1].mac4 mult_add_fix8bx16bx4_545                                   898    1118.250    418.484     1536.734 
    g_output_lane[24].g_transform_position[4].g_custom_mac_lane.g_four_product_group[0].mac4 mult_add_fix8bx16bx4_592                                   897    1117.242    418.232     1535.474 
    g_output_lane[24].g_transform_position[4].g_custom_mac_lane.g_four_product_group[3].mac4 mult_add_fix8bx16bx4_595                                   897    1117.242    418.232     1535.474 
    g_output_lane[24].g_transform_position[4].g_custom_mac_lane.g_four_product_group[2].mac4 mult_add_fix8bx16bx4_594                                   897    1117.242    418.232     1535.474 
    g_output_lane[24].g_transform_position[4].g_custom_mac_lane.g_four_product_group[1].mac4 mult_add_fix8bx16bx4_593                                   890    1116.990    416.977     1533.967 
    g_output_lane[25].g_transform_position[0].g_custom_mac_lane.g_four_product_group[1].mac4 mult_add_fix8bx16bx4_601                                   916    1147.608    431.420     1579.028 
    g_output_lane[16].g_transform_position[0].g_custom_mac_lane.g_four_product_group[1].mac4 mult_add_fix8bx16bx4_385                                   916    1147.608    431.420     1579.028 
    g_output_lane[25].g_transform_position[0].g_custom_mac_lane.g_four_product_group[3].mac4 mult_add_fix8bx16bx4_603                                   917    1147.986    431.672     1579.658 
    g_output_lane[11].g_transform_position[0].g_custom_mac_lane.g_four_product_group[3].mac4 mult_add_fix8bx16bx4_267                                   917    1148.742    431.672     1580.414 
    g_output_lane[7].g_transform_position[2].g_custom_mac_lane.g_four_product_group[1].mac4  mult_add_fix8bx16bx4_177                                   917    1151.010    431.672     1582.682 
    g_output_lane[25].g_transform_position[0].g_custom_mac_lane.g_four_product_group[0].mac4 mult_add_fix8bx16bx4_600                                   917    1147.986    431.672     1579.658 
    g_output_lane[20].g_transform_position[2].g_custom_mac_lane.g_four_product_group[0].mac4 mult_add_fix8bx16bx4_488                                   916    1149.876    431.420     1581.296 
    g_output_lane[18].g_transform_position[0].g_custom_mac_lane.g_four_product_group[0].mac4 mult_add_fix8bx16bx4_432                                   917    1148.364    431.672     1580.036 
    g_output_lane[16].g_transform_position[2].g_custom_mac_lane.g_four_product_group[0].mac4 mult_add_fix8bx16bx4_392                                   916    1148.742    431.420     1580.162 
    g_output_lane[16].g_transform_position[0].g_custom_mac_lane.g_four_product_group[0].mac4 mult_add_fix8bx16bx4_384                                   917    1147.986    431.672     1579.658 
    g_output_lane[7].g_transform_position[0].g_custom_mac_lane.g_four_product_group[0].mac4  mult_add_fix8bx16bx4_168                                   917    1147.986    431.672     1579.658 
    g_output_lane[4].g_transform_position[2].g_custom_mac_lane.g_four_product_group[0].mac4  mult_add_fix8bx16bx4_104                                   916    1148.742    431.420     1580.162 
    g_output_lane[29].g_transform_position[2].g_custom_mac_lane.g_four_product_group[2].mac4 mult_add_fix8bx16bx4_706                                   916    1149.498    431.420     1580.918 
    g_output_lane[16].g_transform_position[2].g_custom_mac_lane.g_four_product_group[2].mac4 mult_add_fix8bx16bx4_394                                   916    1151.010    431.420     1582.430 
    g_output_lane[4].g_transform_position[2].g_custom_mac_lane.g_four_product_group[2].mac4  mult_add_fix8bx16bx4_106                                   916    1149.498    431.420     1580.918 
    g_output_lane[29].g_transform_position[2].g_custom_mac_lane.g_four_product_group[1].mac4 mult_add_fix8bx16bx4_705                                   917    1150.254    431.672     1581.926 
    g_output_lane[17].g_transform_position[2].g_custom_mac_lane.g_four_product_group[1].mac4 mult_add_fix8bx16bx4_417                                   917    1150.254    431.672     1581.926 
    g_output_lane[16].g_transform_position[2].g_custom_mac_lane.g_four_product_group[1].mac4 mult_add_fix8bx16bx4_393                                   917    1151.262    431.672     1582.934 
    g_output_lane[25].g_transform_position[0].g_custom_mac_lane.g_four_product_group[2].mac4 mult_add_fix8bx16bx4_602                                   917    1147.986    431.672     1579.658 
    g_output_lane[11].g_transform_position[0].g_custom_mac_lane.g_four_product_group[2].mac4 mult_add_fix8bx16bx4_266                                   917    1149.120    431.672     1580.792 
    g_output_lane[20].g_transform_position[2].g_custom_mac_lane.g_four_product_group[3].mac4 mult_add_fix8bx16bx4_491                                   917    1151.388    431.672     1583.060 
    g_output_lane[29].g_transform_position[2].g_custom_mac_lane.g_four_product_group[0].mac4 mult_add_fix8bx16bx4_704                                   916    1148.742    431.420     1580.162 
    g_output_lane[20].g_transform_position[2].g_custom_mac_lane.g_four_product_group[2].mac4 mult_add_fix8bx16bx4_490                                   916    1149.876    431.420     1581.296 
    g_output_lane[17].g_transform_position[2].g_custom_mac_lane.g_four_product_group[2].mac4 mult_add_fix8bx16bx4_418                                   916    1149.498    431.420     1580.918 
    g_output_lane[20].g_transform_position[2].g_custom_mac_lane.g_four_product_group[1].mac4 mult_add_fix8bx16bx4_489                                   917    1150.632    431.672     1582.304 
    g_output_lane[7].g_transform_position[2].g_custom_mac_lane.g_four_product_group[3].mac4  mult_add_fix8bx16bx4_179                                   917    1151.388    431.672     1583.060 
    g_output_lane[17].g_transform_position[2].g_custom_mac_lane.g_four_product_group[0].mac4 mult_add_fix8bx16bx4_416                                   916    1148.742    431.420     1580.162 
    g_output_lane[12].g_transform_position[2].g_custom_mac_lane.g_four_product_group[0].mac4 mult_add_fix8bx16bx4_296                                   916    1149.120    431.420     1580.540 
    g_output_lane[7].g_transform_position[2].g_custom_mac_lane.g_four_product_group[0].mac4  mult_add_fix8bx16bx4_176                                   916    1149.876    431.420     1581.296 
    g_output_lane[29].g_transform_position[2].g_custom_mac_lane.g_four_product_group[3].mac4 mult_add_fix8bx16bx4_707                                   917    1150.254    431.672     1581.926 
    g_output_lane[17].g_transform_position[2].g_custom_mac_lane.g_four_product_group[3].mac4 mult_add_fix8bx16bx4_419                                   916    1149.876    431.420     1581.296 
    g_output_lane[16].g_transform_position[2].g_custom_mac_lane.g_four_product_group[3].mac4 mult_add_fix8bx16bx4_395                                   916    1150.884    431.420     1582.304 
    g_output_lane[12].g_transform_position[2].g_custom_mac_lane.g_four_product_group[3].mac4 mult_add_fix8bx16bx4_299                                   917    1149.876    431.672     1581.548 
    g_output_lane[4].g_transform_position[2].g_custom_mac_lane.g_four_product_group[3].mac4  mult_add_fix8bx16bx4_107                                   917    1149.876    431.672     1581.548 
    g_output_lane[4].g_transform_position[2].g_custom_mac_lane.g_four_product_group[1].mac4  mult_add_fix8bx16bx4_105                                   917    1150.254    431.672     1581.926 
    g_output_lane[2].output_transform                                                        winograd_f43_output_transform_2                            926    1262.142    315.643     1577.785 
    g_output_lane[2].g_transform_position[0].g_custom_mac_lane.g_four_product_group[0].mac4  mult_add_fix8bx16bx4_48                                    917    1147.986    431.672     1579.658 
    g_output_lane[2].g_transform_position[0].g_custom_mac_lane.g_four_product_group[3].mac4  mult_add_fix8bx16bx4_51                                    916    1147.608    431.420     1579.028 
    g_output_lane[2].g_transform_position[0].g_custom_mac_lane.g_four_product_group[1].mac4  mult_add_fix8bx16bx4_49                                    916    1147.608    431.420     1579.028 
    g_output_lane[2].g_transform_position[0].g_custom_mac_lane.g_four_product_group[2].mac4  mult_add_fix8bx16bx4_50                                    917    1147.986    431.672     1579.658 
    g_output_lane[2].g_transform_position[2].g_custom_mac_lane.g_four_product_group[3].mac4  mult_add_fix8bx16bx4_59                                    916    1149.120    431.420     1580.540 
    g_output_lane[2].g_transform_position[2].g_custom_mac_lane.g_four_product_group[1].mac4  mult_add_fix8bx16bx4_57                                    917    1150.254    431.672     1581.926 
    g_output_lane[2].g_transform_position[2].g_custom_mac_lane.g_four_product_group[2].mac4  mult_add_fix8bx16bx4_58                                    916    1148.742    431.420     1580.162 
    g_output_lane[2].g_transform_position[2].g_custom_mac_lane.g_four_product_group[0].mac4  mult_add_fix8bx16bx4_56                                    916    1148.742    431.420     1580.162 
    g_output_lane[3].output_transform                                                        winograd_f43_output_transform_3                            960    1266.930    326.264     1593.194 
    g_output_lane[3].g_transform_position[0].g_custom_mac_lane.g_four_product_group[3].mac4  mult_add_fix8bx16bx4_75                                    916    1147.608    431.420     1579.028 
    g_output_lane[3].g_transform_position[0].g_custom_mac_lane.g_four_product_group[1].mac4  mult_add_fix8bx16bx4_73                                    916    1147.608    431.420     1579.028 
    g_output_lane[3].g_transform_position[0].g_custom_mac_lane.g_four_product_group[0].mac4  mult_add_fix8bx16bx4_72                                    917    1147.986    431.672     1579.658 
    g_output_lane[3].g_transform_position[2].g_custom_mac_lane.g_four_product_group[0].mac4  mult_add_fix8bx16bx4_80                                    916    1148.364    431.420     1579.784 
    g_output_lane[3].g_transform_position[2].g_custom_mac_lane.g_four_product_group[3].mac4  mult_add_fix8bx16bx4_83                                    916    1149.498    431.420     1580.918 
    g_output_lane[3].g_transform_position[2].g_custom_mac_lane.g_four_product_group[2].mac4  mult_add_fix8bx16bx4_82                                    916    1149.498    431.420     1580.918 
    g_output_lane[3].g_transform_position[2].g_custom_mac_lane.g_four_product_group[1].mac4  mult_add_fix8bx16bx4_81                                    917    1149.876    431.672     1581.548 
    g_output_lane[9].output_transform                                                        winograd_f43_output_transform_9                           1008    1259.874    340.364     1600.238 
    g_output_lane[9].g_transform_position[0].g_custom_mac_lane.g_four_product_group[0].mac4  mult_add_fix8bx16bx4_216                                   917    1147.986    431.672     1579.658 
    g_output_lane[9].g_transform_position[0].g_custom_mac_lane.g_four_product_group[3].mac4  mult_add_fix8bx16bx4_219                                   917    1147.986    431.672     1579.658 
    g_output_lane[9].g_transform_position[0].g_custom_mac_lane.g_four_product_group[1].mac4  mult_add_fix8bx16bx4_217                                   916    1147.608    431.420     1579.028 
    g_output_lane[9].g_transform_position[0].g_custom_mac_lane.g_four_product_group[2].mac4  mult_add_fix8bx16bx4_218                                   917    1147.986    431.672     1579.658 
    g_output_lane[9].g_transform_position[2].g_custom_mac_lane.g_four_product_group[0].mac4  mult_add_fix8bx16bx4_224                                   916    1148.742    431.420     1580.162 
    g_output_lane[9].g_transform_position[2].g_custom_mac_lane.g_four_product_group[3].mac4  mult_add_fix8bx16bx4_227                                   917    1149.876    431.672     1581.548 
    g_output_lane[9].g_transform_position[2].g_custom_mac_lane.g_four_product_group[2].mac4  mult_add_fix8bx16bx4_226                                   916    1149.498    431.420     1580.918 
    g_output_lane[9].g_transform_position[2].g_custom_mac_lane.g_four_product_group[1].mac4  mult_add_fix8bx16bx4_225                                   917    1149.876    431.672     1581.548 
    g_output_lane[6].g_transform_position[0].g_custom_mac_lane.g_four_product_group[0].mac4  mult_add_fix8bx16bx4_144                                   917    1147.986    431.672     1579.658 
    g_output_lane[6].g_transform_position[0].g_custom_mac_lane.g_four_product_group[3].mac4  mult_add_fix8bx16bx4_147                                   917    1147.986    431.672     1579.658 
    g_output_lane[6].g_transform_position[0].g_custom_mac_lane.g_four_product_group[2].mac4  mult_add_fix8bx16bx4_146                                   917    1147.986    431.672     1579.658 
    g_output_lane[6].g_transform_position[0].g_custom_mac_lane.g_four_product_group[1].mac4  mult_add_fix8bx16bx4_145                                   916    1147.608    431.420     1579.028 
    g_output_lane[16].g_transform_position[0].g_custom_mac_lane.g_four_product_group[3].mac4 mult_add_fix8bx16bx4_387                                   916    1147.608    431.420     1579.028 
    g_output_lane[16].g_transform_position[0].g_custom_mac_lane.g_four_product_group[2].mac4 mult_add_fix8bx16bx4_386                                   917    1147.986    431.672     1579.658 
    g_output_lane[13].g_transform_position[1].g_custom_mac_lane.g_four_product_group[1].mac4 mult_add_fix8bx16bx4_317                                   917    1150.380    431.672     1582.052 
    g_output_lane[8].g_transform_position[1].g_custom_mac_lane.g_four_product_group[1].mac4  mult_add_fix8bx16bx4_197                                   917    1151.136    431.672     1582.808 
    g_output_lane[2].g_transform_position[1].g_custom_mac_lane.g_four_product_group[1].mac4  mult_add_fix8bx16bx4_53                                    917    1150.380    431.672     1582.052 
    g_output_lane[20].g_transform_position[1].g_custom_mac_lane.g_four_product_group[0].mac4 mult_add_fix8bx16bx4_484                                   916    1149.120    431.420     1580.540 
    g_output_lane[18].g_transform_position[1].g_custom_mac_lane.g_four_product_group[2].mac4 mult_add_fix8bx16bx4_438                                   916    1150.380    431.420     1581.800 
    g_output_lane[16].g_transform_position[1].g_custom_mac_lane.g_four_product_group[2].mac4 mult_add_fix8bx16bx4_390                                   916    1149.876    431.420     1581.296 
    g_output_lane[13].g_transform_position[1].g_custom_mac_lane.g_four_product_group[2].mac4 mult_add_fix8bx16bx4_318                                   916    1149.498    431.420     1580.918 
    g_output_lane[9].g_transform_position[1].g_custom_mac_lane.g_four_product_group[2].mac4  mult_add_fix8bx16bx4_222                                   916    1149.498    431.420     1580.918 
    g_output_lane[2].g_transform_position[1].g_custom_mac_lane.g_four_product_group[2].mac4  mult_add_fix8bx16bx4_54                                    916    1148.742    431.420     1580.162 
    g_output_lane[17].g_transform_position[1].g_custom_mac_lane.g_four_product_group[1].mac4 mult_add_fix8bx16bx4_413                                   917    1150.254    431.672     1581.926 
    g_output_lane[16].g_transform_position[1].g_custom_mac_lane.g_four_product_group[1].mac4 mult_add_fix8bx16bx4_389                                   917    1150.632    431.672     1582.304 
    g_output_lane[11].g_transform_position[1].g_custom_mac_lane.g_four_product_group[1].mac4 mult_add_fix8bx16bx4_269                                   917    1151.010    431.672     1582.682 
    g_output_lane[9].g_transform_position[1].g_custom_mac_lane.g_four_product_group[1].mac4  mult_add_fix8bx16bx4_221                                   917    1150.254    431.672     1581.926 
    g_output_lane[1].g_transform_position[1].g_custom_mac_lane.g_four_product_group[1].mac4  mult_add_fix8bx16bx4_29                                    917    1151.010    431.672     1582.682 
    g_output_lane[25].g_transform_position[1].g_custom_mac_lane.g_four_product_group[2].mac4 mult_add_fix8bx16bx4_606                                   916    1147.608    431.420     1579.028 
    g_output_lane[18].g_transform_position[1].g_custom_mac_lane.g_four_product_group[3].mac4 mult_add_fix8bx16bx4_439                                   917    1150.632    431.672     1582.304 
    g_output_lane[16].g_transform_position[1].g_custom_mac_lane.g_four_product_group[3].mac4 mult_add_fix8bx16bx4_391                                   916    1149.498    431.420     1580.918 
    g_output_lane[9].g_transform_position[1].g_custom_mac_lane.g_four_product_group[3].mac4  mult_add_fix8bx16bx4_223                                   917    1150.254    431.672     1581.926 
    g_output_lane[29].g_transform_position[1].g_custom_mac_lane.g_four_product_group[0].mac4 mult_add_fix8bx16bx4_700                                   916    1147.986    431.420     1579.406 
    g_output_lane[25].g_transform_position[1].g_custom_mac_lane.g_four_product_group[0].mac4 mult_add_fix8bx16bx4_604                                   916    1147.608    431.420     1579.028 
    g_output_lane[17].g_transform_position[1].g_custom_mac_lane.g_four_product_group[2].mac4 mult_add_fix8bx16bx4_414                                   916    1149.498    431.420     1580.918 
    g_output_lane[24].g_transform_position[1].g_custom_mac_lane.g_four_product_group[2].mac4 mult_add_fix8bx16bx4_582                                   916    1150.254    431.420     1581.674 
    g_output_lane[20].g_transform_position[1].g_custom_mac_lane.g_four_product_group[2].mac4 mult_add_fix8bx16bx4_486                                   916    1149.120    431.420     1580.540 
    g_output_lane[19].g_transform_position[1].g_custom_mac_lane.g_four_product_group[2].mac4 mult_add_fix8bx16bx4_462                                   916    1150.254    431.420     1581.674 
    g_output_lane[5].g_transform_position[1].g_custom_mac_lane.g_four_product_group[2].mac4  mult_add_fix8bx16bx4_126                                   916    1149.876    431.420     1581.296 
    g_output_lane[3].g_transform_position[1].g_custom_mac_lane.g_four_product_group[2].mac4  mult_add_fix8bx16bx4_78                                    916    1149.120    431.420     1580.540 
    g_output_lane[22].g_transform_position[1].g_custom_mac_lane.g_four_product_group[1].mac4 mult_add_fix8bx16bx4_533                                   917    1151.010    431.672     1582.682 
    g_output_lane[19].g_transform_position[1].g_custom_mac_lane.g_four_product_group[1].mac4 mult_add_fix8bx16bx4_461                                   917    1151.010    431.672     1582.682 
    g_output_lane[3].g_transform_position[1].g_custom_mac_lane.g_four_product_group[1].mac4  mult_add_fix8bx16bx4_77                                    917    1149.120    431.672     1580.792 
    g_output_lane[24].g_transform_position[1].g_custom_mac_lane.g_four_product_group[3].mac4 mult_add_fix8bx16bx4_583                                   917    1150.254    431.672     1581.926 
    g_output_lane[5].g_transform_position[1].g_custom_mac_lane.g_four_product_group[3].mac4  mult_add_fix8bx16bx4_127                                   917    1150.254    431.672     1581.926 
    g_output_lane[24].g_transform_position[1].g_custom_mac_lane.g_four_product_group[0].mac4 mult_add_fix8bx16bx4_580                                   916    1148.742    431.420     1580.162 
    g_output_lane[17].g_transform_position[1].g_custom_mac_lane.g_four_product_group[0].mac4 mult_add_fix8bx16bx4_412                                   916    1147.986    431.420     1579.406 
    g_output_lane[13].g_transform_position[1].g_custom_mac_lane.g_four_product_group[0].mac4 mult_add_fix8bx16bx4_316                                   916    1148.742    431.420     1580.162 
    g_output_lane[22].g_transform_position[1].g_custom_mac_lane.g_four_product_group[0].mac4 mult_add_fix8bx16bx4_532                                   917    1150.254    431.672     1581.926 
    g_output_lane[16].g_transform_position[1].g_custom_mac_lane.g_four_product_group[0].mac4 mult_add_fix8bx16bx4_388                                   916    1148.742    431.420     1580.162 
    g_output_lane[3].g_transform_position[1].g_custom_mac_lane.g_four_product_group[0].mac4  mult_add_fix8bx16bx4_76                                    916    1148.742    431.420     1580.162 
    g_output_lane[2].g_transform_position[1].g_custom_mac_lane.g_four_product_group[0].mac4  mult_add_fix8bx16bx4_52                                    916    1148.742    431.420     1580.162 
    g_output_lane[25].g_transform_position[1].g_custom_mac_lane.g_four_product_group[3].mac4 mult_add_fix8bx16bx4_607                                   921    1163.484    432.681     1596.165 
    g_output_lane[17].g_transform_position[1].g_custom_mac_lane.g_four_product_group[3].mac4 mult_add_fix8bx16bx4_415                                   920    1163.484    432.429     1595.913 
    g_output_lane[20].g_transform_position[1].g_custom_mac_lane.g_four_product_group[3].mac4 mult_add_fix8bx16bx4_487                                   917    1148.742    431.672     1580.414 
    g_output_lane[3].g_transform_position[1].g_custom_mac_lane.g_four_product_group[3].mac4  mult_add_fix8bx16bx4_79                                    916    1149.120    431.420     1580.540 
    g_output_lane[2].g_transform_position[1].g_custom_mac_lane.g_four_product_group[3].mac4  mult_add_fix8bx16bx4_55                                    916    1148.742    431.420     1580.162 
    g_output_lane[30].g_transform_position[1].g_custom_mac_lane.g_four_product_group[1].mac4 mult_add_fix8bx16bx4_725                                   917    1151.010    431.672     1582.682 
    g_output_lane[25].g_transform_position[1].g_custom_mac_lane.g_four_product_group[1].mac4 mult_add_fix8bx16bx4_605                                   917    1149.876    431.672     1581.548 
    g_output_lane[24].g_transform_position[1].g_custom_mac_lane.g_four_product_group[1].mac4 mult_add_fix8bx16bx4_581                                   917    1150.632    431.672     1582.304 
    g_output_lane[20].g_transform_position[1].g_custom_mac_lane.g_four_product_group[1].mac4 mult_add_fix8bx16bx4_485                                   917    1150.254    431.672     1581.926 
    g_output_lane[18].g_transform_position[1].g_custom_mac_lane.g_four_product_group[1].mac4 mult_add_fix8bx16bx4_437                                   917    1150.884    431.672     1582.556 
    g_output_lane[5].g_transform_position[1].g_custom_mac_lane.g_four_product_group[1].mac4  mult_add_fix8bx16bx4_125                                   917    1151.010    431.672     1582.682 
    g_output_lane[9].g_transform_position[1].g_custom_mac_lane.g_four_product_group[0].mac4  mult_add_fix8bx16bx4_220                                   916    1148.742    431.420     1580.162 
    g_output_lane[8].g_transform_position[1].g_custom_mac_lane.g_four_product_group[0].mac4  mult_add_fix8bx16bx4_196                                   916    1149.120    431.420     1580.540 
    g_output_lane[5].g_transform_position[1].g_custom_mac_lane.g_four_product_group[0].mac4  mult_add_fix8bx16bx4_124                                   916    1149.498    431.420     1580.918 
    g_output_lane[4].g_transform_position[1].g_custom_mac_lane.g_four_product_group[3].mac4  mult_add_fix8bx16bx4_103                                   917    1148.364    431.672     1580.036 
    g_output_lane[4].g_transform_position[1].g_custom_mac_lane.g_four_product_group[1].mac4  mult_add_fix8bx16bx4_101                                   917    1148.742    431.672     1580.414 
    g_output_lane[4].g_transform_position[1].g_custom_mac_lane.g_four_product_group[2].mac4  mult_add_fix8bx16bx4_102                                   916    1148.616    431.420     1580.036 
    g_output_lane[13].g_transform_position[1].g_custom_mac_lane.g_four_product_group[3].mac4 mult_add_fix8bx16bx4_319                                   921    1163.484    432.681     1596.165 
    g_output_lane[4].g_transform_position[1].g_custom_mac_lane.g_four_product_group[0].mac4  mult_add_fix8bx16bx4_100                                   916    1148.364    431.420     1579.784 
    g_output_lane[14].g_transform_position[1].g_custom_mac_lane.g_four_product_group[0].mac4 mult_add_fix8bx16bx4_340                                   916    1149.120    431.420     1580.540 
    g_output_lane[14].g_transform_position[1].g_custom_mac_lane.g_four_product_group[3].mac4 mult_add_fix8bx16bx4_343                                   921    1163.862    432.681     1596.543 
    g_output_lane[14].g_transform_position[1].g_custom_mac_lane.g_four_product_group[2].mac4 mult_add_fix8bx16bx4_342                                   916    1149.498    431.420     1580.918 
    g_output_lane[14].g_transform_position[1].g_custom_mac_lane.g_four_product_group[1].mac4 mult_add_fix8bx16bx4_341                                   917    1150.254    431.672     1581.926 
    g_output_lane[1].g_transform_position[4].g_custom_mac_lane.g_four_product_group[3].mac4  mult_add_fix8bx16bx4_43                                    897    1117.620    418.232     1535.852 
    g_output_lane[1].g_transform_position[4].g_custom_mac_lane.g_four_product_group[2].mac4  mult_add_fix8bx16bx4_42                                    897    1119.006    418.232     1537.238 
    g_output_lane[1].g_transform_position[4].g_custom_mac_lane.g_four_product_group[1].mac4  mult_add_fix8bx16bx4_41                                    890    1117.368    416.977     1534.345 
    g_output_lane[1].g_transform_position[4].g_custom_mac_lane.g_four_product_group[0].mac4  mult_add_fix8bx16bx4_40                                    897    1117.620    418.232     1535.852 
    g_output_lane[17].output_transform                                                       winograd_f43_output_transform_17                          1070    1250.928    359.257     1610.185 
    g_output_lane[17].g_transform_position[4].g_custom_mac_lane.g_four_product_group[0].mac4 mult_add_fix8bx16bx4_424                                   897    1117.242    418.232     1535.474 
    g_output_lane[17].g_transform_position[4].g_custom_mac_lane.g_four_product_group[3].mac4 mult_add_fix8bx16bx4_427                                   897    1117.242    418.232     1535.474 
    g_output_lane[17].g_transform_position[4].g_custom_mac_lane.g_four_product_group[2].mac4 mult_add_fix8bx16bx4_426                                   897    1117.242    418.232     1535.474 
    g_output_lane[17].g_transform_position[4].g_custom_mac_lane.g_four_product_group[1].mac4 mult_add_fix8bx16bx4_425                                   890    1116.990    416.977     1533.967 
    g_output_lane[4].g_transform_position[4].g_custom_mac_lane.g_four_product_group[0].mac4  mult_add_fix8bx16bx4_112                                   897    1117.242    418.232     1535.474 
    g_output_lane[4].g_transform_position[4].g_custom_mac_lane.g_four_product_group[3].mac4  mult_add_fix8bx16bx4_115                                   890    1117.368    416.977     1534.345 
    g_output_lane[4].g_transform_position[4].g_custom_mac_lane.g_four_product_group[2].mac4  mult_add_fix8bx16bx4_114                                   897    1117.242    418.232     1535.474 
    g_output_lane[4].g_transform_position[4].g_custom_mac_lane.g_four_product_group[1].mac4  mult_add_fix8bx16bx4_113                                   898    1117.872    418.484     1536.356 
    g_output_lane[5].g_transform_position[4].g_custom_mac_lane.g_four_product_group[0].mac4  mult_add_fix8bx16bx4_136                                   897    1117.242    418.232     1535.474 
    g_output_lane[5].g_transform_position[4].g_custom_mac_lane.g_four_product_group[3].mac4  mult_add_fix8bx16bx4_139                                   890    1117.368    416.977     1534.345 
    g_output_lane[5].g_transform_position[4].g_custom_mac_lane.g_four_product_group[2].mac4  mult_add_fix8bx16bx4_138                                   897    1117.242    418.232     1535.474 
    g_output_lane[5].g_transform_position[4].g_custom_mac_lane.g_four_product_group[1].mac4  mult_add_fix8bx16bx4_137                                   898    1117.872    418.484     1536.356 
    g_output_lane[7].g_transform_position[4].g_custom_mac_lane.g_four_product_group[0].mac4  mult_add_fix8bx16bx4_184                                   897    1117.242    418.232     1535.474 
    g_output_lane[7].g_transform_position[4].g_custom_mac_lane.g_four_product_group[3].mac4  mult_add_fix8bx16bx4_187                                   890    1116.990    416.977     1533.967 
    g_output_lane[7].g_transform_position[4].g_custom_mac_lane.g_four_product_group[2].mac4  mult_add_fix8bx16bx4_186                                   897    1117.242    418.232     1535.474 
    g_output_lane[7].g_transform_position[4].g_custom_mac_lane.g_four_product_group[1].mac4  mult_add_fix8bx16bx4_185                                   898    1117.494    418.484     1535.978 
    g_output_lane[21].g_transform_position[4].g_custom_mac_lane.g_four_product_group[0].mac4 mult_add_fix8bx16bx4_520                                   897    1117.242    418.232     1535.474 
    g_output_lane[21].g_transform_position[4].g_custom_mac_lane.g_four_product_group[1].mac4 mult_add_fix8bx16bx4_521                                   890    1116.990    416.977     1533.967 
    g_output_lane[21].g_transform_position[4].g_custom_mac_lane.g_four_product_group[3].mac4 mult_add_fix8bx16bx4_523                                   897    1117.242    418.232     1535.474 
    g_output_lane[21].g_transform_position[4].g_custom_mac_lane.g_four_product_group[2].mac4 mult_add_fix8bx16bx4_522                                   897    1117.242    418.232     1535.474 
    g_output_lane[12].g_transform_position[4].g_custom_mac_lane.g_four_product_group[2].mac4 mult_add_fix8bx16bx4_306                                   897    1117.620    418.232     1535.852 
    g_output_lane[12].g_transform_position[4].g_custom_mac_lane.g_four_product_group[3].mac4 mult_add_fix8bx16bx4_307                                   890    1118.628    416.977     1535.605 
    g_output_lane[12].g_transform_position[4].g_custom_mac_lane.g_four_product_group[0].mac4 mult_add_fix8bx16bx4_304                                   897    1117.242    418.232     1535.474 
    g_output_lane[12].g_transform_position[4].g_custom_mac_lane.g_four_product_group[1].mac4 mult_add_fix8bx16bx4_305                                   898    1118.250    418.484     1536.734 
    g_output_lane[28].g_transform_position[4].g_custom_mac_lane.g_four_product_group[0].mac4 mult_add_fix8bx16bx4_688                                   897    1117.242    418.232     1535.474 
    g_output_lane[28].g_transform_position[4].g_custom_mac_lane.g_four_product_group[3].mac4 mult_add_fix8bx16bx4_691                                   897    1117.242    418.232     1535.474 
    g_output_lane[28].g_transform_position[4].g_custom_mac_lane.g_four_product_group[2].mac4 mult_add_fix8bx16bx4_690                                   897    1117.620    418.232     1535.852 
    g_output_lane[28].g_transform_position[4].g_custom_mac_lane.g_four_product_group[1].mac4 mult_add_fix8bx16bx4_689                                   890    1116.990    416.977     1533.967 
    g_output_lane[25].g_transform_position[4].g_custom_mac_lane.g_four_product_group[0].mac4 mult_add_fix8bx16bx4_616                                   897    1117.242    418.232     1535.474 
    g_output_lane[25].g_transform_position[4].g_custom_mac_lane.g_four_product_group[3].mac4 mult_add_fix8bx16bx4_619                                   897    1117.242    418.232     1535.474 
    g_output_lane[25].g_transform_position[4].g_custom_mac_lane.g_four_product_group[2].mac4 mult_add_fix8bx16bx4_618                                   897    1117.242    418.232     1535.474 
    g_output_lane[25].g_transform_position[4].g_custom_mac_lane.g_four_product_group[1].mac4 mult_add_fix8bx16bx4_617                                   890    1116.990    416.977     1533.967 
    g_output_lane[19].g_transform_position[4].g_custom_mac_lane.g_four_product_group[3].mac4 mult_add_fix8bx16bx4_475                                   890    1116.990    416.977     1533.967 
    g_output_lane[19].g_transform_position[4].g_custom_mac_lane.g_four_product_group[1].mac4 mult_add_fix8bx16bx4_473                                   898    1119.258    418.484     1537.742 
    g_output_lane[19].g_transform_position[4].g_custom_mac_lane.g_four_product_group[2].mac4 mult_add_fix8bx16bx4_474                                   897    1117.242    418.232     1535.474 
    g_output_lane[19].g_transform_position[4].g_custom_mac_lane.g_four_product_group[0].mac4 mult_add_fix8bx16bx4_472                                   897    1117.242    418.232     1535.474 
    g_output_lane[0].g_transform_position[4].g_custom_mac_lane.g_four_product_group[3].mac4  mult_add_fix8bx16bx4_19                                    897    1117.242    418.232     1535.474 
    g_output_lane[0].g_transform_position[4].g_custom_mac_lane.g_four_product_group[1].mac4  mult_add_fix8bx16bx4_17                                    890    1116.990    416.977     1533.967 
    g_output_lane[0].g_transform_position[4].g_custom_mac_lane.g_four_product_group[2].mac4  mult_add_fix8bx16bx4_18                                    897    1117.620    418.232     1535.852 
    g_output_lane[0].g_transform_position[4].g_custom_mac_lane.g_four_product_group[0].mac4  mult_add_fix8bx16bx4_16                                    897    1117.242    418.232     1535.474 
