Warning (292006): Can't contact license server "27010@paxos.inf.pucrs.br" -- this server will be ignored.
Info: *******************************************************************
Info: Running Quartus Prime Shell
    Info: Version 18.1.0 Build 625 09/12/2018 SJ Standard Edition
    Info: Copyright (C) 2018  Intel Corporation. All rights reserved.
    Info: Your use of Intel Corporation's design tools, logic functions 
    Info: and other software and tools, and its AMPP partner logic 
    Info: functions, and any output files from any of the foregoing 
    Info: (including device programming or simulation files), and any 
    Info: associated documentation or information are expressly subject 
    Info: to the terms and conditions of the Intel Program License 
    Info: Subscription Agreement, the Intel Quartus Prime License Agreement,
    Info: the Intel FPGA IP License Agreement, or other applicable license
    Info: agreement, including, without limitation, that your use is for
    Info: the sole purpose of programming logic devices manufactured by
    Info: Intel and sold by Intel or its authorized distributors.  Please
    Info: refer to the applicable agreement for further details.
    Info: Processing started: Thu Oct  8 10:58:41 2026
Info: Command: quartus_sh --flow compile top -c top
Info: Quartus(args): compile top -c top
Info: Using INI file /sim/tarsio/aocl-channel-smoke-20261008-HSiyqm/aocl_channel_smoke/quartus.ini
Info: Project Name = /sim/tarsio/aocl-channel-smoke-20261008-HSiyqm/aocl_channel_smoke/top
Info: Revision Name = top
Info (125068): Revision "top" was previously opened in Quartus II software version 14.0. Created Quartus Prime Default Settings File /sim/tarsio/aocl-channel-smoke-20261008-HSiyqm/aocl_channel_smoke/top_assignment_defaults.qdf, which contains the default assignment setting information from Quartus II software version 14.0.
Info (125069): Default assignment values were changed in the current version of the Quartus Prime software -- changes to default assignments values are contained in file /soft64/altera/ferramentas/quartus/18.1/quartus/linux64/assignment_defaults.qdf
Warning (292006): Can't contact license server "27010@paxos.inf.pucrs.br" -- this server will be ignored.
Info: *******************************************************************
Info: Running Quartus Prime Shell
    Info: Version 18.1.0 Build 625 09/12/2018 SJ Standard Edition
    Info: Processing started: Thu Oct  8 10:58:56 2026
Info: Command: quartus_sh -t scripts/pre_flow.tcl compile top top
Info: Quartus(args): compile top top
Info: Using INI file /sim/tarsio/aocl-channel-smoke-20261008-HSiyqm/aocl_channel_smoke/quartus.ini
Info: Deleting incremental_db to ensure imported partition is only used
Info: Checking for OpenCL SDK installation, environment should have INTELFPGAOCLSDKROOT defined
Info: INTELFPGAOCLSDKROOT=/soft64/altera/ferramentas/quartus/18.1/hld
Info: Compiling CvP!
Info (23030): Evaluation of Tcl script scripts/pre_flow.tcl was successful
Info: Quartus Prime Shell was successful. 0 errors, 0 warnings
    Info: Peak virtual memory: 797 megabytes
    Info: Processing ended: Thu Oct  8 10:58:56 2026
    Info: Elapsed time: 00:00:00
    Info: Total CPU time (on all processors): 00:00:00
Warning (292006): Can't contact license server "27010@paxos.inf.pucrs.br" -- this server will be ignored.
Info: *******************************************************************
Info: Running Quartus Prime Analysis & Synthesis
    Info: Version 18.1.0 Build 625 09/12/2018 SJ Standard Edition
    Info: Processing started: Thu Oct  8 10:58:57 2026
Info: Command: quartus_map --read_settings_files=on --write_settings_files=off top -c top
Info: Using INI file /sim/tarsio/aocl-channel-smoke-20261008-HSiyqm/aocl_channel_smoke/quartus.ini
Warning (18236): Number of processors has not been specified which may cause overloading on shared machines.  Set the global assignment NUM_PARALLEL_PROCESSORS in your QSF to an appropriate value for best performance.
Info (20030): Parallel compilation is enabled and will use 14 of the 14 processors detected
Info (12021): Found 1 design units, including 1 entities, in source file top.v
    Info (12023): Found entity 1: top File: /sim/tarsio/aocl-channel-smoke-20261008-HSiyqm/aocl_channel_smoke/top.v Line: 19
Info (12021): Found 1 design units, including 1 entities, in source file system/synthesis/system.v
    Info (12023): Found entity 1: system File: /sim/tarsio/aocl-channel-smoke-20261008-HSiyqm/aocl_channel_smoke/system/synthesis/system.v Line: 6
Info (12021): Found 1 design units, including 1 entities, in source file system/synthesis/submodules/altera_reset_controller.v
    Info (12023): Found entity 1: altera_reset_controller File: /sim/tarsio/aocl-channel-smoke-20261008-HSiyqm/aocl_channel_smoke/system/synthesis/submodules/altera_reset_controller.v Line: 42
Info (12021): Found 1 design units, including 1 entities, in source file system/synthesis/submodules/altera_reset_synchronizer.v
    Info (12023): Found entity 1: altera_reset_synchronizer File: /sim/tarsio/aocl-channel-smoke-20261008-HSiyqm/aocl_channel_smoke/system/synthesis/submodules/altera_reset_synchronizer.v Line: 24
Info (12021): Found 1 design units, including 1 entities, in source file system/synthesis/submodules/system_irq_mapper.sv
    Info (12023): Found entity 1: system_irq_mapper File: /sim/tarsio/aocl-channel-smoke-20261008-HSiyqm/aocl_channel_smoke/system/synthesis/submodules/system_irq_mapper.sv Line: 31
Info (12021): Found 1 design units, including 1 entities, in source file system/synthesis/submodules/system_mm_interconnect_2.v
    Info (12023): Found entity 1: system_mm_interconnect_2 File: /sim/tarsio/aocl-channel-smoke-20261008-HSiyqm/aocl_channel_smoke/system/synthesis/submodules/system_mm_interconnect_2.v Line: 9
Info (12021): Found 1 design units, including 1 entities, in source file system/synthesis/submodules/altera_merlin_slave_translator.sv
    Info (12023): Found entity 1: altera_merlin_slave_translator File: /sim/tarsio/aocl-channel-smoke-20261008-HSiyqm/aocl_channel_smoke/system/synthesis/submodules/altera_merlin_slave_translator.sv Line: 35
Info (12021): Found 1 design units, including 1 entities, in source file system/synthesis/submodules/altera_merlin_master_translator.sv
    Info (12023): Found entity 1: altera_merlin_master_translator File: /sim/tarsio/aocl-channel-smoke-20261008-HSiyqm/aocl_channel_smoke/system/synthesis/submodules/altera_merlin_master_translator.sv Line: 32
Info (12021): Found 1 design units, including 1 entities, in source file system/synthesis/submodules/system_mm_interconnect_1.v
    Info (12023): Found entity 1: system_mm_interconnect_1 File: /sim/tarsio/aocl-channel-smoke-20261008-HSiyqm/aocl_channel_smoke/system/synthesis/submodules/system_mm_interconnect_1.v Line: 9
Info (12021): Found 1 design units, including 1 entities, in source file system/synthesis/submodules/system_kernel_system.v
    Info (12023): Found entity 1: system_kernel_system File: /sim/tarsio/aocl-channel-smoke-20261008-HSiyqm/aocl_channel_smoke/system/synthesis/submodules/system_kernel_system.v Line: 6
Info (12021): Found 1 design units, including 1 entities, in source file system/synthesis/submodules/system_kernel_system_mm_interconnect_2.v
    Info (12023): Found entity 1: system_kernel_system_mm_interconnect_2 File: /sim/tarsio/aocl-channel-smoke-20261008-HSiyqm/aocl_channel_smoke/system/synthesis/submodules/system_kernel_system_mm_interconnect_2.v Line: 9
Info (12021): Found 1 design units, including 1 entities, in source file system/synthesis/submodules/altera_irq_bridge.v
    Info (12023): Found entity 1: altera_irq_bridge File: /sim/tarsio/aocl-channel-smoke-20261008-HSiyqm/aocl_channel_smoke/system/synthesis/submodules/altera_irq_bridge.v Line: 35
Info (12021): Found 1 design units, including 1 entities, in source file system/synthesis/submodules/altera_avalon_mm_bridge.v
    Info (12023): Found entity 1: altera_avalon_mm_bridge File: /sim/tarsio/aocl-channel-smoke-20261008-HSiyqm/aocl_channel_smoke/system/synthesis/submodules/altera_avalon_mm_bridge.v Line: 25
Info (12021): Found 1 design units, including 1 entities, in source file system/synthesis/submodules/cra_ring_root.sv
    Info (12023): Found entity 1: cra_ring_root File: /sim/tarsio/aocl-channel-smoke-20261008-HSiyqm/aocl_channel_smoke/system/synthesis/submodules/cra_ring_root.sv Line: 21
Info (12021): Found 1 design units, including 1 entities, in source file system/synthesis/submodules/cra_ring_node.sv
    Info (12023): Found entity 1: cra_ring_node File: /sim/tarsio/aocl-channel-smoke-20261008-HSiyqm/aocl_channel_smoke/system/synthesis/submodules/cra_ring_node.sv Line: 21
Info (12021): Found 1 design units, including 1 entities, in source file system/synthesis/submodules/acl_shift_register.v
    Info (12023): Found entity 1: acl_shift_register File: /sim/tarsio/aocl-channel-smoke-20261008-HSiyqm/aocl_channel_smoke/system/synthesis/submodules/acl_shift_register.v Line: 19
Info (12021): Found 1 design units, including 1 entities, in source file system/synthesis/submodules/acl_work_group_dispatcher.v
    Info (12023): Found entity 1: acl_work_group_dispatcher File: /sim/tarsio/aocl-channel-smoke-20261008-HSiyqm/aocl_channel_smoke/system/synthesis/submodules/acl_work_group_dispatcher.v Line: 25
Info (12021): Found 1 design units, including 1 entities, in source file system/synthesis/submodules/acl_kernel_finish_detector.v
    Info (12023): Found entity 1: acl_kernel_finish_detector File: /sim/tarsio/aocl-channel-smoke-20261008-HSiyqm/aocl_channel_smoke/system/synthesis/submodules/acl_kernel_finish_detector.v Line: 42
Info (12021): Found 1 design units, including 1 entities, in source file system/synthesis/submodules/acl_multistage_accumulator.v
    Info (12023): Found entity 1: acl_multistage_accumulator File: /sim/tarsio/aocl-channel-smoke-20261008-HSiyqm/aocl_channel_smoke/system/synthesis/submodules/acl_multistage_accumulator.v Line: 21
Info (12021): Found 3 design units, including 3 entities, in source file system/synthesis/submodules/acl_reset_handler.sv
    Info (12023): Found entity 1: acl_reset_handler File: /sim/tarsio/aocl-channel-smoke-20261008-HSiyqm/aocl_channel_smoke/system/synthesis/submodules/acl_reset_handler.sv Line: 48
    Info (12023): Found entity 2: acl_reset_fanout_pipeline_with_synchronizer_and_pulse_extender File: /sim/tarsio/aocl-channel-smoke-20261008-HSiyqm/aocl_channel_smoke/system/synthesis/submodules/acl_reset_handler.sv Line: 124
    Info (12023): Found entity 3: acl_reset_pulse_extender File: /sim/tarsio/aocl-channel-smoke-20261008-HSiyqm/aocl_channel_smoke/system/synthesis/submodules/acl_reset_handler.sv Line: 200
Info (12021): Found 1 design units, including 1 entities, in source file system/synthesis/submodules/acl_std_synchronizer_nocut.v
    Info (12023): Found entity 1: acl_std_synchronizer_nocut File: /sim/tarsio/aocl-channel-smoke-20261008-HSiyqm/aocl_channel_smoke/system/synthesis/submodules/acl_std_synchronizer_nocut.v Line: 52
Info (12021): Found 1 design units, including 1 entities, in source file system/synthesis/submodules/acl_fanout_pipeline.sv
    Info (12023): Found entity 1: acl_fanout_pipeline File: /sim/tarsio/aocl-channel-smoke-20261008-HSiyqm/aocl_channel_smoke/system/synthesis/submodules/acl_fanout_pipeline.sv Line: 25
Info (12021): Found 1 design units, including 1 entities, in source file system/synthesis/submodules/acl_id_iterator.v
    Info (12023): Found entity 1: acl_id_iterator File: /sim/tarsio/aocl-channel-smoke-20261008-HSiyqm/aocl_channel_smoke/system/synthesis/submodules/acl_id_iterator.v Line: 39
Info (12021): Found 1 design units, including 1 entities, in source file system/synthesis/submodules/acl_work_item_iterator.v
    Info (12023): Found entity 1: acl_work_item_iterator File: /sim/tarsio/aocl-channel-smoke-20261008-HSiyqm/aocl_channel_smoke/system/synthesis/submodules/acl_work_item_iterator.v Line: 40
Info (12021): Found 1 design units, including 1 entities, in source file system/synthesis/submodules/acl_multistage_adder.v
    Info (12023): Found entity 1: acl_multistage_adder File: /sim/tarsio/aocl-channel-smoke-20261008-HSiyqm/aocl_channel_smoke/system/synthesis/submodules/acl_multistage_adder.v Line: 19
Info (12021): Found 1 design units, including 1 entities, in source file system/synthesis/submodules/acl_fifo.v
    Info (12023): Found entity 1: acl_fifo File: /sim/tarsio/aocl-channel-smoke-20261008-HSiyqm/aocl_channel_smoke/system/synthesis/submodules/acl_fifo.v Line: 25
Info (12021): Found 1 design units, including 1 entities, in source file system/synthesis/submodules/acl_fifo_stall_valid_lookahead.sv
    Info (12023): Found entity 1: acl_fifo_stall_valid_lookahead File: /sim/tarsio/aocl-channel-smoke-20261008-HSiyqm/aocl_channel_smoke/system/synthesis/submodules/acl_fifo_stall_valid_lookahead.sv Line: 25
Info (12021): Found 9 design units, including 9 entities, in source file system/synthesis/submodules/aocl_channel_smoke_system.v
    Info (12023): Found entity 1: aocl_channel_smoke_system File: /sim/tarsio/aocl-channel-smoke-20261008-HSiyqm/aocl_channel_smoke/system/synthesis/submodules/aocl_channel_smoke_system.v Line: 23
    Info (12023): Found entity 2: smoke_consumer_std_ic_partition_wrapper File: /sim/tarsio/aocl-channel-smoke-20261008-HSiyqm/aocl_channel_smoke/system/synthesis/submodules/aocl_channel_smoke_system.v Line: 217
    Info (12023): Found entity 3: smoke_producer_std_ic_partition_wrapper File: /sim/tarsio/aocl-channel-smoke-20261008-HSiyqm/aocl_channel_smoke/system/synthesis/submodules/aocl_channel_smoke_system.v Line: 505
    Info (12023): Found entity 4: smoke_consumer_top_wrapper_0 File: /sim/tarsio/aocl-channel-smoke-20261008-HSiyqm/aocl_channel_smoke/system/synthesis/submodules/aocl_channel_smoke_system.v Line: 760
    Info (12023): Found entity 5: smoke_producer_top_wrapper_0 File: /sim/tarsio/aocl-channel-smoke-20261008-HSiyqm/aocl_channel_smoke/system/synthesis/submodules/aocl_channel_smoke_system.v Line: 861
    Info (12023): Found entity 6: global_memory_tree0_mod File: /sim/tarsio/aocl-channel-smoke-20261008-HSiyqm/aocl_channel_smoke/system/synthesis/submodules/aocl_channel_smoke_system.v Line: 964
    Info (12023): Found entity 7: aocl_channel_smoke_system_interconnect_0 File: /sim/tarsio/aocl-channel-smoke-20261008-HSiyqm/aocl_channel_smoke/system/synthesis/submodules/aocl_channel_smoke_system.v Line: 1490
    Info (12023): Found entity 8: aocl_channel_smoke_system_interconnect_1 File: /sim/tarsio/aocl-channel-smoke-20261008-HSiyqm/aocl_channel_smoke/system/synthesis/submodules/aocl_channel_smoke_system.v Line: 1684
    Info (12023): Found entity 9: aocl_channel_smoke_system_interconnect_2 File: /sim/tarsio/aocl-channel-smoke-20261008-HSiyqm/aocl_channel_smoke/system/synthesis/submodules/aocl_channel_smoke_system.v Line: 1877
Info (12021): Found 1 design units, including 0 entities, in source file system/synthesis/submodules/dspba_library_package.vhd
    Info (12022): Found design unit 1: dspba_library_package (system) File: /sim/tarsio/aocl-channel-smoke-20261008-HSiyqm/aocl_channel_smoke/system/synthesis/submodules/dspba_library_package.vhd Line: 17
Info (12021): Found 6 design units, including 3 entities, in source file system/synthesis/submodules/dspba_library.vhd
    Info (12022): Found design unit 1: dspba_delay-delay File: /sim/tarsio/aocl-channel-smoke-20261008-HSiyqm/aocl_channel_smoke/system/synthesis/submodules/dspba_library.vhd Line: 34
    Info (12022): Found design unit 2: dspba_sync_reg-sync_reg File: /sim/tarsio/aocl-channel-smoke-20261008-HSiyqm/aocl_channel_smoke/system/synthesis/submodules/dspba_library.vhd Line: 117
    Info (12022): Found design unit 3: dspba_pipe-rtl File: /sim/tarsio/aocl-channel-smoke-20261008-HSiyqm/aocl_channel_smoke/system/synthesis/submodules/dspba_library.vhd Line: 356
    Info (12023): Found entity 1: dspba_delay File: /sim/tarsio/aocl-channel-smoke-20261008-HSiyqm/aocl_channel_smoke/system/synthesis/submodules/dspba_library.vhd Line: 18
    Info (12023): Found entity 2: dspba_sync_reg File: /sim/tarsio/aocl-channel-smoke-20261008-HSiyqm/aocl_channel_smoke/system/synthesis/submodules/dspba_library.vhd Line: 93
    Info (12023): Found entity 3: dspba_pipe File: /sim/tarsio/aocl-channel-smoke-20261008-HSiyqm/aocl_channel_smoke/system/synthesis/submodules/dspba_library.vhd Line: 343
Info (12021): Found 1 design units, including 1 entities, in source file system/synthesis/submodules/acl_data_fifo.v
    Info (12023): Found entity 1: acl_data_fifo File: /sim/tarsio/aocl-channel-smoke-20261008-HSiyqm/aocl_channel_smoke/system/synthesis/submodules/acl_data_fifo.v Line: 49
Info (12021): Found 1 design units, including 1 entities, in source file system/synthesis/submodules/acl_ll_fifo.v
    Info (12023): Found entity 1: acl_ll_fifo File: /sim/tarsio/aocl-channel-smoke-20261008-HSiyqm/aocl_channel_smoke/system/synthesis/submodules/acl_ll_fifo.v Line: 25
Info (12021): Found 1 design units, including 1 entities, in source file system/synthesis/submodules/acl_ll_ram_fifo.v
    Info (12023): Found entity 1: acl_ll_ram_fifo File: /sim/tarsio/aocl-channel-smoke-20261008-HSiyqm/aocl_channel_smoke/system/synthesis/submodules/acl_ll_ram_fifo.v Line: 28
Info (12021): Found 1 design units, including 1 entities, in source file system/synthesis/submodules/acl_valid_fifo_counter.v
    Info (12023): Found entity 1: acl_valid_fifo_counter File: /sim/tarsio/aocl-channel-smoke-20261008-HSiyqm/aocl_channel_smoke/system/synthesis/submodules/acl_valid_fifo_counter.v Line: 21
Info (12021): Found 1 design units, including 1 entities, in source file system/synthesis/submodules/acl_dspba_valid_fifo_counter.v
    Info (12023): Found entity 1: acl_dspba_valid_fifo_counter File: /sim/tarsio/aocl-channel-smoke-20261008-HSiyqm/aocl_channel_smoke/system/synthesis/submodules/acl_dspba_valid_fifo_counter.v Line: 22
Info (12021): Found 1 design units, including 1 entities, in source file system/synthesis/submodules/acl_staging_reg.v
    Info (12023): Found entity 1: acl_staging_reg File: /sim/tarsio/aocl-channel-smoke-20261008-HSiyqm/aocl_channel_smoke/system/synthesis/submodules/acl_staging_reg.v Line: 24
Info (12021): Found 2 design units, including 2 entities, in source file system/synthesis/submodules/hld_fifo.sv
    Info (12023): Found entity 1: hld_fifo File: /sim/tarsio/aocl-channel-smoke-20261008-HSiyqm/aocl_channel_smoke/system/synthesis/submodules/hld_fifo.sv Line: 132
    Info (12023): Found entity 2: earliness_delay File: /sim/tarsio/aocl-channel-smoke-20261008-HSiyqm/aocl_channel_smoke/system/synthesis/submodules/hld_fifo.sv Line: 389
Info (12021): Found 1 design units, including 1 entities, in source file system/synthesis/submodules/hld_fifo_zero_width.sv
    Info (12023): Found entity 1: hld_fifo_zero_width File: /sim/tarsio/aocl-channel-smoke-20261008-HSiyqm/aocl_channel_smoke/system/synthesis/submodules/hld_fifo_zero_width.sv Line: 26
Info (12021): Found 2 design units, including 2 entities, in source file system/synthesis/submodules/acl_high_speed_fifo.sv
    Info (12023): Found entity 1: acl_high_speed_fifo File: /sim/tarsio/aocl-channel-smoke-20261008-HSiyqm/aocl_channel_smoke/system/synthesis/submodules/acl_high_speed_fifo.sv Line: 133
    Info (12023): Found entity 2: scfifo_to_acl_high_speed_fifo File: /sim/tarsio/aocl-channel-smoke-20261008-HSiyqm/aocl_channel_smoke/system/synthesis/submodules/acl_high_speed_fifo.sv Line: 1084
Info (12021): Found 1 design units, including 1 entities, in source file system/synthesis/submodules/acl_low_latency_fifo.sv
    Info (12023): Found entity 1: acl_low_latency_fifo File: /sim/tarsio/aocl-channel-smoke-20261008-HSiyqm/aocl_channel_smoke/system/synthesis/submodules/acl_low_latency_fifo.sv Line: 80
Info (12021): Found 1 design units, including 1 entities, in source file system/synthesis/submodules/acl_zero_latency_fifo.sv
    Info (12023): Found entity 1: acl_zero_latency_fifo File: /sim/tarsio/aocl-channel-smoke-20261008-HSiyqm/aocl_channel_smoke/system/synthesis/submodules/acl_zero_latency_fifo.sv Line: 97
Info (12021): Found 2 design units, including 2 entities, in source file system/synthesis/submodules/acl_tessellated_incr_decr_threshold.sv
    Info (12023): Found entity 1: acl_tessellated_incr_decr_threshold File: /sim/tarsio/aocl-channel-smoke-20261008-HSiyqm/aocl_channel_smoke/system/synthesis/submodules/acl_tessellated_incr_decr_threshold.sv Line: 42
    Info (12023): Found entity 2: acl_tessellated_incr_decr File: /sim/tarsio/aocl-channel-smoke-20261008-HSiyqm/aocl_channel_smoke/system/synthesis/submodules/acl_tessellated_incr_decr_threshold.sv Line: 374
Info (12021): Found 1 design units, including 1 entities, in source file system/synthesis/submodules/acl_tessellated_incr_lookahead.sv
    Info (12023): Found entity 1: acl_tessellated_incr_lookahead File: /sim/tarsio/aocl-channel-smoke-20261008-HSiyqm/aocl_channel_smoke/system/synthesis/submodules/acl_tessellated_incr_lookahead.sv Line: 40
Info (12021): Found 3 design units, including 3 entities, in source file system/synthesis/submodules/acl_lfsr.sv
    Info (12023): Found entity 1: acl_lfsr File: /sim/tarsio/aocl-channel-smoke-20261008-HSiyqm/aocl_channel_smoke/system/synthesis/submodules/acl_lfsr.sv Line: 42
    Info (12023): Found entity 2: galois_lfsr File: /sim/tarsio/aocl-channel-smoke-20261008-HSiyqm/aocl_channel_smoke/system/synthesis/submodules/acl_lfsr.sv Line: 1622
    Info (12023): Found entity 3: fibonacci_lfsr File: /sim/tarsio/aocl-channel-smoke-20261008-HSiyqm/aocl_channel_smoke/system/synthesis/submodules/acl_lfsr.sv Line: 1670
Info (12021): Found 3 design units, including 3 entities, in source file system/synthesis/submodules/st_top.v
    Info (12023): Found entity 1: init_reg File: /sim/tarsio/aocl-channel-smoke-20261008-HSiyqm/aocl_channel_smoke/system/synthesis/submodules/st_top.v Line: 23
    Info (12023): Found entity 2: st_read File: /sim/tarsio/aocl-channel-smoke-20261008-HSiyqm/aocl_channel_smoke/system/synthesis/submodules/st_top.v Line: 93
    Info (12023): Found entity 3: st_write File: /sim/tarsio/aocl-channel-smoke-20261008-HSiyqm/aocl_channel_smoke/system/synthesis/submodules/st_top.v Line: 263
Info (12021): Found 1 design units, including 1 entities, in source file system/synthesis/submodules/acl_dspba_buffer.v
    Info (12023): Found entity 1: acl_dspba_buffer File: /sim/tarsio/aocl-channel-smoke-20261008-HSiyqm/aocl_channel_smoke/system/synthesis/submodules/acl_dspba_buffer.v Line: 22
Info (12021): Found 1 design units, including 1 entities, in source file system/synthesis/submodules/lsu_top.v
    Info (12023): Found entity 1: lsu_top File: /sim/tarsio/aocl-channel-smoke-20261008-HSiyqm/aocl_channel_smoke/system/synthesis/submodules/lsu_top.v Line: 82
Info (12021): Found 1 design units, including 1 entities, in source file system/synthesis/submodules/lsu_permute_address.v
    Info (12023): Found entity 1: lsu_permute_address File: /sim/tarsio/aocl-channel-smoke-20261008-HSiyqm/aocl_channel_smoke/system/synthesis/submodules/lsu_permute_address.v Line: 20
Info (12021): Found 2 design units, including 2 entities, in source file system/synthesis/submodules/lsu_pipelined.v
    Info (12023): Found entity 1: lsu_pipelined_read File: /sim/tarsio/aocl-channel-smoke-20261008-HSiyqm/aocl_channel_smoke/system/synthesis/submodules/lsu_pipelined.v Line: 43
    Info (12023): Found entity 2: lsu_pipelined_write File: /sim/tarsio/aocl-channel-smoke-20261008-HSiyqm/aocl_channel_smoke/system/synthesis/submodules/lsu_pipelined.v Line: 458
Info (12021): Found 2 design units, including 2 entities, in source file system/synthesis/submodules/lsu_enabled.v
    Info (12023): Found entity 1: lsu_enabled_read File: /sim/tarsio/aocl-channel-smoke-20261008-HSiyqm/aocl_channel_smoke/system/synthesis/submodules/lsu_enabled.v Line: 41
    Info (12023): Found entity 2: lsu_enabled_write File: /sim/tarsio/aocl-channel-smoke-20261008-HSiyqm/aocl_channel_smoke/system/synthesis/submodules/lsu_enabled.v Line: 194
Info (12021): Found 4 design units, including 4 entities, in source file system/synthesis/submodules/lsu_basic_coalescer.v
    Info (12023): Found entity 1: lsu_basic_coalesced_read File: /sim/tarsio/aocl-channel-smoke-20261008-HSiyqm/aocl_channel_smoke/system/synthesis/submodules/lsu_basic_coalescer.v Line: 41
    Info (12023): Found entity 2: lsu_basic_coalesced_write File: /sim/tarsio/aocl-channel-smoke-20261008-HSiyqm/aocl_channel_smoke/system/synthesis/submodules/lsu_basic_coalescer.v Line: 227
    Info (12023): Found entity 3: lookahead_fifo File: /sim/tarsio/aocl-channel-smoke-20261008-HSiyqm/aocl_channel_smoke/system/synthesis/submodules/lsu_basic_coalescer.v Line: 482
    Info (12023): Found entity 4: basic_coalescer File: /sim/tarsio/aocl-channel-smoke-20261008-HSiyqm/aocl_channel_smoke/system/synthesis/submodules/lsu_basic_coalescer.v Line: 543
Info (12021): Found 2 design units, including 2 entities, in source file system/synthesis/submodules/lsu_simple.v
    Info (12023): Found entity 1: lsu_simple_read File: /sim/tarsio/aocl-channel-smoke-20261008-HSiyqm/aocl_channel_smoke/system/synthesis/submodules/lsu_simple.v Line: 36
    Info (12023): Found entity 2: lsu_simple_write File: /sim/tarsio/aocl-channel-smoke-20261008-HSiyqm/aocl_channel_smoke/system/synthesis/submodules/lsu_simple.v Line: 201
Info (12021): Found 2 design units, including 2 entities, in source file system/synthesis/submodules/lsu_streaming.v
    Info (12023): Found entity 1: lsu_streaming_read File: /sim/tarsio/aocl-channel-smoke-20261008-HSiyqm/aocl_channel_smoke/system/synthesis/submodules/lsu_streaming.v Line: 39
    Info (12023): Found entity 2: lsu_streaming_write File: /sim/tarsio/aocl-channel-smoke-20261008-HSiyqm/aocl_channel_smoke/system/synthesis/submodules/lsu_streaming.v Line: 294
Info (12021): Found 1 design units, including 1 entities, in source file system/synthesis/submodules/lsu_burst_master.v
    Info (12023): Found entity 1: lsu_burst_read_master File: /sim/tarsio/aocl-channel-smoke-20261008-HSiyqm/aocl_channel_smoke/system/synthesis/submodules/lsu_burst_master.v Line: 30
Info (12021): Found 7 design units, including 7 entities, in source file system/synthesis/submodules/lsu_bursting_load_stores.v
    Info (12023): Found entity 1: lsu_bursting_read File: /sim/tarsio/aocl-channel-smoke-20261008-HSiyqm/aocl_channel_smoke/system/synthesis/submodules/lsu_bursting_load_stores.v Line: 18
    Info (12023): Found entity 2: acl_io_pipeline File: /sim/tarsio/aocl-channel-smoke-20261008-HSiyqm/aocl_channel_smoke/system/synthesis/submodules/lsu_bursting_load_stores.v Line: 405
    Info (12023): Found entity 3: lsu_bursting_pipelined_read File: /sim/tarsio/aocl-channel-smoke-20261008-HSiyqm/aocl_channel_smoke/system/synthesis/submodules/lsu_bursting_load_stores.v Line: 432
    Info (12023): Found entity 4: acl_stall_free_coalescer File: /sim/tarsio/aocl-channel-smoke-20261008-HSiyqm/aocl_channel_smoke/system/synthesis/submodules/lsu_bursting_load_stores.v Line: 939
    Info (12023): Found entity 5: lsu_bursting_write File: /sim/tarsio/aocl-channel-smoke-20261008-HSiyqm/aocl_channel_smoke/system/synthesis/submodules/lsu_bursting_load_stores.v Line: 1096
    Info (12023): Found entity 6: lsu_bursting_write_internal File: /sim/tarsio/aocl-channel-smoke-20261008-HSiyqm/aocl_channel_smoke/system/synthesis/submodules/lsu_bursting_load_stores.v Line: 1260
    Info (12023): Found entity 7: bursting_coalescer File: /sim/tarsio/aocl-channel-smoke-20261008-HSiyqm/aocl_channel_smoke/system/synthesis/submodules/lsu_bursting_load_stores.v Line: 1675
Info (12021): Found 2 design units, including 2 entities, in source file system/synthesis/submodules/lsu_non_aligned_write.v
    Info (12023): Found entity 1: lsu_non_aligned_write File: /sim/tarsio/aocl-channel-smoke-20261008-HSiyqm/aocl_channel_smoke/system/synthesis/submodules/lsu_non_aligned_write.v Line: 19
    Info (12023): Found entity 2: lsu_non_aligned_write_internal File: /sim/tarsio/aocl-channel-smoke-20261008-HSiyqm/aocl_channel_smoke/system/synthesis/submodules/lsu_non_aligned_write.v Line: 168
Info (12021): Found 1 design units, including 1 entities, in source file system/synthesis/submodules/lsu_read_cache.v
    Info (12023): Found entity 1: lsu_read_cache File: /sim/tarsio/aocl-channel-smoke-20261008-HSiyqm/aocl_channel_smoke/system/synthesis/submodules/lsu_read_cache.v Line: 45
Info (12021): Found 1 design units, including 1 entities, in source file system/synthesis/submodules/lsu_atomic.v
    Info (12023): Found entity 1: lsu_atomic_pipelined File: /sim/tarsio/aocl-channel-smoke-20261008-HSiyqm/aocl_channel_smoke/system/synthesis/submodules/lsu_atomic.v Line: 38
Info (12021): Found 1 design units, including 1 entities, in source file system/synthesis/submodules/lsu_prefetch_block.v
    Info (12023): Found entity 1: lsu_prefetch_block File: /sim/tarsio/aocl-channel-smoke-20261008-HSiyqm/aocl_channel_smoke/system/synthesis/submodules/lsu_prefetch_block.v Line: 35
Info (12021): Found 1 design units, including 1 entities, in source file system/synthesis/submodules/lsu_wide_wrapper.v
    Info (12023): Found entity 1: lsu_wide_wrapper File: /sim/tarsio/aocl-channel-smoke-20261008-HSiyqm/aocl_channel_smoke/system/synthesis/submodules/lsu_wide_wrapper.v Line: 21
Info (12021): Found 3 design units, including 3 entities, in source file system/synthesis/submodules/lsu_streaming_prefetch.v
    Info (12023): Found entity 1: lsu_streaming_prefetch_read File: /sim/tarsio/aocl-channel-smoke-20261008-HSiyqm/aocl_channel_smoke/system/synthesis/submodules/lsu_streaming_prefetch.v Line: 25
    Info (12023): Found entity 2: lsu_streaming_prefetch_fifo File: /sim/tarsio/aocl-channel-smoke-20261008-HSiyqm/aocl_channel_smoke/system/synthesis/submodules/lsu_streaming_prefetch.v Line: 324
    Info (12023): Found entity 3: lsu_streaming_prefetch_avalon_bust_master File: /sim/tarsio/aocl-channel-smoke-20261008-HSiyqm/aocl_channel_smoke/system/synthesis/submodules/lsu_streaming_prefetch.v Line: 542
Info (12021): Found 6 design units, including 6 entities, in source file system/synthesis/submodules/acl_aligned_burst_coalesced_lsu.v
    Info (12023): Found entity 1: acl_aligned_burst_coalesced_lsu File: /sim/tarsio/aocl-channel-smoke-20261008-HSiyqm/aocl_channel_smoke/system/synthesis/submodules/acl_aligned_burst_coalesced_lsu.v Line: 65
    Info (12023): Found entity 2: avalon_interface File: /sim/tarsio/aocl-channel-smoke-20261008-HSiyqm/aocl_channel_smoke/system/synthesis/submodules/acl_aligned_burst_coalesced_lsu.v Line: 310
    Info (12023): Found entity 3: valid_generator File: /sim/tarsio/aocl-channel-smoke-20261008-HSiyqm/aocl_channel_smoke/system/synthesis/submodules/acl_aligned_burst_coalesced_lsu.v Line: 496
    Info (12023): Found entity 4: acl_lsu_buffers File: /sim/tarsio/aocl-channel-smoke-20261008-HSiyqm/aocl_channel_smoke/system/synthesis/submodules/acl_aligned_burst_coalesced_lsu.v Line: 563
    Info (12023): Found entity 5: acl_burst_coalescer File: /sim/tarsio/aocl-channel-smoke-20261008-HSiyqm/aocl_channel_smoke/system/synthesis/submodules/acl_aligned_burst_coalesced_lsu.v Line: 767
    Info (12023): Found entity 6: acl_registered_comparison File: /sim/tarsio/aocl-channel-smoke-20261008-HSiyqm/aocl_channel_smoke/system/synthesis/submodules/acl_aligned_burst_coalesced_lsu.v Line: 1186
Info (12021): Found 1 design units, including 1 entities, in source file system/synthesis/submodules/acl_toggle_detect.v
    Info (12023): Found entity 1: acl_toggle_detect File: /sim/tarsio/aocl-channel-smoke-20261008-HSiyqm/aocl_channel_smoke/system/synthesis/submodules/acl_toggle_detect.v Line: 39
Info (12021): Found 1 design units, including 1 entities, in source file system/synthesis/submodules/acl_debug_mem.v
    Info (12023): Found entity 1: acl_debug_mem File: /sim/tarsio/aocl-channel-smoke-20261008-HSiyqm/aocl_channel_smoke/system/synthesis/submodules/acl_debug_mem.v Line: 28
Info (12021): Found 1 design units, including 1 entities, in source file system/synthesis/submodules/lsu_burst_coalesced_pipelined_write.sv
    Info (12023): Found entity 1: lsu_burst_coalesced_pipelined_write File: /sim/tarsio/aocl-channel-smoke-20261008-HSiyqm/aocl_channel_smoke/system/synthesis/submodules/lsu_burst_coalesced_pipelined_write.sv Line: 69
Info (12021): Found 1 design units, including 1 entities, in source file system/synthesis/submodules/lsu_burst_coalesced_pipelined_read.sv
    Info (12023): Found entity 1: lsu_burst_coalesced_pipelined_read File: /sim/tarsio/aocl-channel-smoke-20261008-HSiyqm/aocl_channel_smoke/system/synthesis/submodules/lsu_burst_coalesced_pipelined_read.sv Line: 63
Info (12021): Found 1 design units, including 1 entities, in source file system/synthesis/submodules/acl_clock2x_holder.v
    Info (12023): Found entity 1: acl_clock2x_holder File: /sim/tarsio/aocl-channel-smoke-20261008-HSiyqm/aocl_channel_smoke/system/synthesis/submodules/acl_clock2x_holder.v Line: 19
Info (12021): Found 2 design units, including 1 entities, in source file system/synthesis/submodules/smoke_consumer_function_wrapper.vhd
    Info (12022): Found design unit 1: smoke_consumer_function_wrapper-normal File: /sim/tarsio/aocl-channel-smoke-20261008-HSiyqm/aocl_channel_smoke/system/synthesis/submodules/smoke_consumer_function_wrapper.vhd Line: 92
    Info (12023): Found entity 1: smoke_consumer_function_wrapper File: /sim/tarsio/aocl-channel-smoke-20261008-HSiyqm/aocl_channel_smoke/system/synthesis/submodules/smoke_consumer_function_wrapper.vhd Line: 35
Info (12021): Found 2 design units, including 1 entities, in source file system/synthesis/submodules/smoke_consumer_function.vhd
    Info (12022): Found design unit 1: smoke_consumer_function-normal File: /sim/tarsio/aocl-channel-smoke-20261008-HSiyqm/aocl_channel_smoke/system/synthesis/submodules/smoke_consumer_function.vhd Line: 70
    Info (12023): Found entity 1: smoke_consumer_function File: /sim/tarsio/aocl-channel-smoke-20261008-HSiyqm/aocl_channel_smoke/system/synthesis/submodules/smoke_consumer_function.vhd Line: 35
Info (12021): Found 2 design units, including 1 entities, in source file system/synthesis/submodules/bb_smoke_consumer_B0.vhd
    Info (12022): Found design unit 1: bb_smoke_consumer_B0-normal File: /sim/tarsio/aocl-channel-smoke-20261008-HSiyqm/aocl_channel_smoke/system/synthesis/submodules/bb_smoke_consumer_B0.vhd Line: 66
    Info (12023): Found entity 1: bb_smoke_consumer_B0 File: /sim/tarsio/aocl-channel-smoke-20261008-HSiyqm/aocl_channel_smoke/system/synthesis/submodules/bb_smoke_consumer_B0.vhd Line: 35
Info (12021): Found 2 design units, including 1 entities, in source file system/synthesis/submodules/bb_smoke_consumer_B0_stall_region.vhd
    Info (12022): Found design unit 1: bb_smoke_consumer_B0_stall_region-normal File: /sim/tarsio/aocl-channel-smoke-20261008-HSiyqm/aocl_channel_smoke/system/synthesis/submodules/bb_smoke_consumer_B0_stall_region.vhd Line: 66
    Info (12023): Found entity 1: bb_smoke_consumer_B0_stall_region File: /sim/tarsio/aocl-channel-smoke-20261008-HSiyqm/aocl_channel_smoke/system/synthesis/submodules/bb_smoke_consumer_B0_stall_region.vhd Line: 35
Info (12021): Found 2 design units, including 1 entities, in source file system/synthesis/submodules/smoke_consumer_B0_merge_reg.vhd
    Info (12022): Found design unit 1: smoke_consumer_B0_merge_reg-normal File: /sim/tarsio/aocl-channel-smoke-20261008-HSiyqm/aocl_channel_smoke/system/synthesis/submodules/smoke_consumer_B0_merge_reg.vhd Line: 48
    Info (12023): Found entity 1: smoke_consumer_B0_merge_reg File: /sim/tarsio/aocl-channel-smoke-20261008-HSiyqm/aocl_channel_smoke/system/synthesis/submodules/smoke_consumer_B0_merge_reg.vhd Line: 35
Info (12021): Found 2 design units, including 1 entities, in source file system/synthesis/submodules/i_iord_bl_smoke_channel_unnamed_smoke_coA0Z_smoke_consumer0.vhd
    Info (12022): Found design unit 1: i_iord_bl_smoke_channel_unnamed_smoke_consumer0_smoke_consumer0-normal File: /sim/tarsio/aocl-channel-smoke-20261008-HSiyqm/aocl_channel_smoke/system/synthesis/submodules/i_iord_bl_smoke_channel_unnamed_smoke_coA0Z_smoke_consumer0.vhd Line: 50
    Info (12023): Found entity 1: i_iord_bl_smoke_channel_unnamed_smoke_consumer0_smoke_consumer0 File: /sim/tarsio/aocl-channel-smoke-20261008-HSiyqm/aocl_channel_smoke/system/synthesis/submodules/i_iord_bl_smoke_channel_unnamed_smoke_coA0Z_smoke_consumer0.vhd Line: 35
Info (12021): Found 2 design units, including 1 entities, in source file system/synthesis/submodules/i_store_unnamed_smoke_consumer1_smoke_consumer4.vhd
    Info (12022): Found design unit 1: i_store_unnamed_smoke_consumer1_smoke_consumer4-normal File: /sim/tarsio/aocl-channel-smoke-20261008-HSiyqm/aocl_channel_smoke/system/synthesis/submodules/i_store_unnamed_smoke_consumer1_smoke_consumer4.vhd Line: 65
    Info (12023): Found entity 1: i_store_unnamed_smoke_consumer1_smoke_consumer4 File: /sim/tarsio/aocl-channel-smoke-20261008-HSiyqm/aocl_channel_smoke/system/synthesis/submodules/i_store_unnamed_smoke_consumer1_smoke_consumer4.vhd Line: 35
Info (12021): Found 2 design units, including 1 entities, in source file system/synthesis/submodules/i_syncbuf_dst_sync_buffer_smoke_consumer1.vhd
    Info (12022): Found design unit 1: i_syncbuf_dst_sync_buffer_smoke_consumer1-normal File: /sim/tarsio/aocl-channel-smoke-20261008-HSiyqm/aocl_channel_smoke/system/synthesis/submodules/i_syncbuf_dst_sync_buffer_smoke_consumer1.vhd Line: 49
    Info (12023): Found entity 1: i_syncbuf_dst_sync_buffer_smoke_consumer1 File: /sim/tarsio/aocl-channel-smoke-20261008-HSiyqm/aocl_channel_smoke/system/synthesis/submodules/i_syncbuf_dst_sync_buffer_smoke_consumer1.vhd Line: 35
Info (12021): Found 2 design units, including 1 entities, in source file system/synthesis/submodules/smoke_consumer_B0_branch.vhd
    Info (12022): Found design unit 1: smoke_consumer_B0_branch-normal File: /sim/tarsio/aocl-channel-smoke-20261008-HSiyqm/aocl_channel_smoke/system/synthesis/submodules/smoke_consumer_B0_branch.vhd Line: 46
    Info (12023): Found entity 1: smoke_consumer_B0_branch File: /sim/tarsio/aocl-channel-smoke-20261008-HSiyqm/aocl_channel_smoke/system/synthesis/submodules/smoke_consumer_B0_branch.vhd Line: 35
Info (12021): Found 2 design units, including 1 entities, in source file system/synthesis/submodules/smoke_consumer_B0_merge.vhd
    Info (12022): Found design unit 1: smoke_consumer_B0_merge-normal File: /sim/tarsio/aocl-channel-smoke-20261008-HSiyqm/aocl_channel_smoke/system/synthesis/submodules/smoke_consumer_B0_merge.vhd Line: 48
    Info (12023): Found entity 1: smoke_consumer_B0_merge File: /sim/tarsio/aocl-channel-smoke-20261008-HSiyqm/aocl_channel_smoke/system/synthesis/submodules/smoke_consumer_B0_merge.vhd Line: 35
Info (12021): Found 2 design units, including 1 entities, in source file system/synthesis/submodules/smoke_consumer_function_cra_slave.vhd
    Info (12022): Found design unit 1: smoke_consumer_function_cra_slave-normal File: /sim/tarsio/aocl-channel-smoke-20261008-HSiyqm/aocl_channel_smoke/system/synthesis/submodules/smoke_consumer_function_cra_slave.vhd Line: 75
    Info (12023): Found entity 1: smoke_consumer_function_cra_slave File: /sim/tarsio/aocl-channel-smoke-20261008-HSiyqm/aocl_channel_smoke/system/synthesis/submodules/smoke_consumer_function_cra_slave.vhd Line: 35
Info (12021): Found 1 design units, including 1 entities, in source file system/synthesis/submodules/acl_start_signal_chain_element.v
    Info (12023): Found entity 1: acl_start_signal_chain_element File: /sim/tarsio/aocl-channel-smoke-20261008-HSiyqm/aocl_channel_smoke/system/synthesis/submodules/acl_start_signal_chain_element.v Line: 25
Info (12021): Found 1 design units, including 1 entities, in source file system/synthesis/submodules/acl_channel_fifo.v
    Info (12023): Found entity 1: acl_channel_fifo File: /sim/tarsio/aocl-channel-smoke-20261008-HSiyqm/aocl_channel_smoke/system/synthesis/submodules/acl_channel_fifo.v Line: 20
Info (12021): Found 2 design units, including 1 entities, in source file system/synthesis/submodules/smoke_producer_function_wrapper.vhd
    Info (12022): Found design unit 1: smoke_producer_function_wrapper-normal File: /sim/tarsio/aocl-channel-smoke-20261008-HSiyqm/aocl_channel_smoke/system/synthesis/submodules/smoke_producer_function_wrapper.vhd Line: 93
    Info (12023): Found entity 1: smoke_producer_function_wrapper File: /sim/tarsio/aocl-channel-smoke-20261008-HSiyqm/aocl_channel_smoke/system/synthesis/submodules/smoke_producer_function_wrapper.vhd Line: 35
Info (12021): Found 2 design units, including 1 entities, in source file system/synthesis/submodules/smoke_producer_function.vhd
    Info (12022): Found design unit 1: smoke_producer_function-normal File: /sim/tarsio/aocl-channel-smoke-20261008-HSiyqm/aocl_channel_smoke/system/synthesis/submodules/smoke_producer_function.vhd Line: 69
    Info (12023): Found entity 1: smoke_producer_function File: /sim/tarsio/aocl-channel-smoke-20261008-HSiyqm/aocl_channel_smoke/system/synthesis/submodules/smoke_producer_function.vhd Line: 35
Info (12021): Found 2 design units, including 1 entities, in source file system/synthesis/submodules/bb_smoke_producer_B0.vhd
    Info (12022): Found design unit 1: bb_smoke_producer_B0-normal File: /sim/tarsio/aocl-channel-smoke-20261008-HSiyqm/aocl_channel_smoke/system/synthesis/submodules/bb_smoke_producer_B0.vhd Line: 65
    Info (12023): Found entity 1: bb_smoke_producer_B0 File: /sim/tarsio/aocl-channel-smoke-20261008-HSiyqm/aocl_channel_smoke/system/synthesis/submodules/bb_smoke_producer_B0.vhd Line: 35
Info (12021): Found 2 design units, including 1 entities, in source file system/synthesis/submodules/bb_smoke_producer_B0_stall_region.vhd
    Info (12022): Found design unit 1: bb_smoke_producer_B0_stall_region-normal File: /sim/tarsio/aocl-channel-smoke-20261008-HSiyqm/aocl_channel_smoke/system/synthesis/submodules/bb_smoke_producer_B0_stall_region.vhd Line: 65
    Info (12023): Found entity 1: bb_smoke_producer_B0_stall_region File: /sim/tarsio/aocl-channel-smoke-20261008-HSiyqm/aocl_channel_smoke/system/synthesis/submodules/bb_smoke_producer_B0_stall_region.vhd Line: 35
Info (12021): Found 2 design units, including 1 entities, in source file system/synthesis/submodules/smoke_producer_B0_merge_reg.vhd
    Info (12022): Found design unit 1: smoke_producer_B0_merge_reg-normal File: /sim/tarsio/aocl-channel-smoke-20261008-HSiyqm/aocl_channel_smoke/system/synthesis/submodules/smoke_producer_B0_merge_reg.vhd Line: 48
    Info (12023): Found entity 1: smoke_producer_B0_merge_reg File: /sim/tarsio/aocl-channel-smoke-20261008-HSiyqm/aocl_channel_smoke/system/synthesis/submodules/smoke_producer_B0_merge_reg.vhd Line: 35
Info (12021): Found 2 design units, including 1 entities, in source file system/synthesis/submodules/i_iowr_bl_smoke_channel_unnamed_smoke_prA0Z_smoke_producer5.vhd
    Info (12022): Found design unit 1: i_iowr_bl_smoke_channel_unnamed_smoke_producer1_smoke_producer5-normal File: /sim/tarsio/aocl-channel-smoke-20261008-HSiyqm/aocl_channel_smoke/system/synthesis/submodules/i_iowr_bl_smoke_channel_unnamed_smoke_prA0Z_smoke_producer5.vhd Line: 51
    Info (12023): Found entity 1: i_iowr_bl_smoke_channel_unnamed_smoke_producer1_smoke_producer5 File: /sim/tarsio/aocl-channel-smoke-20261008-HSiyqm/aocl_channel_smoke/system/synthesis/submodules/i_iowr_bl_smoke_channel_unnamed_smoke_prA0Z_smoke_producer5.vhd Line: 35
Info (12021): Found 2 design units, including 1 entities, in source file system/synthesis/submodules/i_load_unnamed_smoke_producer0_smoke_producer3.vhd
    Info (12022): Found design unit 1: i_load_unnamed_smoke_producer0_smoke_producer3-normal File: /sim/tarsio/aocl-channel-smoke-20261008-HSiyqm/aocl_channel_smoke/system/synthesis/submodules/i_load_unnamed_smoke_producer0_smoke_producer3.vhd Line: 64
    Info (12023): Found entity 1: i_load_unnamed_smoke_producer0_smoke_producer3 File: /sim/tarsio/aocl-channel-smoke-20261008-HSiyqm/aocl_channel_smoke/system/synthesis/submodules/i_load_unnamed_smoke_producer0_smoke_producer3.vhd Line: 35
Info (12021): Found 2 design units, including 1 entities, in source file system/synthesis/submodules/readdata_reg_unnamed_smoke_producer0_smoke_producer0.vhd
    Info (12022): Found design unit 1: readdata_reg_unnamed_smoke_producer0_smoke_producer0-normal File: /sim/tarsio/aocl-channel-smoke-20261008-HSiyqm/aocl_channel_smoke/system/synthesis/submodules/readdata_reg_unnamed_smoke_producer0_smoke_producer0.vhd Line: 48
    Info (12023): Found entity 1: readdata_reg_unnamed_smoke_producer0_smoke_producer0 File: /sim/tarsio/aocl-channel-smoke-20261008-HSiyqm/aocl_channel_smoke/system/synthesis/submodules/readdata_reg_unnamed_smoke_producer0_smoke_producer0.vhd Line: 35
Info (12021): Found 2 design units, including 1 entities, in source file system/synthesis/submodules/i_syncbuf_src_sync_buffer_smoke_producer0.vhd
    Info (12022): Found design unit 1: i_syncbuf_src_sync_buffer_smoke_producer0-normal File: /sim/tarsio/aocl-channel-smoke-20261008-HSiyqm/aocl_channel_smoke/system/synthesis/submodules/i_syncbuf_src_sync_buffer_smoke_producer0.vhd Line: 49
    Info (12023): Found entity 1: i_syncbuf_src_sync_buffer_smoke_producer0 File: /sim/tarsio/aocl-channel-smoke-20261008-HSiyqm/aocl_channel_smoke/system/synthesis/submodules/i_syncbuf_src_sync_buffer_smoke_producer0.vhd Line: 35
Info (12021): Found 2 design units, including 1 entities, in source file system/synthesis/submodules/smoke_producer_B0_branch.vhd
    Info (12022): Found design unit 1: smoke_producer_B0_branch-normal File: /sim/tarsio/aocl-channel-smoke-20261008-HSiyqm/aocl_channel_smoke/system/synthesis/submodules/smoke_producer_B0_branch.vhd Line: 46
    Info (12023): Found entity 1: smoke_producer_B0_branch File: /sim/tarsio/aocl-channel-smoke-20261008-HSiyqm/aocl_channel_smoke/system/synthesis/submodules/smoke_producer_B0_branch.vhd Line: 35
Info (12021): Found 2 design units, including 1 entities, in source file system/synthesis/submodules/smoke_producer_B0_merge.vhd
    Info (12022): Found design unit 1: smoke_producer_B0_merge-normal File: /sim/tarsio/aocl-channel-smoke-20261008-HSiyqm/aocl_channel_smoke/system/synthesis/submodules/smoke_producer_B0_merge.vhd Line: 48
    Info (12023): Found entity 1: smoke_producer_B0_merge File: /sim/tarsio/aocl-channel-smoke-20261008-HSiyqm/aocl_channel_smoke/system/synthesis/submodules/smoke_producer_B0_merge.vhd Line: 35
Info (12021): Found 2 design units, including 1 entities, in source file system/synthesis/submodules/smoke_producer_function_cra_slave.vhd
    Info (12022): Found design unit 1: smoke_producer_function_cra_slave-normal File: /sim/tarsio/aocl-channel-smoke-20261008-HSiyqm/aocl_channel_smoke/system/synthesis/submodules/smoke_producer_function_cra_slave.vhd Line: 75
    Info (12023): Found entity 1: smoke_producer_function_cra_slave File: /sim/tarsio/aocl-channel-smoke-20261008-HSiyqm/aocl_channel_smoke/system/synthesis/submodules/smoke_producer_function_cra_slave.vhd Line: 35
Info (12021): Found 1 design units, including 1 entities, in source file system/synthesis/submodules/acl_avm_to_ic.v
    Info (12023): Found entity 1: acl_avm_to_ic File: /sim/tarsio/aocl-channel-smoke-20261008-HSiyqm/aocl_channel_smoke/system/synthesis/submodules/acl_avm_to_ic.v Line: 19
Info (12021): Found 1 design units, including 1 entities, in source file system/synthesis/submodules/acl_ic_master_endpoint.v
    Info (12023): Found entity 1: acl_ic_master_endpoint File: /sim/tarsio/aocl-channel-smoke-20261008-HSiyqm/aocl_channel_smoke/system/synthesis/submodules/acl_ic_master_endpoint.v Line: 22
Info (12021): Found 2 design units, including 2 entities, in source file system/synthesis/submodules/acl_arb_intf.v
    Info (12023): Found entity 1: acl_arb_data File: /sim/tarsio/aocl-channel-smoke-20261008-HSiyqm/aocl_channel_smoke/system/synthesis/submodules/acl_arb_intf.v Line: 21
    Info (12023): Found entity 2: acl_arb_intf File: /sim/tarsio/aocl-channel-smoke-20261008-HSiyqm/aocl_channel_smoke/system/synthesis/submodules/acl_arb_intf.v Line: 42
Info (12021): Found 3 design units, including 3 entities, in source file system/synthesis/submodules/acl_ic_intf.v
    Info (12023): Found entity 1: acl_ic_wrp_intf File: /sim/tarsio/aocl-channel-smoke-20261008-HSiyqm/aocl_channel_smoke/system/synthesis/submodules/acl_ic_intf.v Line: 19
    Info (12023): Found entity 2: acl_ic_rrp_intf File: /sim/tarsio/aocl-channel-smoke-20261008-HSiyqm/aocl_channel_smoke/system/synthesis/submodules/acl_ic_intf.v Line: 27
    Info (12023): Found entity 3: acl_ic_master_intf File: /sim/tarsio/aocl-channel-smoke-20261008-HSiyqm/aocl_channel_smoke/system/synthesis/submodules/acl_ic_intf.v Line: 37
Info (12021): Found 1 design units, including 1 entities, in source file system/synthesis/submodules/acl_ic_slave_endpoint.v
    Info (12023): Found entity 1: acl_ic_slave_endpoint File: /sim/tarsio/aocl-channel-smoke-20261008-HSiyqm/aocl_channel_smoke/system/synthesis/submodules/acl_ic_slave_endpoint.v Line: 22
Info (12021): Found 1 design units, including 1 entities, in source file system/synthesis/submodules/acl_ic_slave_rrp.v
    Info (12023): Found entity 1: acl_ic_slave_rrp File: /sim/tarsio/aocl-channel-smoke-20261008-HSiyqm/aocl_channel_smoke/system/synthesis/submodules/acl_ic_slave_rrp.v Line: 19
Info (12021): Found 1 design units, including 1 entities, in source file system/synthesis/submodules/acl_ic_slave_wrp.v
    Info (12023): Found entity 1: acl_ic_slave_wrp File: /sim/tarsio/aocl-channel-smoke-20261008-HSiyqm/aocl_channel_smoke/system/synthesis/submodules/acl_ic_slave_wrp.v Line: 19
Info (12021): Found 1 design units, including 1 entities, in source file system/synthesis/submodules/acl_ic_mem_router_reorder.v
    Info (12023): Found entity 1: acl_ic_mem_router_reorder File: /sim/tarsio/aocl-channel-smoke-20261008-HSiyqm/aocl_channel_smoke/system/synthesis/submodules/acl_ic_mem_router_reorder.v Line: 19
Info (12021): Found 1 design units, including 1 entities, in source file system/synthesis/submodules/acl_address_to_bankaddress.v
    Info (12023): Found entity 1: acl_address_to_bankaddress File: /sim/tarsio/aocl-channel-smoke-20261008-HSiyqm/aocl_channel_smoke/system/synthesis/submodules/acl_address_to_bankaddress.v Line: 19
Info (12021): Found 3 design units, including 3 entities, in source file system/synthesis/submodules/acl_arb2.v
    Info (12023): Found entity 1: acl_arb2 File: /sim/tarsio/aocl-channel-smoke-20261008-HSiyqm/aocl_channel_smoke/system/synthesis/submodules/acl_arb2.v Line: 20
    Info (12023): Found entity 2: acl_arb_pipeline_reg File: /sim/tarsio/aocl-channel-smoke-20261008-HSiyqm/aocl_channel_smoke/system/synthesis/submodules/acl_arb2.v Line: 336
    Info (12023): Found entity 3: acl_arb_staging_reg File: /sim/tarsio/aocl-channel-smoke-20261008-HSiyqm/aocl_channel_smoke/system/synthesis/submodules/acl_arb2.v Line: 420
Info (12021): Found 1 design units, including 1 entities, in source file system/synthesis/submodules/acl_ic_to_avm.v
    Info (12023): Found entity 1: acl_ic_to_avm File: /sim/tarsio/aocl-channel-smoke-20261008-HSiyqm/aocl_channel_smoke/system/synthesis/submodules/acl_ic_to_avm.v Line: 19
Info (12021): Found 1 design units, including 1 entities, in source file system/synthesis/submodules/system_kernel_system_acl_internal_snoop.v
    Info (12023): Found entity 1: system_kernel_system_acl_internal_snoop File: /sim/tarsio/aocl-channel-smoke-20261008-HSiyqm/aocl_channel_smoke/system/synthesis/submodules/system_kernel_system_acl_internal_snoop.v Line: 9
Info (12021): Found 1 design units, including 1 entities, in source file system/synthesis/submodules/system_kernel_system_acl_internal_snoop_pass_through_0.sv
    Info (12023): Found entity 1: system_kernel_system_acl_internal_snoop_pass_through_0 File: /sim/tarsio/aocl-channel-smoke-20261008-HSiyqm/aocl_channel_smoke/system/synthesis/submodules/system_kernel_system_acl_internal_snoop_pass_through_0.sv Line: 55
Info (12021): Found 1 design units, including 1 entities, in source file system/synthesis/submodules/system_board.v
    Info (12023): Found entity 1: system_board File: /sim/tarsio/aocl-channel-smoke-20261008-HSiyqm/aocl_channel_smoke/system/synthesis/submodules/system_board.v Line: 6
Info (12021): Found 1 design units, including 1 entities, in source file system/synthesis/submodules/altera_irq_clock_crosser.sv
    Info (12023): Found entity 1: altera_irq_clock_crosser File: /sim/tarsio/aocl-channel-smoke-20261008-HSiyqm/aocl_channel_smoke/system/synthesis/submodules/altera_irq_clock_crosser.sv Line: 21
Info (12021): Found 1 design units, including 1 entities, in source file system/synthesis/submodules/system_board_irq_mapper_001.sv
    Info (12023): Found entity 1: system_board_irq_mapper_001 File: /sim/tarsio/aocl-channel-smoke-20261008-HSiyqm/aocl_channel_smoke/system/synthesis/submodules/system_board_irq_mapper_001.sv Line: 31
Info (12021): Found 1 design units, including 1 entities, in source file system/synthesis/submodules/system_board_irq_mapper.sv
    Info (12023): Found entity 1: system_board_irq_mapper File: /sim/tarsio/aocl-channel-smoke-20261008-HSiyqm/aocl_channel_smoke/system/synthesis/submodules/system_board_irq_mapper.sv Line: 31
Info (12021): Found 1 design units, including 1 entities, in source file system/synthesis/submodules/system_board_mm_interconnect_11.v
    Info (12023): Found entity 1: system_board_mm_interconnect_11 File: /sim/tarsio/aocl-channel-smoke-20261008-HSiyqm/aocl_channel_smoke/system/synthesis/submodules/system_board_mm_interconnect_11.v Line: 9
Info (12021): Found 1 design units, including 1 entities, in source file system/synthesis/submodules/system_board_mm_interconnect_11_avalon_st_adapter.v
    Info (12023): Found entity 1: system_board_mm_interconnect_11_avalon_st_adapter File: /sim/tarsio/aocl-channel-smoke-20261008-HSiyqm/aocl_channel_smoke/system/synthesis/submodules/system_board_mm_interconnect_11_avalon_st_adapter.v Line: 9
Info (12021): Found 1 design units, including 1 entities, in source file system/synthesis/submodules/system_board_mm_interconnect_11_avalon_st_adapter_error_adapter_0.sv
    Info (12023): Found entity 1: system_board_mm_interconnect_11_avalon_st_adapter_error_adapter_0 File: /sim/tarsio/aocl-channel-smoke-20261008-HSiyqm/aocl_channel_smoke/system/synthesis/submodules/system_board_mm_interconnect_11_avalon_st_adapter_error_adapter_0.sv Line: 66
Info (12021): Found 1 design units, including 1 entities, in source file system/synthesis/submodules/altera_merlin_width_adapter.sv
    Info (12023): Found entity 1: altera_merlin_width_adapter File: /sim/tarsio/aocl-channel-smoke-20261008-HSiyqm/aocl_channel_smoke/system/synthesis/submodules/altera_merlin_width_adapter.sv Line: 25
Info (12021): Found 1 design units, including 1 entities, in source file system/synthesis/submodules/altera_merlin_address_alignment.sv
    Info (12023): Found entity 1: altera_merlin_address_alignment File: /sim/tarsio/aocl-channel-smoke-20261008-HSiyqm/aocl_channel_smoke/system/synthesis/submodules/altera_merlin_address_alignment.sv Line: 26
Info (12021): Found 1 design units, including 1 entities, in source file system/synthesis/submodules/altera_merlin_burst_uncompressor.sv
    Info (12023): Found entity 1: altera_merlin_burst_uncompressor File: /sim/tarsio/aocl-channel-smoke-20261008-HSiyqm/aocl_channel_smoke/system/synthesis/submodules/altera_merlin_burst_uncompressor.sv Line: 40
Info (12021): Found 1 design units, including 1 entities, in source file system/synthesis/submodules/system_board_mm_interconnect_11_rsp_mux.sv
    Info (12023): Found entity 1: system_board_mm_interconnect_11_rsp_mux File: /sim/tarsio/aocl-channel-smoke-20261008-HSiyqm/aocl_channel_smoke/system/synthesis/submodules/system_board_mm_interconnect_11_rsp_mux.sv Line: 51
Info (12021): Found 2 design units, including 2 entities, in source file system/synthesis/submodules/altera_merlin_arbitrator.sv
    Info (12023): Found entity 1: altera_merlin_arbitrator File: /sim/tarsio/aocl-channel-smoke-20261008-HSiyqm/aocl_channel_smoke/system/synthesis/submodules/altera_merlin_arbitrator.sv Line: 103
    Info (12023): Found entity 2: altera_merlin_arb_adder File: /sim/tarsio/aocl-channel-smoke-20261008-HSiyqm/aocl_channel_smoke/system/synthesis/submodules/altera_merlin_arbitrator.sv Line: 228
Info (12021): Found 1 design units, including 1 entities, in source file system/synthesis/submodules/system_board_mm_interconnect_11_cmd_mux.sv
    Info (12023): Found entity 1: system_board_mm_interconnect_11_cmd_mux File: /sim/tarsio/aocl-channel-smoke-20261008-HSiyqm/aocl_channel_smoke/system/synthesis/submodules/system_board_mm_interconnect_11_cmd_mux.sv Line: 51
Info (12021): Found 1 design units, including 1 entities, in source file system/synthesis/submodules/system_board_mm_interconnect_11_cmd_demux.sv
    Info (12023): Found entity 1: system_board_mm_interconnect_11_cmd_demux File: /sim/tarsio/aocl-channel-smoke-20261008-HSiyqm/aocl_channel_smoke/system/synthesis/submodules/system_board_mm_interconnect_11_cmd_demux.sv Line: 43
Info (12021): Found 1 design units, including 1 entities, in source file system/synthesis/submodules/altera_merlin_burst_adapter.sv
    Info (12023): Found entity 1: altera_merlin_burst_adapter File: /sim/tarsio/aocl-channel-smoke-20261008-HSiyqm/aocl_channel_smoke/system/synthesis/submodules/altera_merlin_burst_adapter.sv Line: 21
Info (12021): Found 1 design units, including 1 entities, in source file system/synthesis/submodules/altera_merlin_burst_adapter_uncmpr.sv
    Info (12023): Found entity 1: altera_merlin_burst_adapter_uncompressed_only File: /sim/tarsio/aocl-channel-smoke-20261008-HSiyqm/aocl_channel_smoke/system/synthesis/submodules/altera_merlin_burst_adapter_uncmpr.sv Line: 39
Info (12021): Found 5 design units, including 5 entities, in source file system/synthesis/submodules/altera_merlin_burst_adapter_13_1.sv
    Info (12023): Found entity 1: altera_merlin_burst_adapter_burstwrap_increment File: /sim/tarsio/aocl-channel-smoke-20261008-HSiyqm/aocl_channel_smoke/system/synthesis/submodules/altera_merlin_burst_adapter_13_1.sv Line: 40
    Info (12023): Found entity 2: altera_merlin_burst_adapter_adder File: /sim/tarsio/aocl-channel-smoke-20261008-HSiyqm/aocl_channel_smoke/system/synthesis/submodules/altera_merlin_burst_adapter_13_1.sv Line: 55
    Info (12023): Found entity 3: altera_merlin_burst_adapter_subtractor File: /sim/tarsio/aocl-channel-smoke-20261008-HSiyqm/aocl_channel_smoke/system/synthesis/submodules/altera_merlin_burst_adapter_13_1.sv Line: 77
    Info (12023): Found entity 4: altera_merlin_burst_adapter_min File: /sim/tarsio/aocl-channel-smoke-20261008-HSiyqm/aocl_channel_smoke/system/synthesis/submodules/altera_merlin_burst_adapter_13_1.sv Line: 98
    Info (12023): Found entity 5: altera_merlin_burst_adapter_13_1 File: /sim/tarsio/aocl-channel-smoke-20261008-HSiyqm/aocl_channel_smoke/system/synthesis/submodules/altera_merlin_burst_adapter_13_1.sv Line: 264
Info (12021): Found 1 design units, including 1 entities, in source file system/synthesis/submodules/altera_merlin_burst_adapter_new.sv
    Info (12023): Found entity 1: altera_merlin_burst_adapter_new File: /sim/tarsio/aocl-channel-smoke-20261008-HSiyqm/aocl_channel_smoke/system/synthesis/submodules/altera_merlin_burst_adapter_new.sv Line: 25
Info (12021): Found 1 design units, including 1 entities, in source file system/synthesis/submodules/altera_incr_burst_converter.sv
    Info (12023): Found entity 1: altera_incr_burst_converter File: /sim/tarsio/aocl-channel-smoke-20261008-HSiyqm/aocl_channel_smoke/system/synthesis/submodules/altera_incr_burst_converter.sv Line: 28
Info (12021): Found 1 design units, including 1 entities, in source file system/synthesis/submodules/altera_wrap_burst_converter.sv
    Info (12023): Found entity 1: altera_wrap_burst_converter File: /sim/tarsio/aocl-channel-smoke-20261008-HSiyqm/aocl_channel_smoke/system/synthesis/submodules/altera_wrap_burst_converter.sv Line: 27
Info (12021): Found 1 design units, including 1 entities, in source file system/synthesis/submodules/altera_default_burst_converter.sv
    Info (12023): Found entity 1: altera_default_burst_converter File: /sim/tarsio/aocl-channel-smoke-20261008-HSiyqm/aocl_channel_smoke/system/synthesis/submodules/altera_default_burst_converter.sv Line: 30
Info (12021): Found 1 design units, including 1 entities, in source file system/synthesis/submodules/altera_avalon_st_pipeline_stage.sv
    Info (12023): Found entity 1: altera_avalon_st_pipeline_stage File: /sim/tarsio/aocl-channel-smoke-20261008-HSiyqm/aocl_channel_smoke/system/synthesis/submodules/altera_avalon_st_pipeline_stage.sv Line: 22
Info (12021): Found 1 design units, including 1 entities, in source file system/synthesis/submodules/altera_avalon_st_pipeline_base.v
    Info (12023): Found entity 1: altera_avalon_st_pipeline_base File: /sim/tarsio/aocl-channel-smoke-20261008-HSiyqm/aocl_channel_smoke/system/synthesis/submodules/altera_avalon_st_pipeline_base.v Line: 22
Info (12021): Found 2 design units, including 2 entities, in source file system/synthesis/submodules/system_board_mm_interconnect_11_router_001.sv
    Info (12023): Found entity 1: system_board_mm_interconnect_11_router_001_default_decode File: /sim/tarsio/aocl-channel-smoke-20261008-HSiyqm/aocl_channel_smoke/system/synthesis/submodules/system_board_mm_interconnect_11_router_001.sv Line: 45
    Info (12023): Found entity 2: system_board_mm_interconnect_11_router_001 File: /sim/tarsio/aocl-channel-smoke-20261008-HSiyqm/aocl_channel_smoke/system/synthesis/submodules/system_board_mm_interconnect_11_router_001.sv Line: 84
Info (12021): Found 2 design units, including 2 entities, in source file system/synthesis/submodules/system_board_mm_interconnect_11_router.sv
    Info (12023): Found entity 1: system_board_mm_interconnect_11_router_default_decode File: /sim/tarsio/aocl-channel-smoke-20261008-HSiyqm/aocl_channel_smoke/system/synthesis/submodules/system_board_mm_interconnect_11_router.sv Line: 45
    Info (12023): Found entity 2: system_board_mm_interconnect_11_router File: /sim/tarsio/aocl-channel-smoke-20261008-HSiyqm/aocl_channel_smoke/system/synthesis/submodules/system_board_mm_interconnect_11_router.sv Line: 84
Info (12021): Found 1 design units, including 1 entities, in source file system/synthesis/submodules/altera_avalon_sc_fifo.v
    Info (12023): Found entity 1: altera_avalon_sc_fifo File: /sim/tarsio/aocl-channel-smoke-20261008-HSiyqm/aocl_channel_smoke/system/synthesis/submodules/altera_avalon_sc_fifo.v Line: 21
Info (12021): Found 1 design units, including 1 entities, in source file system/synthesis/submodules/altera_merlin_slave_agent.sv
    Info (12023): Found entity 1: altera_merlin_slave_agent File: /sim/tarsio/aocl-channel-smoke-20261008-HSiyqm/aocl_channel_smoke/system/synthesis/submodules/altera_merlin_slave_agent.sv Line: 34
Info (12021): Found 1 design units, including 1 entities, in source file system/synthesis/submodules/altera_merlin_master_agent.sv
    Info (12023): Found entity 1: altera_merlin_master_agent File: /sim/tarsio/aocl-channel-smoke-20261008-HSiyqm/aocl_channel_smoke/system/synthesis/submodules/altera_merlin_master_agent.sv Line: 28
Info (12021): Found 1 design units, including 1 entities, in source file system/synthesis/submodules/system_board_mm_interconnect_10.v
    Info (12023): Found entity 1: system_board_mm_interconnect_10 File: /sim/tarsio/aocl-channel-smoke-20261008-HSiyqm/aocl_channel_smoke/system/synthesis/submodules/system_board_mm_interconnect_10.v Line: 9
Info (12021): Found 1 design units, including 1 entities, in source file system/synthesis/submodules/system_board_mm_interconnect_10_avalon_st_adapter.v
    Info (12023): Found entity 1: system_board_mm_interconnect_10_avalon_st_adapter File: /sim/tarsio/aocl-channel-smoke-20261008-HSiyqm/aocl_channel_smoke/system/synthesis/submodules/system_board_mm_interconnect_10_avalon_st_adapter.v Line: 9
Info (12021): Found 1 design units, including 1 entities, in source file system/synthesis/submodules/system_board_mm_interconnect_10_avalon_st_adapter_error_adapter_0.sv
    Info (12023): Found entity 1: system_board_mm_interconnect_10_avalon_st_adapter_error_adapter_0 File: /sim/tarsio/aocl-channel-smoke-20261008-HSiyqm/aocl_channel_smoke/system/synthesis/submodules/system_board_mm_interconnect_10_avalon_st_adapter_error_adapter_0.sv Line: 66
Info (12021): Found 1 design units, including 1 entities, in source file system/synthesis/submodules/system_board_mm_interconnect_10_rsp_mux.sv
    Info (12023): Found entity 1: system_board_mm_interconnect_10_rsp_mux File: /sim/tarsio/aocl-channel-smoke-20261008-HSiyqm/aocl_channel_smoke/system/synthesis/submodules/system_board_mm_interconnect_10_rsp_mux.sv Line: 51
Info (12021): Found 1 design units, including 1 entities, in source file system/synthesis/submodules/system_board_mm_interconnect_10_cmd_mux.sv
    Info (12023): Found entity 1: system_board_mm_interconnect_10_cmd_mux File: /sim/tarsio/aocl-channel-smoke-20261008-HSiyqm/aocl_channel_smoke/system/synthesis/submodules/system_board_mm_interconnect_10_cmd_mux.sv Line: 51
Info (12021): Found 1 design units, including 1 entities, in source file system/synthesis/submodules/system_board_mm_interconnect_10_cmd_demux.sv
    Info (12023): Found entity 1: system_board_mm_interconnect_10_cmd_demux File: /sim/tarsio/aocl-channel-smoke-20261008-HSiyqm/aocl_channel_smoke/system/synthesis/submodules/system_board_mm_interconnect_10_cmd_demux.sv Line: 43
Info (12021): Found 2 design units, including 2 entities, in source file system/synthesis/submodules/system_board_mm_interconnect_10_router_001.sv
    Info (12023): Found entity 1: system_board_mm_interconnect_10_router_001_default_decode File: /sim/tarsio/aocl-channel-smoke-20261008-HSiyqm/aocl_channel_smoke/system/synthesis/submodules/system_board_mm_interconnect_10_router_001.sv Line: 45
    Info (12023): Found entity 2: system_board_mm_interconnect_10_router_001 File: /sim/tarsio/aocl-channel-smoke-20261008-HSiyqm/aocl_channel_smoke/system/synthesis/submodules/system_board_mm_interconnect_10_router_001.sv Line: 84
Info (12021): Found 2 design units, including 2 entities, in source file system/synthesis/submodules/system_board_mm_interconnect_10_router.sv
    Info (12023): Found entity 1: system_board_mm_interconnect_10_router_default_decode File: /sim/tarsio/aocl-channel-smoke-20261008-HSiyqm/aocl_channel_smoke/system/synthesis/submodules/system_board_mm_interconnect_10_router.sv Line: 45
    Info (12023): Found entity 2: system_board_mm_interconnect_10_router File: /sim/tarsio/aocl-channel-smoke-20261008-HSiyqm/aocl_channel_smoke/system/synthesis/submodules/system_board_mm_interconnect_10_router.sv Line: 84
Info (12021): Found 1 design units, including 1 entities, in source file system/synthesis/submodules/system_board_mm_interconnect_9.v
    Info (12023): Found entity 1: system_board_mm_interconnect_9 File: /sim/tarsio/aocl-channel-smoke-20261008-HSiyqm/aocl_channel_smoke/system/synthesis/submodules/system_board_mm_interconnect_9.v Line: 9
Info (12021): Found 1 design units, including 1 entities, in source file system/synthesis/submodules/system_board_mm_interconnect_3_avalon_st_adapter.v
    Info (12023): Found entity 1: system_board_mm_interconnect_3_avalon_st_adapter File: /sim/tarsio/aocl-channel-smoke-20261008-HSiyqm/aocl_channel_smoke/system/synthesis/submodules/system_board_mm_interconnect_3_avalon_st_adapter.v Line: 9
Info (12021): Found 1 design units, including 1 entities, in source file system/synthesis/submodules/system_board_mm_interconnect_3_avalon_st_adapter_error_adapter_0.sv
    Info (12023): Found entity 1: system_board_mm_interconnect_3_avalon_st_adapter_error_adapter_0 File: /sim/tarsio/aocl-channel-smoke-20261008-HSiyqm/aocl_channel_smoke/system/synthesis/submodules/system_board_mm_interconnect_3_avalon_st_adapter_error_adapter_0.sv Line: 66
Info (12021): Found 1 design units, including 1 entities, in source file system/synthesis/submodules/system_board_mm_interconnect_9_rsp_mux.sv
    Info (12023): Found entity 1: system_board_mm_interconnect_9_rsp_mux File: /sim/tarsio/aocl-channel-smoke-20261008-HSiyqm/aocl_channel_smoke/system/synthesis/submodules/system_board_mm_interconnect_9_rsp_mux.sv Line: 51
Info (12021): Found 1 design units, including 1 entities, in source file system/synthesis/submodules/system_board_mm_interconnect_9_cmd_mux.sv
    Info (12023): Found entity 1: system_board_mm_interconnect_9_cmd_mux File: /sim/tarsio/aocl-channel-smoke-20261008-HSiyqm/aocl_channel_smoke/system/synthesis/submodules/system_board_mm_interconnect_9_cmd_mux.sv Line: 51
Info (12021): Found 1 design units, including 1 entities, in source file system/synthesis/submodules/system_board_mm_interconnect_9_cmd_demux.sv
    Info (12023): Found entity 1: system_board_mm_interconnect_9_cmd_demux File: /sim/tarsio/aocl-channel-smoke-20261008-HSiyqm/aocl_channel_smoke/system/synthesis/submodules/system_board_mm_interconnect_9_cmd_demux.sv Line: 43
Info (12021): Found 2 design units, including 2 entities, in source file system/synthesis/submodules/system_board_mm_interconnect_9_router_001.sv
    Info (12023): Found entity 1: system_board_mm_interconnect_9_router_001_default_decode File: /sim/tarsio/aocl-channel-smoke-20261008-HSiyqm/aocl_channel_smoke/system/synthesis/submodules/system_board_mm_interconnect_9_router_001.sv Line: 45
    Info (12023): Found entity 2: system_board_mm_interconnect_9_router_001 File: /sim/tarsio/aocl-channel-smoke-20261008-HSiyqm/aocl_channel_smoke/system/synthesis/submodules/system_board_mm_interconnect_9_router_001.sv Line: 84
Info (12021): Found 2 design units, including 2 entities, in source file system/synthesis/submodules/system_board_mm_interconnect_9_router.sv
    Info (12023): Found entity 1: system_board_mm_interconnect_9_router_default_decode File: /sim/tarsio/aocl-channel-smoke-20261008-HSiyqm/aocl_channel_smoke/system/synthesis/submodules/system_board_mm_interconnect_9_router.sv Line: 45
    Info (12023): Found entity 2: system_board_mm_interconnect_9_router File: /sim/tarsio/aocl-channel-smoke-20261008-HSiyqm/aocl_channel_smoke/system/synthesis/submodules/system_board_mm_interconnect_9_router.sv Line: 84
Info (12021): Found 1 design units, including 1 entities, in source file system/synthesis/submodules/system_board_mm_interconnect_8.v
    Info (12023): Found entity 1: system_board_mm_interconnect_8 File: /sim/tarsio/aocl-channel-smoke-20261008-HSiyqm/aocl_channel_smoke/system/synthesis/submodules/system_board_mm_interconnect_8.v Line: 9
Info (12021): Found 1 design units, including 1 entities, in source file system/synthesis/submodules/system_board_mm_interconnect_6_avalon_st_adapter.v
    Info (12023): Found entity 1: system_board_mm_interconnect_6_avalon_st_adapter File: /sim/tarsio/aocl-channel-smoke-20261008-HSiyqm/aocl_channel_smoke/system/synthesis/submodules/system_board_mm_interconnect_6_avalon_st_adapter.v Line: 9
Info (12021): Found 1 design units, including 1 entities, in source file system/synthesis/submodules/system_board_mm_interconnect_6_avalon_st_adapter_error_adapter_0.sv
    Info (12023): Found entity 1: system_board_mm_interconnect_6_avalon_st_adapter_error_adapter_0 File: /sim/tarsio/aocl-channel-smoke-20261008-HSiyqm/aocl_channel_smoke/system/synthesis/submodules/system_board_mm_interconnect_6_avalon_st_adapter_error_adapter_0.sv Line: 66
Info (12021): Found 1 design units, including 1 entities, in source file system/synthesis/submodules/system_board_mm_interconnect_8_rsp_mux.sv
    Info (12023): Found entity 1: system_board_mm_interconnect_8_rsp_mux File: /sim/tarsio/aocl-channel-smoke-20261008-HSiyqm/aocl_channel_smoke/system/synthesis/submodules/system_board_mm_interconnect_8_rsp_mux.sv Line: 51
Info (12021): Found 1 design units, including 1 entities, in source file system/synthesis/submodules/system_board_mm_interconnect_8_cmd_mux.sv
    Info (12023): Found entity 1: system_board_mm_interconnect_8_cmd_mux File: /sim/tarsio/aocl-channel-smoke-20261008-HSiyqm/aocl_channel_smoke/system/synthesis/submodules/system_board_mm_interconnect_8_cmd_mux.sv Line: 51
Info (12021): Found 1 design units, including 1 entities, in source file system/synthesis/submodules/system_board_mm_interconnect_8_cmd_demux.sv
    Info (12023): Found entity 1: system_board_mm_interconnect_8_cmd_demux File: /sim/tarsio/aocl-channel-smoke-20261008-HSiyqm/aocl_channel_smoke/system/synthesis/submodules/system_board_mm_interconnect_8_cmd_demux.sv Line: 43
Info (12021): Found 2 design units, including 2 entities, in source file system/synthesis/submodules/system_board_mm_interconnect_8_router_001.sv
    Info (12023): Found entity 1: system_board_mm_interconnect_8_router_001_default_decode File: /sim/tarsio/aocl-channel-smoke-20261008-HSiyqm/aocl_channel_smoke/system/synthesis/submodules/system_board_mm_interconnect_8_router_001.sv Line: 45
    Info (12023): Found entity 2: system_board_mm_interconnect_8_router_001 File: /sim/tarsio/aocl-channel-smoke-20261008-HSiyqm/aocl_channel_smoke/system/synthesis/submodules/system_board_mm_interconnect_8_router_001.sv Line: 84
Info (12021): Found 2 design units, including 2 entities, in source file system/synthesis/submodules/system_board_mm_interconnect_8_router.sv
    Info (12023): Found entity 1: system_board_mm_interconnect_8_router_default_decode File: /sim/tarsio/aocl-channel-smoke-20261008-HSiyqm/aocl_channel_smoke/system/synthesis/submodules/system_board_mm_interconnect_8_router.sv Line: 45
    Info (12023): Found entity 2: system_board_mm_interconnect_8_router File: /sim/tarsio/aocl-channel-smoke-20261008-HSiyqm/aocl_channel_smoke/system/synthesis/submodules/system_board_mm_interconnect_8_router.sv Line: 84
Info (12021): Found 1 design units, including 1 entities, in source file system/synthesis/submodules/system_board_mm_interconnect_7.v
    Info (12023): Found entity 1: system_board_mm_interconnect_7 File: /sim/tarsio/aocl-channel-smoke-20261008-HSiyqm/aocl_channel_smoke/system/synthesis/submodules/system_board_mm_interconnect_7.v Line: 9
Info (12021): Found 1 design units, including 1 entities, in source file system/synthesis/submodules/system_board_mm_interconnect_5_rsp_mux.sv
    Info (12023): Found entity 1: system_board_mm_interconnect_5_rsp_mux File: /sim/tarsio/aocl-channel-smoke-20261008-HSiyqm/aocl_channel_smoke/system/synthesis/submodules/system_board_mm_interconnect_5_rsp_mux.sv Line: 51
Info (12021): Found 1 design units, including 1 entities, in source file system/synthesis/submodules/system_board_mm_interconnect_5_rsp_demux.sv
    Info (12023): Found entity 1: system_board_mm_interconnect_5_rsp_demux File: /sim/tarsio/aocl-channel-smoke-20261008-HSiyqm/aocl_channel_smoke/system/synthesis/submodules/system_board_mm_interconnect_5_rsp_demux.sv Line: 43
Info (12021): Found 1 design units, including 1 entities, in source file system/synthesis/submodules/system_board_mm_interconnect_5_cmd_mux.sv
    Info (12023): Found entity 1: system_board_mm_interconnect_5_cmd_mux File: /sim/tarsio/aocl-channel-smoke-20261008-HSiyqm/aocl_channel_smoke/system/synthesis/submodules/system_board_mm_interconnect_5_cmd_mux.sv Line: 51
Info (12021): Found 1 design units, including 1 entities, in source file system/synthesis/submodules/system_board_mm_interconnect_5_cmd_demux.sv
    Info (12023): Found entity 1: system_board_mm_interconnect_5_cmd_demux File: /sim/tarsio/aocl-channel-smoke-20261008-HSiyqm/aocl_channel_smoke/system/synthesis/submodules/system_board_mm_interconnect_5_cmd_demux.sv Line: 43
Info (12021): Found 2 design units, including 2 entities, in source file system/synthesis/submodules/system_board_mm_interconnect_5_router_002.sv
    Info (12023): Found entity 1: system_board_mm_interconnect_5_router_002_default_decode File: /sim/tarsio/aocl-channel-smoke-20261008-HSiyqm/aocl_channel_smoke/system/synthesis/submodules/system_board_mm_interconnect_5_router_002.sv Line: 45
    Info (12023): Found entity 2: system_board_mm_interconnect_5_router_002 File: /sim/tarsio/aocl-channel-smoke-20261008-HSiyqm/aocl_channel_smoke/system/synthesis/submodules/system_board_mm_interconnect_5_router_002.sv Line: 84
Info (12021): Found 2 design units, including 2 entities, in source file system/synthesis/submodules/system_board_mm_interconnect_5_router.sv
    Info (12023): Found entity 1: system_board_mm_interconnect_5_router_default_decode File: /sim/tarsio/aocl-channel-smoke-20261008-HSiyqm/aocl_channel_smoke/system/synthesis/submodules/system_board_mm_interconnect_5_router.sv Line: 45
    Info (12023): Found entity 2: system_board_mm_interconnect_5_router File: /sim/tarsio/aocl-channel-smoke-20261008-HSiyqm/aocl_channel_smoke/system/synthesis/submodules/system_board_mm_interconnect_5_router.sv Line: 84
Info (12021): Found 1 design units, including 1 entities, in source file system/synthesis/submodules/system_board_mm_interconnect_6.v
    Info (12023): Found entity 1: system_board_mm_interconnect_6 File: /sim/tarsio/aocl-channel-smoke-20261008-HSiyqm/aocl_channel_smoke/system/synthesis/submodules/system_board_mm_interconnect_6.v Line: 9
Info (12021): Found 1 design units, including 1 entities, in source file system/synthesis/submodules/system_board_mm_interconnect_6_rsp_mux.sv
    Info (12023): Found entity 1: system_board_mm_interconnect_6_rsp_mux File: /sim/tarsio/aocl-channel-smoke-20261008-HSiyqm/aocl_channel_smoke/system/synthesis/submodules/system_board_mm_interconnect_6_rsp_mux.sv Line: 51
Info (12021): Found 1 design units, including 1 entities, in source file system/synthesis/submodules/system_board_mm_interconnect_6_cmd_mux.sv
    Info (12023): Found entity 1: system_board_mm_interconnect_6_cmd_mux File: /sim/tarsio/aocl-channel-smoke-20261008-HSiyqm/aocl_channel_smoke/system/synthesis/submodules/system_board_mm_interconnect_6_cmd_mux.sv Line: 51
Info (12021): Found 1 design units, including 1 entities, in source file system/synthesis/submodules/system_board_mm_interconnect_6_cmd_demux.sv
    Info (12023): Found entity 1: system_board_mm_interconnect_6_cmd_demux File: /sim/tarsio/aocl-channel-smoke-20261008-HSiyqm/aocl_channel_smoke/system/synthesis/submodules/system_board_mm_interconnect_6_cmd_demux.sv Line: 43
Info (12021): Found 2 design units, including 2 entities, in source file system/synthesis/submodules/system_board_mm_interconnect_6_router_001.sv
    Info (12023): Found entity 1: system_board_mm_interconnect_6_router_001_default_decode File: /sim/tarsio/aocl-channel-smoke-20261008-HSiyqm/aocl_channel_smoke/system/synthesis/submodules/system_board_mm_interconnect_6_router_001.sv Line: 45
    Info (12023): Found entity 2: system_board_mm_interconnect_6_router_001 File: /sim/tarsio/aocl-channel-smoke-20261008-HSiyqm/aocl_channel_smoke/system/synthesis/submodules/system_board_mm_interconnect_6_router_001.sv Line: 84
Info (12021): Found 2 design units, including 2 entities, in source file system/synthesis/submodules/system_board_mm_interconnect_6_router.sv
    Info (12023): Found entity 1: system_board_mm_interconnect_6_router_default_decode File: /sim/tarsio/aocl-channel-smoke-20261008-HSiyqm/aocl_channel_smoke/system/synthesis/submodules/system_board_mm_interconnect_6_router.sv Line: 45
    Info (12023): Found entity 2: system_board_mm_interconnect_6_router File: /sim/tarsio/aocl-channel-smoke-20261008-HSiyqm/aocl_channel_smoke/system/synthesis/submodules/system_board_mm_interconnect_6_router.sv Line: 84
Info (12021): Found 1 design units, including 1 entities, in source file system/synthesis/submodules/system_board_mm_interconnect_5.v
    Info (12023): Found entity 1: system_board_mm_interconnect_5 File: /sim/tarsio/aocl-channel-smoke-20261008-HSiyqm/aocl_channel_smoke/system/synthesis/submodules/system_board_mm_interconnect_5.v Line: 9
Info (12021): Found 1 design units, including 1 entities, in source file system/synthesis/submodules/system_board_mm_interconnect_4.v
    Info (12023): Found entity 1: system_board_mm_interconnect_4 File: /sim/tarsio/aocl-channel-smoke-20261008-HSiyqm/aocl_channel_smoke/system/synthesis/submodules/system_board_mm_interconnect_4.v Line: 9
Info (12021): Found 1 design units, including 1 entities, in source file system/synthesis/submodules/system_board_mm_interconnect_2_avalon_st_adapter.v
    Info (12023): Found entity 1: system_board_mm_interconnect_2_avalon_st_adapter File: /sim/tarsio/aocl-channel-smoke-20261008-HSiyqm/aocl_channel_smoke/system/synthesis/submodules/system_board_mm_interconnect_2_avalon_st_adapter.v Line: 9
Info (12021): Found 1 design units, including 1 entities, in source file system/synthesis/submodules/system_board_mm_interconnect_2_avalon_st_adapter_error_adapter_0.sv
    Info (12023): Found entity 1: system_board_mm_interconnect_2_avalon_st_adapter_error_adapter_0 File: /sim/tarsio/aocl-channel-smoke-20261008-HSiyqm/aocl_channel_smoke/system/synthesis/submodules/system_board_mm_interconnect_2_avalon_st_adapter_error_adapter_0.sv Line: 66
Info (12021): Found 1 design units, including 1 entities, in source file system/synthesis/submodules/system_board_mm_interconnect_4_rsp_mux.sv
    Info (12023): Found entity 1: system_board_mm_interconnect_4_rsp_mux File: /sim/tarsio/aocl-channel-smoke-20261008-HSiyqm/aocl_channel_smoke/system/synthesis/submodules/system_board_mm_interconnect_4_rsp_mux.sv Line: 51
Info (12021): Found 1 design units, including 1 entities, in source file system/synthesis/submodules/system_board_mm_interconnect_4_cmd_mux.sv
    Info (12023): Found entity 1: system_board_mm_interconnect_4_cmd_mux File: /sim/tarsio/aocl-channel-smoke-20261008-HSiyqm/aocl_channel_smoke/system/synthesis/submodules/system_board_mm_interconnect_4_cmd_mux.sv Line: 51
Info (12021): Found 1 design units, including 1 entities, in source file system/synthesis/submodules/system_board_mm_interconnect_4_cmd_demux.sv
    Info (12023): Found entity 1: system_board_mm_interconnect_4_cmd_demux File: /sim/tarsio/aocl-channel-smoke-20261008-HSiyqm/aocl_channel_smoke/system/synthesis/submodules/system_board_mm_interconnect_4_cmd_demux.sv Line: 43
Info (12021): Found 2 design units, including 2 entities, in source file system/synthesis/submodules/system_board_mm_interconnect_4_router_001.sv
    Info (12023): Found entity 1: system_board_mm_interconnect_4_router_001_default_decode File: /sim/tarsio/aocl-channel-smoke-20261008-HSiyqm/aocl_channel_smoke/system/synthesis/submodules/system_board_mm_interconnect_4_router_001.sv Line: 45
    Info (12023): Found entity 2: system_board_mm_interconnect_4_router_001 File: /sim/tarsio/aocl-channel-smoke-20261008-HSiyqm/aocl_channel_smoke/system/synthesis/submodules/system_board_mm_interconnect_4_router_001.sv Line: 84
Info (12021): Found 2 design units, including 2 entities, in source file system/synthesis/submodules/system_board_mm_interconnect_4_router.sv
    Info (12023): Found entity 1: system_board_mm_interconnect_4_router_default_decode File: /sim/tarsio/aocl-channel-smoke-20261008-HSiyqm/aocl_channel_smoke/system/synthesis/submodules/system_board_mm_interconnect_4_router.sv Line: 45
    Info (12023): Found entity 2: system_board_mm_interconnect_4_router File: /sim/tarsio/aocl-channel-smoke-20261008-HSiyqm/aocl_channel_smoke/system/synthesis/submodules/system_board_mm_interconnect_4_router.sv Line: 84
Info (12021): Found 1 design units, including 1 entities, in source file system/synthesis/submodules/system_board_mm_interconnect_3.v
    Info (12023): Found entity 1: system_board_mm_interconnect_3 File: /sim/tarsio/aocl-channel-smoke-20261008-HSiyqm/aocl_channel_smoke/system/synthesis/submodules/system_board_mm_interconnect_3.v Line: 9
Info (12021): Found 1 design units, including 1 entities, in source file system/synthesis/submodules/system_board_mm_interconnect_3_rsp_mux.sv
    Info (12023): Found entity 1: system_board_mm_interconnect_3_rsp_mux File: /sim/tarsio/aocl-channel-smoke-20261008-HSiyqm/aocl_channel_smoke/system/synthesis/submodules/system_board_mm_interconnect_3_rsp_mux.sv Line: 51
Info (12021): Found 1 design units, including 1 entities, in source file system/synthesis/submodules/system_board_mm_interconnect_3_rsp_demux.sv
    Info (12023): Found entity 1: system_board_mm_interconnect_3_rsp_demux File: /sim/tarsio/aocl-channel-smoke-20261008-HSiyqm/aocl_channel_smoke/system/synthesis/submodules/system_board_mm_interconnect_3_rsp_demux.sv Line: 43
Info (12021): Found 1 design units, including 1 entities, in source file system/synthesis/submodules/system_board_mm_interconnect_3_cmd_mux.sv
    Info (12023): Found entity 1: system_board_mm_interconnect_3_cmd_mux File: /sim/tarsio/aocl-channel-smoke-20261008-HSiyqm/aocl_channel_smoke/system/synthesis/submodules/system_board_mm_interconnect_3_cmd_mux.sv Line: 51
Info (12021): Found 1 design units, including 1 entities, in source file system/synthesis/submodules/system_board_mm_interconnect_3_cmd_demux.sv
    Info (12023): Found entity 1: system_board_mm_interconnect_3_cmd_demux File: /sim/tarsio/aocl-channel-smoke-20261008-HSiyqm/aocl_channel_smoke/system/synthesis/submodules/system_board_mm_interconnect_3_cmd_demux.sv Line: 43
Info (12021): Found 1 design units, including 1 entities, in source file system/synthesis/submodules/altera_merlin_traffic_limiter.sv
    Info (12023): Found entity 1: altera_merlin_traffic_limiter File: /sim/tarsio/aocl-channel-smoke-20261008-HSiyqm/aocl_channel_smoke/system/synthesis/submodules/altera_merlin_traffic_limiter.sv Line: 49
Info (12021): Found 2 design units, including 2 entities, in source file system/synthesis/submodules/altera_merlin_reorder_memory.sv
    Info (12023): Found entity 1: altera_merlin_reorder_memory File: /sim/tarsio/aocl-channel-smoke-20261008-HSiyqm/aocl_channel_smoke/system/synthesis/submodules/altera_merlin_reorder_memory.sv Line: 28
    Info (12023): Found entity 2: memory_pointer_controller File: /sim/tarsio/aocl-channel-smoke-20261008-HSiyqm/aocl_channel_smoke/system/synthesis/submodules/altera_merlin_reorder_memory.sv Line: 185
Info (12021): Found 2 design units, including 2 entities, in source file system/synthesis/submodules/system_board_mm_interconnect_3_router_001.sv
    Info (12023): Found entity 1: system_board_mm_interconnect_3_router_001_default_decode File: /sim/tarsio/aocl-channel-smoke-20261008-HSiyqm/aocl_channel_smoke/system/synthesis/submodules/system_board_mm_interconnect_3_router_001.sv Line: 45
    Info (12023): Found entity 2: system_board_mm_interconnect_3_router_001 File: /sim/tarsio/aocl-channel-smoke-20261008-HSiyqm/aocl_channel_smoke/system/synthesis/submodules/system_board_mm_interconnect_3_router_001.sv Line: 84
Info (12021): Found 2 design units, including 2 entities, in source file system/synthesis/submodules/system_board_mm_interconnect_3_router.sv
    Info (12023): Found entity 1: system_board_mm_interconnect_3_router_default_decode File: /sim/tarsio/aocl-channel-smoke-20261008-HSiyqm/aocl_channel_smoke/system/synthesis/submodules/system_board_mm_interconnect_3_router.sv Line: 45
    Info (12023): Found entity 2: system_board_mm_interconnect_3_router File: /sim/tarsio/aocl-channel-smoke-20261008-HSiyqm/aocl_channel_smoke/system/synthesis/submodules/system_board_mm_interconnect_3_router.sv Line: 84
Info (12021): Found 1 design units, including 1 entities, in source file system/synthesis/submodules/system_board_mm_interconnect_2.v
    Info (12023): Found entity 1: system_board_mm_interconnect_2 File: /sim/tarsio/aocl-channel-smoke-20261008-HSiyqm/aocl_channel_smoke/system/synthesis/submodules/system_board_mm_interconnect_2.v Line: 9
Info (12021): Found 1 design units, including 1 entities, in source file system/synthesis/submodules/altera_avalon_st_handshake_clock_crosser.v
    Info (12023): Found entity 1: altera_avalon_st_handshake_clock_crosser File: /sim/tarsio/aocl-channel-smoke-20261008-HSiyqm/aocl_channel_smoke/system/synthesis/submodules/altera_avalon_st_handshake_clock_crosser.v Line: 24
Info (12021): Found 1 design units, including 1 entities, in source file system/synthesis/submodules/altera_avalon_st_clock_crosser.v
    Info (12023): Found entity 1: altera_avalon_st_clock_crosser File: /sim/tarsio/aocl-channel-smoke-20261008-HSiyqm/aocl_channel_smoke/system/synthesis/submodules/altera_avalon_st_clock_crosser.v Line: 22
Info (12021): Found 1 design units, including 1 entities, in source file system/synthesis/submodules/altera_std_synchronizer_nocut.v
    Info (12023): Found entity 1: altera_std_synchronizer_nocut File: /sim/tarsio/aocl-channel-smoke-20261008-HSiyqm/aocl_channel_smoke/system/synthesis/submodules/altera_std_synchronizer_nocut.v Line: 44
Info (12021): Found 1 design units, including 1 entities, in source file system/synthesis/submodules/system_board_mm_interconnect_2_rsp_mux.sv
    Info (12023): Found entity 1: system_board_mm_interconnect_2_rsp_mux File: /sim/tarsio/aocl-channel-smoke-20261008-HSiyqm/aocl_channel_smoke/system/synthesis/submodules/system_board_mm_interconnect_2_rsp_mux.sv Line: 51
Info (12021): Found 1 design units, including 1 entities, in source file system/synthesis/submodules/system_board_mm_interconnect_2_rsp_demux_002.sv
    Info (12023): Found entity 1: system_board_mm_interconnect_2_rsp_demux_002 File: /sim/tarsio/aocl-channel-smoke-20261008-HSiyqm/aocl_channel_smoke/system/synthesis/submodules/system_board_mm_interconnect_2_rsp_demux_002.sv Line: 43
Info (12021): Found 1 design units, including 1 entities, in source file system/synthesis/submodules/system_board_mm_interconnect_2_rsp_demux_001.sv
    Info (12023): Found entity 1: system_board_mm_interconnect_2_rsp_demux_001 File: /sim/tarsio/aocl-channel-smoke-20261008-HSiyqm/aocl_channel_smoke/system/synthesis/submodules/system_board_mm_interconnect_2_rsp_demux_001.sv Line: 43
Info (12021): Found 1 design units, including 1 entities, in source file system/synthesis/submodules/system_board_mm_interconnect_2_rsp_demux.sv
    Info (12023): Found entity 1: system_board_mm_interconnect_2_rsp_demux File: /sim/tarsio/aocl-channel-smoke-20261008-HSiyqm/aocl_channel_smoke/system/synthesis/submodules/system_board_mm_interconnect_2_rsp_demux.sv Line: 43
Info (12021): Found 1 design units, including 1 entities, in source file system/synthesis/submodules/system_board_mm_interconnect_2_cmd_mux.sv
    Info (12023): Found entity 1: system_board_mm_interconnect_2_cmd_mux File: /sim/tarsio/aocl-channel-smoke-20261008-HSiyqm/aocl_channel_smoke/system/synthesis/submodules/system_board_mm_interconnect_2_cmd_mux.sv Line: 51
Info (12021): Found 1 design units, including 1 entities, in source file system/synthesis/submodules/system_board_mm_interconnect_2_cmd_demux.sv
    Info (12023): Found entity 1: system_board_mm_interconnect_2_cmd_demux File: /sim/tarsio/aocl-channel-smoke-20261008-HSiyqm/aocl_channel_smoke/system/synthesis/submodules/system_board_mm_interconnect_2_cmd_demux.sv Line: 43
Info (12021): Found 2 design units, including 2 entities, in source file system/synthesis/submodules/system_board_mm_interconnect_2_router_001.sv
    Info (12023): Found entity 1: system_board_mm_interconnect_2_router_001_default_decode File: /sim/tarsio/aocl-channel-smoke-20261008-HSiyqm/aocl_channel_smoke/system/synthesis/submodules/system_board_mm_interconnect_2_router_001.sv Line: 45
    Info (12023): Found entity 2: system_board_mm_interconnect_2_router_001 File: /sim/tarsio/aocl-channel-smoke-20261008-HSiyqm/aocl_channel_smoke/system/synthesis/submodules/system_board_mm_interconnect_2_router_001.sv Line: 84
Info (12021): Found 2 design units, including 2 entities, in source file system/synthesis/submodules/system_board_mm_interconnect_2_router.sv
    Info (12023): Found entity 1: system_board_mm_interconnect_2_router_default_decode File: /sim/tarsio/aocl-channel-smoke-20261008-HSiyqm/aocl_channel_smoke/system/synthesis/submodules/system_board_mm_interconnect_2_router.sv Line: 45
    Info (12023): Found entity 2: system_board_mm_interconnect_2_router File: /sim/tarsio/aocl-channel-smoke-20261008-HSiyqm/aocl_channel_smoke/system/synthesis/submodules/system_board_mm_interconnect_2_router.sv Line: 84
Info (12021): Found 1 design units, including 1 entities, in source file system/synthesis/submodules/system_board_mm_interconnect_1.v
    Info (12023): Found entity 1: system_board_mm_interconnect_1 File: /sim/tarsio/aocl-channel-smoke-20261008-HSiyqm/aocl_channel_smoke/system/synthesis/submodules/system_board_mm_interconnect_1.v Line: 9
Info (12021): Found 1 design units, including 1 entities, in source file system/synthesis/submodules/system_board_mm_interconnect_0.v
    Info (12023): Found entity 1: system_board_mm_interconnect_0 File: /sim/tarsio/aocl-channel-smoke-20261008-HSiyqm/aocl_channel_smoke/system/synthesis/submodules/system_board_mm_interconnect_0.v Line: 9
Info (12021): Found 2 design units, including 1 entities, in source file system/synthesis/submodules/cpld_bridge_top.vhd
    Info (12022): Found design unit 1: CPLDHostTop-CPLDHostTop_BEH File: /sim/tarsio/aocl-channel-smoke-20261008-HSiyqm/aocl_channel_smoke/system/synthesis/submodules/cpld_bridge_top.vhd Line: 94
    Info (12023): Found entity 1: CPLDHostTop File: /sim/tarsio/aocl-channel-smoke-20261008-HSiyqm/aocl_channel_smoke/system/synthesis/submodules/cpld_bridge_top.vhd Line: 39
Info (12021): Found 140 design units, including 41 entities, in source file system/synthesis/submodules/cpld_bridge.vhd
    Info (12022): Found design unit 1: BoardInfoPkg (system) File: /sim/tarsio/aocl-channel-smoke-20261008-HSiyqm/aocl_channel_smoke/system/synthesis/submodules/cpld_bridge.vhd Line: 47
    Info (12022): Found design unit 2: BoardInfoPkg-body File: /sim/tarsio/aocl-channel-smoke-20261008-HSiyqm/aocl_channel_smoke/system/synthesis/submodules/cpld_bridge.vhd Line: 307
    Info (12022): Found design unit 3: ComponentPkg (system) File: /sim/tarsio/aocl-channel-smoke-20261008-HSiyqm/aocl_channel_smoke/system/synthesis/submodules/cpld_bridge.vhd Line: 483
    Info (12022): Found design unit 4: ComponentPkg-body File: /sim/tarsio/aocl-channel-smoke-20261008-HSiyqm/aocl_channel_smoke/system/synthesis/submodules/cpld_bridge.vhd Line: 561
    Info (12022): Found design unit 5: AvalonPkg (system) File: /sim/tarsio/aocl-channel-smoke-20261008-HSiyqm/aocl_channel_smoke/system/synthesis/submodules/cpld_bridge.vhd Line: 626
    Info (12022): Found design unit 6: AvalonPkg-body File: /sim/tarsio/aocl-channel-smoke-20261008-HSiyqm/aocl_channel_smoke/system/synthesis/submodules/cpld_bridge.vhd Line: 1799
    Info (12022): Found design unit 7: RegisterPkg (system) File: /sim/tarsio/aocl-channel-smoke-20261008-HSiyqm/aocl_channel_smoke/system/synthesis/submodules/cpld_bridge.vhd Line: 4259
    Info (12022): Found design unit 8: RegisterPkg-body File: /sim/tarsio/aocl-channel-smoke-20261008-HSiyqm/aocl_channel_smoke/system/synthesis/submodules/cpld_bridge.vhd Line: 5441
    Info (12022): Found design unit 9: MiscPkg (system) File: /sim/tarsio/aocl-channel-smoke-20261008-HSiyqm/aocl_channel_smoke/system/synthesis/submodules/cpld_bridge.vhd Line: 6224
    Info (12022): Found design unit 10: MiscPkg-body File: /sim/tarsio/aocl-channel-smoke-20261008-HSiyqm/aocl_channel_smoke/system/synthesis/submodules/cpld_bridge.vhd Line: 6326
    Info (12022): Found design unit 11: FIFOPkg (system) File: /sim/tarsio/aocl-channel-smoke-20261008-HSiyqm/aocl_channel_smoke/system/synthesis/submodules/cpld_bridge.vhd Line: 6378
    Info (12022): Found design unit 12: FIFOPkg-body File: /sim/tarsio/aocl-channel-smoke-20261008-HSiyqm/aocl_channel_smoke/system/synthesis/submodules/cpld_bridge.vhd Line: 6835
    Info (12022): Found design unit 13: MemoryMappedPkg (system) File: /sim/tarsio/aocl-channel-smoke-20261008-HSiyqm/aocl_channel_smoke/system/synthesis/submodules/cpld_bridge.vhd Line: 7121
    Info (12022): Found design unit 14: MemoryMappedPkg-body File: /sim/tarsio/aocl-channel-smoke-20261008-HSiyqm/aocl_channel_smoke/system/synthesis/submodules/cpld_bridge.vhd Line: 7740
    Info (12022): Found design unit 15: MultiMasterDecoder-MultiMasterDecoder_BEH File: /sim/tarsio/aocl-channel-smoke-20261008-HSiyqm/aocl_channel_smoke/system/synthesis/submodules/cpld_bridge.vhd Line: 8140
    Info (12022): Found design unit 16: StreamingPkg (system) File: /sim/tarsio/aocl-channel-smoke-20261008-HSiyqm/aocl_channel_smoke/system/synthesis/submodules/cpld_bridge.vhd Line: 8407
    Info (12022): Found design unit 17: StreamingPkg-body File: /sim/tarsio/aocl-channel-smoke-20261008-HSiyqm/aocl_channel_smoke/system/synthesis/submodules/cpld_bridge.vhd Line: 8986
    Info (12022): Found design unit 18: AdapterPkg (system) File: /sim/tarsio/aocl-channel-smoke-20261008-HSiyqm/aocl_channel_smoke/system/synthesis/submodules/cpld_bridge.vhd Line: 9384
    Info (12022): Found design unit 19: AdapterPkg-body File: /sim/tarsio/aocl-channel-smoke-20261008-HSiyqm/aocl_channel_smoke/system/synthesis/submodules/cpld_bridge.vhd Line: 9633
    Info (12022): Found design unit 20: ConchProtocolPkg (system) File: /sim/tarsio/aocl-channel-smoke-20261008-HSiyqm/aocl_channel_smoke/system/synthesis/submodules/cpld_bridge.vhd Line: 9735
    Info (12022): Found design unit 21: ConchProtocolPkg-body File: /sim/tarsio/aocl-channel-smoke-20261008-HSiyqm/aocl_channel_smoke/system/synthesis/submodules/cpld_bridge.vhd Line: 9927
    Info (12022): Found design unit 22: CPLDHostInterfacePkg (system) File: /sim/tarsio/aocl-channel-smoke-20261008-HSiyqm/aocl_channel_smoke/system/synthesis/submodules/cpld_bridge.vhd Line: 10114
    Info (12022): Found design unit 23: CPLDHostInterfacePkg-body File: /sim/tarsio/aocl-channel-smoke-20261008-HSiyqm/aocl_channel_smoke/system/synthesis/submodules/cpld_bridge.vhd Line: 10182
    Info (12022): Found design unit 24: CPLDHostPkg (system) File: /sim/tarsio/aocl-channel-smoke-20261008-HSiyqm/aocl_channel_smoke/system/synthesis/submodules/cpld_bridge.vhd Line: 10261
    Info (12022): Found design unit 25: CPLDHostPkg-body File: /sim/tarsio/aocl-channel-smoke-20261008-HSiyqm/aocl_channel_smoke/system/synthesis/submodules/cpld_bridge.vhd Line: 10524
    Info (12022): Found design unit 26: SerDesInterfacePkg (system) File: /sim/tarsio/aocl-channel-smoke-20261008-HSiyqm/aocl_channel_smoke/system/synthesis/submodules/cpld_bridge.vhd Line: 10589
    Info (12022): Found design unit 27: SerDesInterfacePkg-body File: /sim/tarsio/aocl-channel-smoke-20261008-HSiyqm/aocl_channel_smoke/system/synthesis/submodules/cpld_bridge.vhd Line: 10629
    Info (12022): Found design unit 28: BoardLevelInterfacePkg (system) File: /sim/tarsio/aocl-channel-smoke-20261008-HSiyqm/aocl_channel_smoke/system/synthesis/submodules/cpld_bridge.vhd Line: 10738
    Info (12022): Found design unit 29: BoardLevelInterfacePkg-body File: /sim/tarsio/aocl-channel-smoke-20261008-HSiyqm/aocl_channel_smoke/system/synthesis/submodules/cpld_bridge.vhd Line: 11063
    Info (12022): Found design unit 30: BoardLevelPkg (system) File: /sim/tarsio/aocl-channel-smoke-20261008-HSiyqm/aocl_channel_smoke/system/synthesis/submodules/cpld_bridge.vhd Line: 12210
    Info (12022): Found design unit 31: BoardLevelPkg-body File: /sim/tarsio/aocl-channel-smoke-20261008-HSiyqm/aocl_channel_smoke/system/synthesis/submodules/cpld_bridge.vhd Line: 12218
    Info (12022): Found design unit 32: BoardLevelUtilityPkg (system) File: /sim/tarsio/aocl-channel-smoke-20261008-HSiyqm/aocl_channel_smoke/system/synthesis/submodules/cpld_bridge.vhd Line: 12266
    Info (12022): Found design unit 33: BoardLevelUtilityPkg-body File: /sim/tarsio/aocl-channel-smoke-20261008-HSiyqm/aocl_channel_smoke/system/synthesis/submodules/cpld_bridge.vhd Line: 12448
    Info (12022): Found design unit 34: ProjectConfigPkg (system) File: /sim/tarsio/aocl-channel-smoke-20261008-HSiyqm/aocl_channel_smoke/system/synthesis/submodules/cpld_bridge.vhd Line: 12898
    Info (12022): Found design unit 35: ProjectConfigPkg-body File: /sim/tarsio/aocl-channel-smoke-20261008-HSiyqm/aocl_channel_smoke/system/synthesis/submodules/cpld_bridge.vhd Line: 12932
    Info (12022): Found design unit 36: AnemoneInterfacePkg (system) File: /sim/tarsio/aocl-channel-smoke-20261008-HSiyqm/aocl_channel_smoke/system/synthesis/submodules/cpld_bridge.vhd Line: 12978
    Info (12022): Found design unit 37: AnemoneInterfacePkg-body File: /sim/tarsio/aocl-channel-smoke-20261008-HSiyqm/aocl_channel_smoke/system/synthesis/submodules/cpld_bridge.vhd Line: 13080
    Info (12022): Found design unit 38: Arbiter-Arbiter_BEH File: /sim/tarsio/aocl-channel-smoke-20261008-HSiyqm/aocl_channel_smoke/system/synthesis/submodules/cpld_bridge.vhd Line: 13297
    Info (12022): Found design unit 39: ArbiterPkg (system) File: /sim/tarsio/aocl-channel-smoke-20261008-HSiyqm/aocl_channel_smoke/system/synthesis/submodules/cpld_bridge.vhd Line: 14562
    Info (12022): Found design unit 40: ArbiterPkg-body File: /sim/tarsio/aocl-channel-smoke-20261008-HSiyqm/aocl_channel_smoke/system/synthesis/submodules/cpld_bridge.vhd Line: 14734
    Info (12022): Found design unit 41: AtlanticPkg (system) File: /sim/tarsio/aocl-channel-smoke-20261008-HSiyqm/aocl_channel_smoke/system/synthesis/submodules/cpld_bridge.vhd Line: 14827
    Info (12022): Found design unit 42: AtlanticPkg-body File: /sim/tarsio/aocl-channel-smoke-20261008-HSiyqm/aocl_channel_smoke/system/synthesis/submodules/cpld_bridge.vhd Line: 14906
    Info (12022): Found design unit 43: BitArbiter-BitArbiter_BEH File: /sim/tarsio/aocl-channel-smoke-20261008-HSiyqm/aocl_channel_smoke/system/synthesis/submodules/cpld_bridge.vhd Line: 15013
    Info (12022): Found design unit 44: BoardLevelEntityPkg (system) File: /sim/tarsio/aocl-channel-smoke-20261008-HSiyqm/aocl_channel_smoke/system/synthesis/submodules/cpld_bridge.vhd Line: 15219
    Info (12022): Found design unit 45: BoardLevelEntityPkg-body File: /sim/tarsio/aocl-channel-smoke-20261008-HSiyqm/aocl_channel_smoke/system/synthesis/submodules/cpld_bridge.vhd Line: 15254
    Info (12022): Found design unit 46: BoardLevelInterfaceConfigPkg (system) File: /sim/tarsio/aocl-channel-smoke-20261008-HSiyqm/aocl_channel_smoke/system/synthesis/submodules/cpld_bridge.vhd Line: 15297
    Info (12022): Found design unit 47: CPLDHost-CPLDHost_BEH File: /sim/tarsio/aocl-channel-smoke-20261008-HSiyqm/aocl_channel_smoke/system/synthesis/submodules/cpld_bridge.vhd Line: 15475
    Info (12022): Found design unit 48: CPLDHostCore-CPLDHostCore_BEH File: /sim/tarsio/aocl-channel-smoke-20261008-HSiyqm/aocl_channel_smoke/system/synthesis/submodules/cpld_bridge.vhd Line: 16038
    Info (12022): Found design unit 49: ConchProtocolToMaster-ConchProtocolToMaster_BEH File: /sim/tarsio/aocl-channel-smoke-20261008-HSiyqm/aocl_channel_smoke/system/synthesis/submodules/cpld_bridge.vhd Line: 16703
    Info (12022): Found design unit 50: DDR3InterfacePkg (system) File: /sim/tarsio/aocl-channel-smoke-20261008-HSiyqm/aocl_channel_smoke/system/synthesis/submodules/cpld_bridge.vhd Line: 17386
    Info (12022): Found design unit 51: DDR3InterfacePkg-body File: /sim/tarsio/aocl-channel-smoke-20261008-HSiyqm/aocl_channel_smoke/system/synthesis/submodules/cpld_bridge.vhd Line: 17550
    Info (12022): Found design unit 52: FIFO-FIFO_BEH File: /sim/tarsio/aocl-channel-smoke-20261008-HSiyqm/aocl_channel_smoke/system/synthesis/submodules/cpld_bridge.vhd Line: 18043
    Info (12022): Found design unit 53: FractionalPLL-FractionalPLL_BEH File: /sim/tarsio/aocl-channel-smoke-20261008-HSiyqm/aocl_channel_smoke/system/synthesis/submodules/cpld_bridge.vhd Line: 19913
    Info (12022): Found design unit 54: IRQDecoder-IRQDecoder_BEH File: /sim/tarsio/aocl-channel-smoke-20261008-HSiyqm/aocl_channel_smoke/system/synthesis/submodules/cpld_bridge.vhd Line: 20403
    Info (12022): Found design unit 55: IRQPkg (system) File: /sim/tarsio/aocl-channel-smoke-20261008-HSiyqm/aocl_channel_smoke/system/synthesis/submodules/cpld_bridge.vhd Line: 20563
    Info (12022): Found design unit 56: IRQPkg-body File: /sim/tarsio/aocl-channel-smoke-20261008-HSiyqm/aocl_channel_smoke/system/synthesis/submodules/cpld_bridge.vhd Line: 20633
    Info (12022): Found design unit 57: MasterBuffer-MasterBuffer_BEH File: /sim/tarsio/aocl-channel-smoke-20261008-HSiyqm/aocl_channel_smoke/system/synthesis/submodules/cpld_bridge.vhd Line: 20791
    Info (12022): Found design unit 58: MasterDecoder-MasterDecoder_BEH File: /sim/tarsio/aocl-channel-smoke-20261008-HSiyqm/aocl_channel_smoke/system/synthesis/submodules/cpld_bridge.vhd Line: 20995
    Info (12022): Found design unit 59: MasterFIFO-MasterFIFO_BEH File: /sim/tarsio/aocl-channel-smoke-20261008-HSiyqm/aocl_channel_smoke/system/synthesis/submodules/cpld_bridge.vhd Line: 21414
    Info (12022): Found design unit 60: MasterPipeline-MasterPipeline_BEH File: /sim/tarsio/aocl-channel-smoke-20261008-HSiyqm/aocl_channel_smoke/system/synthesis/submodules/cpld_bridge.vhd Line: 21591
    Info (12022): Found design unit 61: MasterReshape-MasterReshape_BEH File: /sim/tarsio/aocl-channel-smoke-20261008-HSiyqm/aocl_channel_smoke/system/synthesis/submodules/cpld_bridge.vhd Line: 21760
    Info (12022): Found design unit 62: Memory-Memory_BEH File: /sim/tarsio/aocl-channel-smoke-20261008-HSiyqm/aocl_channel_smoke/system/synthesis/submodules/cpld_bridge.vhd Line: 22062
    Info (12022): Found design unit 63: MemoryPkg (system) File: /sim/tarsio/aocl-channel-smoke-20261008-HSiyqm/aocl_channel_smoke/system/synthesis/submodules/cpld_bridge.vhd Line: 22886
    Info (12022): Found design unit 64: MemoryPkg-body File: /sim/tarsio/aocl-channel-smoke-20261008-HSiyqm/aocl_channel_smoke/system/synthesis/submodules/cpld_bridge.vhd Line: 22967
    Info (12022): Found design unit 65: PLLPkg (system) File: /sim/tarsio/aocl-channel-smoke-20261008-HSiyqm/aocl_channel_smoke/system/synthesis/submodules/cpld_bridge.vhd Line: 23029
    Info (12022): Found design unit 66: PLLPkg-body File: /sim/tarsio/aocl-channel-smoke-20261008-HSiyqm/aocl_channel_smoke/system/synthesis/submodules/cpld_bridge.vhd Line: 23307
    Info (12022): Found design unit 67: PacketHeaderPkg (system) File: /sim/tarsio/aocl-channel-smoke-20261008-HSiyqm/aocl_channel_smoke/system/synthesis/submodules/cpld_bridge.vhd Line: 23681
    Info (12022): Found design unit 68: PacketHeaderPkg-body File: /sim/tarsio/aocl-channel-smoke-20261008-HSiyqm/aocl_channel_smoke/system/synthesis/submodules/cpld_bridge.vhd Line: 24067
    Info (12022): Found design unit 69: PatternGenerator-PatternGenerator_BEH File: /sim/tarsio/aocl-channel-smoke-20261008-HSiyqm/aocl_channel_smoke/system/synthesis/submodules/cpld_bridge.vhd Line: 24923
    Info (12022): Found design unit 70: Pipeline-Pipeline_BEH File: /sim/tarsio/aocl-channel-smoke-20261008-HSiyqm/aocl_channel_smoke/system/synthesis/submodules/cpld_bridge.vhd Line: 26176
    Info (12022): Found design unit 71: QDR2InterfacePkg (system) File: /sim/tarsio/aocl-channel-smoke-20261008-HSiyqm/aocl_channel_smoke/system/synthesis/submodules/cpld_bridge.vhd Line: 26512
    Info (12022): Found design unit 72: QDR2InterfacePkg-body File: /sim/tarsio/aocl-channel-smoke-20261008-HSiyqm/aocl_channel_smoke/system/synthesis/submodules/cpld_bridge.vhd Line: 26645
    Info (12022): Found design unit 73: RegisterBank-RegisterBank_BEH File: /sim/tarsio/aocl-channel-smoke-20261008-HSiyqm/aocl_channel_smoke/system/synthesis/submodules/cpld_bridge.vhd Line: 26949
    Info (12022): Found design unit 74: Reshape-Reshape_BEH File: /sim/tarsio/aocl-channel-smoke-20261008-HSiyqm/aocl_channel_smoke/system/synthesis/submodules/cpld_bridge.vhd Line: 28106
    Info (12022): Found design unit 75: SequenceGenerator-SequenceGenerator_BEH File: /sim/tarsio/aocl-channel-smoke-20261008-HSiyqm/aocl_channel_smoke/system/synthesis/submodules/cpld_bridge.vhd Line: 28704
    Info (12022): Found design unit 76: SinkCompare-SinkCompare_BEH File: /sim/tarsio/aocl-channel-smoke-20261008-HSiyqm/aocl_channel_smoke/system/synthesis/submodules/cpld_bridge.vhd Line: 29721
    Info (12022): Found design unit 77: SlaveBuffer-SlaveBuffer_BEH File: /sim/tarsio/aocl-channel-smoke-20261008-HSiyqm/aocl_channel_smoke/system/synthesis/submodules/cpld_bridge.vhd Line: 30707
    Info (12022): Found design unit 78: SlaveBurstAdapter-SlaveBurstAdapter_BEH File: /sim/tarsio/aocl-channel-smoke-20261008-HSiyqm/aocl_channel_smoke/system/synthesis/submodules/cpld_bridge.vhd Line: 31016
    Info (12022): Found design unit 79: SlaveDecoder-SlaveDecoder_BEH File: /sim/tarsio/aocl-channel-smoke-20261008-HSiyqm/aocl_channel_smoke/system/synthesis/submodules/cpld_bridge.vhd Line: 31645
    Info (12022): Found design unit 80: SlaveFIFO-SlaveFIFO_BEH File: /sim/tarsio/aocl-channel-smoke-20261008-HSiyqm/aocl_channel_smoke/system/synthesis/submodules/cpld_bridge.vhd Line: 31983
    Info (12022): Found design unit 81: SlavePipeline-SlavePipeline_BEH File: /sim/tarsio/aocl-channel-smoke-20261008-HSiyqm/aocl_channel_smoke/system/synthesis/submodules/cpld_bridge.vhd Line: 32481
    Info (12022): Found design unit 82: SlaveReshape-SlaveReshape_BEH File: /sim/tarsio/aocl-channel-smoke-20261008-HSiyqm/aocl_channel_smoke/system/synthesis/submodules/cpld_bridge.vhd Line: 32762
    Info (12022): Found design unit 83: SlaveToStreaming-SlaveToStreaming_BEH File: /sim/tarsio/aocl-channel-smoke-20261008-HSiyqm/aocl_channel_smoke/system/synthesis/submodules/cpld_bridge.vhd Line: 33383
    Info (12022): Found design unit 84: SlaveWindow-SlaveWindow_BEH File: /sim/tarsio/aocl-channel-smoke-20261008-HSiyqm/aocl_channel_smoke/system/synthesis/submodules/cpld_bridge.vhd Line: 33861
    Info (12022): Found design unit 85: SlaveWriteToStreaming-SlaveWriteToStreaming_BEH File: /sim/tarsio/aocl-channel-smoke-20261008-HSiyqm/aocl_channel_smoke/system/synthesis/submodules/cpld_bridge.vhd Line: 34476
    Info (12022): Found design unit 86: SoftReset-SoftReset_BEH File: /sim/tarsio/aocl-channel-smoke-20261008-HSiyqm/aocl_channel_smoke/system/synthesis/submodules/cpld_bridge.vhd Line: 34738
    Info (12022): Found design unit 87: StreamingBuffer-StreamingBuffer_BEH File: /sim/tarsio/aocl-channel-smoke-20261008-HSiyqm/aocl_channel_smoke/system/synthesis/submodules/cpld_bridge.vhd Line: 34943
    Info (12022): Found design unit 88: StreamingToMaster-StreamingToMaster_BEH File: /sim/tarsio/aocl-channel-smoke-20261008-HSiyqm/aocl_channel_smoke/system/synthesis/submodules/cpld_bridge.vhd Line: 35373
    Info (12022): Found design unit 89: StreamingToSlaveReadRsp-StreamingToSlaveReadRsp_BEH File: /sim/tarsio/aocl-channel-smoke-20261008-HSiyqm/aocl_channel_smoke/system/synthesis/submodules/cpld_bridge.vhd Line: 35687
    Info (12022): Found design unit 90: Switch-Switch_BEH File: /sim/tarsio/aocl-channel-smoke-20261008-HSiyqm/aocl_channel_smoke/system/synthesis/submodules/cpld_bridge.vhd Line: 36117
    Info (12022): Found design unit 91: SwitchPriorityTree-SwitchPriorityTree_BEH File: /sim/tarsio/aocl-channel-smoke-20261008-HSiyqm/aocl_channel_smoke/system/synthesis/submodules/cpld_bridge.vhd Line: 37524
    Info (12022): Found design unit 92: SynchPulse-SynchPulse_BEH File: /sim/tarsio/aocl-channel-smoke-20261008-HSiyqm/aocl_channel_smoke/system/synthesis/submodules/cpld_bridge.vhd Line: 37930
    Info (12022): Found design unit 93: SynchRegister-SynchRegister_BEH File: /sim/tarsio/aocl-channel-smoke-20261008-HSiyqm/aocl_channel_smoke/system/synthesis/submodules/cpld_bridge.vhd Line: 38094
    Info (12022): Found design unit 94: SynchReset-SynchReset_BEH File: /sim/tarsio/aocl-channel-smoke-20261008-HSiyqm/aocl_channel_smoke/system/synthesis/submodules/cpld_bridge.vhd Line: 38241
    Info (12022): Found design unit 95: TestPkg (system) File: /sim/tarsio/aocl-channel-smoke-20261008-HSiyqm/aocl_channel_smoke/system/synthesis/submodules/cpld_bridge.vhd Line: 38360
    Info (12022): Found design unit 96: TestPkg-body File: /sim/tarsio/aocl-channel-smoke-20261008-HSiyqm/aocl_channel_smoke/system/synthesis/submodules/cpld_bridge.vhd Line: 38655
    Info (12022): Found design unit 97: Timer-Timer_BEH File: /sim/tarsio/aocl-channel-smoke-20261008-HSiyqm/aocl_channel_smoke/system/synthesis/submodules/cpld_bridge.vhd Line: 38811
    Info (12022): Found design unit 98: UtilityPkg (system) File: /sim/tarsio/aocl-channel-smoke-20261008-HSiyqm/aocl_channel_smoke/system/synthesis/submodules/cpld_bridge.vhd Line: 39310
    Info (12022): Found design unit 99: UtilityPkg-body File: /sim/tarsio/aocl-channel-smoke-20261008-HSiyqm/aocl_channel_smoke/system/synthesis/submodules/cpld_bridge.vhd Line: 40163
    Info (12023): Found entity 1: MultiMasterDecoder File: /sim/tarsio/aocl-channel-smoke-20261008-HSiyqm/aocl_channel_smoke/system/synthesis/submodules/cpld_bridge.vhd Line: 8069
    Info (12023): Found entity 2: Arbiter File: /sim/tarsio/aocl-channel-smoke-20261008-HSiyqm/aocl_channel_smoke/system/synthesis/submodules/cpld_bridge.vhd Line: 13228
    Info (12023): Found entity 3: BitArbiter File: /sim/tarsio/aocl-channel-smoke-20261008-HSiyqm/aocl_channel_smoke/system/synthesis/submodules/cpld_bridge.vhd Line: 14962
    Info (12023): Found entity 4: BoardLevel File: /sim/tarsio/aocl-channel-smoke-20261008-HSiyqm/aocl_channel_smoke/system/synthesis/submodules/cpld_bridge.vhd Line: 15173
    Info (12023): Found entity 5: CPLDHost File: /sim/tarsio/aocl-channel-smoke-20261008-HSiyqm/aocl_channel_smoke/system/synthesis/submodules/cpld_bridge.vhd Line: 15399
    Info (12023): Found entity 6: CPLDHostCore File: /sim/tarsio/aocl-channel-smoke-20261008-HSiyqm/aocl_channel_smoke/system/synthesis/submodules/cpld_bridge.vhd Line: 15953
    Info (12023): Found entity 7: ConchProtocolToMaster File: /sim/tarsio/aocl-channel-smoke-20261008-HSiyqm/aocl_channel_smoke/system/synthesis/submodules/cpld_bridge.vhd Line: 16645
    Info (12023): Found entity 8: FIFO File: /sim/tarsio/aocl-channel-smoke-20261008-HSiyqm/aocl_channel_smoke/system/synthesis/submodules/cpld_bridge.vhd Line: 17990
    Info (12023): Found entity 9: FractionalPLL File: /sim/tarsio/aocl-channel-smoke-20261008-HSiyqm/aocl_channel_smoke/system/synthesis/submodules/cpld_bridge.vhd Line: 19880
    Info (12023): Found entity 10: IRQDecoder File: /sim/tarsio/aocl-channel-smoke-20261008-HSiyqm/aocl_channel_smoke/system/synthesis/submodules/cpld_bridge.vhd Line: 20361
    Info (12023): Found entity 11: MasterBuffer File: /sim/tarsio/aocl-channel-smoke-20261008-HSiyqm/aocl_channel_smoke/system/synthesis/submodules/cpld_bridge.vhd Line: 20745
    Info (12023): Found entity 12: MasterDecoder File: /sim/tarsio/aocl-channel-smoke-20261008-HSiyqm/aocl_channel_smoke/system/synthesis/submodules/cpld_bridge.vhd Line: 20946
    Info (12023): Found entity 13: MasterFIFO File: /sim/tarsio/aocl-channel-smoke-20261008-HSiyqm/aocl_channel_smoke/system/synthesis/submodules/cpld_bridge.vhd Line: 21346
    Info (12023): Found entity 14: MasterPipeline File: /sim/tarsio/aocl-channel-smoke-20261008-HSiyqm/aocl_channel_smoke/system/synthesis/submodules/cpld_bridge.vhd Line: 21546
    Info (12023): Found entity 15: MasterReshape File: /sim/tarsio/aocl-channel-smoke-20261008-HSiyqm/aocl_channel_smoke/system/synthesis/submodules/cpld_bridge.vhd Line: 21713
    Info (12023): Found entity 16: Memory File: /sim/tarsio/aocl-channel-smoke-20261008-HSiyqm/aocl_channel_smoke/system/synthesis/submodules/cpld_bridge.vhd Line: 22004
    Info (12023): Found entity 17: PatternGenerator File: /sim/tarsio/aocl-channel-smoke-20261008-HSiyqm/aocl_channel_smoke/system/synthesis/submodules/cpld_bridge.vhd Line: 24866
    Info (12023): Found entity 18: Pipeline File: /sim/tarsio/aocl-channel-smoke-20261008-HSiyqm/aocl_channel_smoke/system/synthesis/submodules/cpld_bridge.vhd Line: 26130
    Info (12023): Found entity 19: RegisterBank File: /sim/tarsio/aocl-channel-smoke-20261008-HSiyqm/aocl_channel_smoke/system/synthesis/submodules/cpld_bridge.vhd Line: 26898
    Info (12023): Found entity 20: Reshape File: /sim/tarsio/aocl-channel-smoke-20261008-HSiyqm/aocl_channel_smoke/system/synthesis/submodules/cpld_bridge.vhd Line: 28038
    Info (12023): Found entity 21: SequenceGenerator File: /sim/tarsio/aocl-channel-smoke-20261008-HSiyqm/aocl_channel_smoke/system/synthesis/submodules/cpld_bridge.vhd Line: 28648
    Info (12023): Found entity 22: SinkCompare File: /sim/tarsio/aocl-channel-smoke-20261008-HSiyqm/aocl_channel_smoke/system/synthesis/submodules/cpld_bridge.vhd Line: 29645
    Info (12023): Found entity 23: SlaveBuffer File: /sim/tarsio/aocl-channel-smoke-20261008-HSiyqm/aocl_channel_smoke/system/synthesis/submodules/cpld_bridge.vhd Line: 30660
    Info (12023): Found entity 24: SlaveBurstAdapter File: /sim/tarsio/aocl-channel-smoke-20261008-HSiyqm/aocl_channel_smoke/system/synthesis/submodules/cpld_bridge.vhd Line: 30972
    Info (12023): Found entity 25: SlaveDecoder File: /sim/tarsio/aocl-channel-smoke-20261008-HSiyqm/aocl_channel_smoke/system/synthesis/submodules/cpld_bridge.vhd Line: 31603
    Info (12023): Found entity 26: SlaveFIFO File: /sim/tarsio/aocl-channel-smoke-20261008-HSiyqm/aocl_channel_smoke/system/synthesis/submodules/cpld_bridge.vhd Line: 31915
    Info (12023): Found entity 27: SlavePipeline File: /sim/tarsio/aocl-channel-smoke-20261008-HSiyqm/aocl_channel_smoke/system/synthesis/submodules/cpld_bridge.vhd Line: 32436
    Info (12023): Found entity 28: SlaveReshape File: /sim/tarsio/aocl-channel-smoke-20261008-HSiyqm/aocl_channel_smoke/system/synthesis/submodules/cpld_bridge.vhd Line: 32715
    Info (12023): Found entity 29: SlaveToStreaming File: /sim/tarsio/aocl-channel-smoke-20261008-HSiyqm/aocl_channel_smoke/system/synthesis/submodules/cpld_bridge.vhd Line: 33302
    Info (12023): Found entity 30: SlaveWindow File: /sim/tarsio/aocl-channel-smoke-20261008-HSiyqm/aocl_channel_smoke/system/synthesis/submodules/cpld_bridge.vhd Line: 33764
    Info (12023): Found entity 31: SlaveWriteToStreaming File: /sim/tarsio/aocl-channel-smoke-20261008-HSiyqm/aocl_channel_smoke/system/synthesis/submodules/cpld_bridge.vhd Line: 34420
    Info (12023): Found entity 32: SoftReset File: /sim/tarsio/aocl-channel-smoke-20261008-HSiyqm/aocl_channel_smoke/system/synthesis/submodules/cpld_bridge.vhd Line: 34708
    Info (12023): Found entity 33: StreamingBuffer File: /sim/tarsio/aocl-channel-smoke-20261008-HSiyqm/aocl_channel_smoke/system/synthesis/submodules/cpld_bridge.vhd Line: 34890
    Info (12023): Found entity 34: StreamingToMaster File: /sim/tarsio/aocl-channel-smoke-20261008-HSiyqm/aocl_channel_smoke/system/synthesis/submodules/cpld_bridge.vhd Line: 35304
    Info (12023): Found entity 35: StreamingToSlaveReadRsp File: /sim/tarsio/aocl-channel-smoke-20261008-HSiyqm/aocl_channel_smoke/system/synthesis/submodules/cpld_bridge.vhd Line: 35631
    Info (12023): Found entity 36: Switch File: /sim/tarsio/aocl-channel-smoke-20261008-HSiyqm/aocl_channel_smoke/system/synthesis/submodules/cpld_bridge.vhd Line: 35989
    Info (12023): Found entity 37: SwitchPriorityTree File: /sim/tarsio/aocl-channel-smoke-20261008-HSiyqm/aocl_channel_smoke/system/synthesis/submodules/cpld_bridge.vhd Line: 37498
    Info (12023): Found entity 38: SynchPulse File: /sim/tarsio/aocl-channel-smoke-20261008-HSiyqm/aocl_channel_smoke/system/synthesis/submodules/cpld_bridge.vhd Line: 37902
    Info (12023): Found entity 39: SynchRegister File: /sim/tarsio/aocl-channel-smoke-20261008-HSiyqm/aocl_channel_smoke/system/synthesis/submodules/cpld_bridge.vhd Line: 38064
    Info (12023): Found entity 40: SynchReset File: /sim/tarsio/aocl-channel-smoke-20261008-HSiyqm/aocl_channel_smoke/system/synthesis/submodules/cpld_bridge.vhd Line: 38212
    Info (12023): Found entity 41: Timer File: /sim/tarsio/aocl-channel-smoke-20261008-HSiyqm/aocl_channel_smoke/system/synthesis/submodules/cpld_bridge.vhd Line: 38764
Info (12021): Found 1 design units, including 1 entities, in source file system/synthesis/submodules/system_board_onchip_ram.v
    Info (12023): Found entity 1: system_board_onchip_ram File: /sim/tarsio/aocl-channel-smoke-20261008-HSiyqm/aocl_channel_smoke/system/synthesis/submodules/system_board_onchip_ram.v Line: 21
Info (12021): Found 1 design units, including 1 entities, in source file system/synthesis/submodules/no_reset.v
    Info (12023): Found entity 1: no_reset File: /sim/tarsio/aocl-channel-smoke-20261008-HSiyqm/aocl_channel_smoke/system/synthesis/submodules/no_reset.v Line: 1
Info (12021): Found 1 design units, including 1 entities, in source file system/synthesis/submodules/version_id.v
    Info (12023): Found entity 1: version_id File: /sim/tarsio/aocl-channel-smoke-20261008-HSiyqm/aocl_channel_smoke/system/synthesis/submodules/version_id.v Line: 1
Info (12021): Found 1 design units, including 1 entities, in source file system/synthesis/submodules/uniphy_status.v
    Info (12023): Found entity 1: uniphy_status File: /sim/tarsio/aocl-channel-smoke-20261008-HSiyqm/aocl_channel_smoke/system/synthesis/submodules/uniphy_status.v Line: 1
Info (12021): Found 1 design units, including 1 entities, in source file system/synthesis/submodules/sw_reset.v
    Info (12023): Found entity 1: sw_reset File: /sim/tarsio/aocl-channel-smoke-20261008-HSiyqm/aocl_channel_smoke/system/synthesis/submodules/sw_reset.v Line: 1
Info (12021): Found 1 design units, including 1 entities, in source file system/synthesis/submodules/system_board_memory_bank_divider_0.v
    Info (12023): Found entity 1: system_board_memory_bank_divider_0 File: /sim/tarsio/aocl-channel-smoke-20261008-HSiyqm/aocl_channel_smoke/system/synthesis/submodules/system_board_memory_bank_divider_0.v Line: 9
Info (12021): Found 1 design units, including 1 entities, in source file system/synthesis/submodules/system_board_memory_bank_divider_0_mm_interconnect_1.v
    Info (12023): Found entity 1: system_board_memory_bank_divider_0_mm_interconnect_1 File: /sim/tarsio/aocl-channel-smoke-20261008-HSiyqm/aocl_channel_smoke/system/synthesis/submodules/system_board_memory_bank_divider_0_mm_interconnect_1.v Line: 9
Info (12021): Found 1 design units, including 1 entities, in source file system/synthesis/submodules/system_board_memory_bank_divider_0_mm_interconnect_0.v
    Info (12023): Found entity 1: system_board_memory_bank_divider_0_mm_interconnect_0 File: /sim/tarsio/aocl-channel-smoke-20261008-HSiyqm/aocl_channel_smoke/system/synthesis/submodules/system_board_memory_bank_divider_0_mm_interconnect_0.v Line: 9
Info (12021): Found 1 design units, including 1 entities, in source file system/synthesis/submodules/mem_splitter.sv
    Info (12023): Found entity 1: mem_splitter File: /sim/tarsio/aocl-channel-smoke-20261008-HSiyqm/aocl_channel_smoke/system/synthesis/submodules/mem_splitter.sv Line: 1
Info (12021): Found 1 design units, including 1 entities, in source file system/synthesis/submodules/mem_router_reorder.sv
    Info (12023): Found entity 1: mem_router_reorder File: /sim/tarsio/aocl-channel-smoke-20261008-HSiyqm/aocl_channel_smoke/system/synthesis/submodules/mem_router_reorder.sv Line: 2
Info (12021): Found 1 design units, including 1 entities, in source file system/synthesis/submodules/acl_iface_ll_fifo.v
    Info (12023): Found entity 1: acl_iface_ll_fifo File: /sim/tarsio/aocl-channel-smoke-20261008-HSiyqm/aocl_channel_smoke/system/synthesis/submodules/acl_iface_ll_fifo.v Line: 19
Info (12021): Found 1 design units, including 1 entities, in source file system/synthesis/submodules/acl_iface_address_to_bankaddress.v
    Info (12023): Found entity 1: acl_iface_address_to_bankaddress File: /sim/tarsio/aocl-channel-smoke-20261008-HSiyqm/aocl_channel_smoke/system/synthesis/submodules/acl_iface_address_to_bankaddress.v Line: 15
Info (12021): Found 1 design units, including 1 entities, in source file system/synthesis/submodules/snoop_adapter.v
    Info (12023): Found entity 1: snoop_adapter File: /sim/tarsio/aocl-channel-smoke-20261008-HSiyqm/aocl_channel_smoke/system/synthesis/submodules/snoop_adapter.v Line: 1
Info (12021): Found 1 design units, including 1 entities, in source file system/synthesis/submodules/system_board_dma_0.v
    Info (12023): Found entity 1: system_board_dma_0 File: /sim/tarsio/aocl-channel-smoke-20261008-HSiyqm/aocl_channel_smoke/system/synthesis/submodules/system_board_dma_0.v Line: 6
Info (12021): Found 1 design units, including 1 entities, in source file system/synthesis/submodules/system_board_dma_0_mm_interconnect_2.v
    Info (12023): Found entity 1: system_board_dma_0_mm_interconnect_2 File: /sim/tarsio/aocl-channel-smoke-20261008-HSiyqm/aocl_channel_smoke/system/synthesis/submodules/system_board_dma_0_mm_interconnect_2.v Line: 9
Info (12021): Found 1 design units, including 1 entities, in source file system/synthesis/submodules/system_board_dma_0_mm_interconnect_2_avalon_st_adapter_001.v
    Info (12023): Found entity 1: system_board_dma_0_mm_interconnect_2_avalon_st_adapter_001 File: /sim/tarsio/aocl-channel-smoke-20261008-HSiyqm/aocl_channel_smoke/system/synthesis/submodules/system_board_dma_0_mm_interconnect_2_avalon_st_adapter_001.v Line: 9
Info (12021): Found 1 design units, including 1 entities, in source file system/synthesis/submodules/system_board_dma_0_mm_interconnect_2_avalon_st_adapter_001_error_adapter_0.sv
    Info (12023): Found entity 1: system_board_dma_0_mm_interconnect_2_avalon_st_adapter_001_error_adapter_0 File: /sim/tarsio/aocl-channel-smoke-20261008-HSiyqm/aocl_channel_smoke/system/synthesis/submodules/system_board_dma_0_mm_interconnect_2_avalon_st_adapter_001_error_adapter_0.sv Line: 66
Info (12021): Found 1 design units, including 1 entities, in source file system/synthesis/submodules/system_board_dma_0_mm_interconnect_2_rsp_mux.sv
    Info (12023): Found entity 1: system_board_dma_0_mm_interconnect_2_rsp_mux File: /sim/tarsio/aocl-channel-smoke-20261008-HSiyqm/aocl_channel_smoke/system/synthesis/submodules/system_board_dma_0_mm_interconnect_2_rsp_mux.sv Line: 51
Info (12021): Found 1 design units, including 1 entities, in source file system/synthesis/submodules/system_board_dma_0_mm_interconnect_2_rsp_demux.sv
    Info (12023): Found entity 1: system_board_dma_0_mm_interconnect_2_rsp_demux File: /sim/tarsio/aocl-channel-smoke-20261008-HSiyqm/aocl_channel_smoke/system/synthesis/submodules/system_board_dma_0_mm_interconnect_2_rsp_demux.sv Line: 43
Info (12021): Found 1 design units, including 1 entities, in source file system/synthesis/submodules/system_board_dma_0_mm_interconnect_2_cmd_mux.sv
    Info (12023): Found entity 1: system_board_dma_0_mm_interconnect_2_cmd_mux File: /sim/tarsio/aocl-channel-smoke-20261008-HSiyqm/aocl_channel_smoke/system/synthesis/submodules/system_board_dma_0_mm_interconnect_2_cmd_mux.sv Line: 51
Info (12021): Found 1 design units, including 1 entities, in source file system/synthesis/submodules/system_board_dma_0_mm_interconnect_2_cmd_demux.sv
    Info (12023): Found entity 1: system_board_dma_0_mm_interconnect_2_cmd_demux File: /sim/tarsio/aocl-channel-smoke-20261008-HSiyqm/aocl_channel_smoke/system/synthesis/submodules/system_board_dma_0_mm_interconnect_2_cmd_demux.sv Line: 43
Info (12021): Found 2 design units, including 2 entities, in source file system/synthesis/submodules/system_board_dma_0_mm_interconnect_2_router_003.sv
    Info (12023): Found entity 1: system_board_dma_0_mm_interconnect_2_router_003_default_decode File: /sim/tarsio/aocl-channel-smoke-20261008-HSiyqm/aocl_channel_smoke/system/synthesis/submodules/system_board_dma_0_mm_interconnect_2_router_003.sv Line: 45
    Info (12023): Found entity 2: system_board_dma_0_mm_interconnect_2_router_003 File: /sim/tarsio/aocl-channel-smoke-20261008-HSiyqm/aocl_channel_smoke/system/synthesis/submodules/system_board_dma_0_mm_interconnect_2_router_003.sv Line: 84
Info (12021): Found 2 design units, including 2 entities, in source file system/synthesis/submodules/system_board_dma_0_mm_interconnect_2_router_002.sv
    Info (12023): Found entity 1: system_board_dma_0_mm_interconnect_2_router_002_default_decode File: /sim/tarsio/aocl-channel-smoke-20261008-HSiyqm/aocl_channel_smoke/system/synthesis/submodules/system_board_dma_0_mm_interconnect_2_router_002.sv Line: 45
    Info (12023): Found entity 2: system_board_dma_0_mm_interconnect_2_router_002 File: /sim/tarsio/aocl-channel-smoke-20261008-HSiyqm/aocl_channel_smoke/system/synthesis/submodules/system_board_dma_0_mm_interconnect_2_router_002.sv Line: 84
Info (12021): Found 2 design units, including 2 entities, in source file system/synthesis/submodules/system_board_dma_0_mm_interconnect_2_router_001.sv
    Info (12023): Found entity 1: system_board_dma_0_mm_interconnect_2_router_001_default_decode File: /sim/tarsio/aocl-channel-smoke-20261008-HSiyqm/aocl_channel_smoke/system/synthesis/submodules/system_board_dma_0_mm_interconnect_2_router_001.sv Line: 45
    Info (12023): Found entity 2: system_board_dma_0_mm_interconnect_2_router_001 File: /sim/tarsio/aocl-channel-smoke-20261008-HSiyqm/aocl_channel_smoke/system/synthesis/submodules/system_board_dma_0_mm_interconnect_2_router_001.sv Line: 84
Info (12021): Found 2 design units, including 2 entities, in source file system/synthesis/submodules/system_board_dma_0_mm_interconnect_2_router.sv
    Info (12023): Found entity 1: system_board_dma_0_mm_interconnect_2_router_default_decode File: /sim/tarsio/aocl-channel-smoke-20261008-HSiyqm/aocl_channel_smoke/system/synthesis/submodules/system_board_dma_0_mm_interconnect_2_router.sv Line: 45
    Info (12023): Found entity 2: system_board_dma_0_mm_interconnect_2_router File: /sim/tarsio/aocl-channel-smoke-20261008-HSiyqm/aocl_channel_smoke/system/synthesis/submodules/system_board_dma_0_mm_interconnect_2_router.sv Line: 84
Info (12021): Found 1 design units, including 1 entities, in source file system/synthesis/submodules/system_board_dma_0_mm_interconnect_1.v
    Info (12023): Found entity 1: system_board_dma_0_mm_interconnect_1 File: /sim/tarsio/aocl-channel-smoke-20261008-HSiyqm/aocl_channel_smoke/system/synthesis/submodules/system_board_dma_0_mm_interconnect_1.v Line: 9
Info (12021): Found 1 design units, including 1 entities, in source file system/synthesis/submodules/system_board_dma_0_mm_interconnect_1_rsp_mux.sv
    Info (12023): Found entity 1: system_board_dma_0_mm_interconnect_1_rsp_mux File: /sim/tarsio/aocl-channel-smoke-20261008-HSiyqm/aocl_channel_smoke/system/synthesis/submodules/system_board_dma_0_mm_interconnect_1_rsp_mux.sv Line: 51
Info (12021): Found 1 design units, including 1 entities, in source file system/synthesis/submodules/system_board_dma_0_mm_interconnect_1_cmd_mux.sv
    Info (12023): Found entity 1: system_board_dma_0_mm_interconnect_1_cmd_mux File: /sim/tarsio/aocl-channel-smoke-20261008-HSiyqm/aocl_channel_smoke/system/synthesis/submodules/system_board_dma_0_mm_interconnect_1_cmd_mux.sv Line: 51
Info (12021): Found 2 design units, including 2 entities, in source file system/synthesis/submodules/system_board_dma_0_mm_interconnect_1_router_003.sv
    Info (12023): Found entity 1: system_board_dma_0_mm_interconnect_1_router_003_default_decode File: /sim/tarsio/aocl-channel-smoke-20261008-HSiyqm/aocl_channel_smoke/system/synthesis/submodules/system_board_dma_0_mm_interconnect_1_router_003.sv Line: 45
    Info (12023): Found entity 2: system_board_dma_0_mm_interconnect_1_router_003 File: /sim/tarsio/aocl-channel-smoke-20261008-HSiyqm/aocl_channel_smoke/system/synthesis/submodules/system_board_dma_0_mm_interconnect_1_router_003.sv Line: 84
Info (12021): Found 2 design units, including 2 entities, in source file system/synthesis/submodules/system_board_dma_0_mm_interconnect_1_router.sv
    Info (12023): Found entity 1: system_board_dma_0_mm_interconnect_1_router_default_decode File: /sim/tarsio/aocl-channel-smoke-20261008-HSiyqm/aocl_channel_smoke/system/synthesis/submodules/system_board_dma_0_mm_interconnect_1_router.sv Line: 45
    Info (12023): Found entity 2: system_board_dma_0_mm_interconnect_1_router File: /sim/tarsio/aocl-channel-smoke-20261008-HSiyqm/aocl_channel_smoke/system/synthesis/submodules/system_board_dma_0_mm_interconnect_1_router.sv Line: 84
Info (12021): Found 1 design units, including 1 entities, in source file system/synthesis/submodules/system_board_dma_0_mm_interconnect_0.v
    Info (12023): Found entity 1: system_board_dma_0_mm_interconnect_0 File: /sim/tarsio/aocl-channel-smoke-20261008-HSiyqm/aocl_channel_smoke/system/synthesis/submodules/system_board_dma_0_mm_interconnect_0.v Line: 9
Info (12021): Found 1 design units, including 1 entities, in source file system/synthesis/submodules/altera_address_span_extender.sv
    Info (12023): Found entity 1: altera_address_span_extender File: /sim/tarsio/aocl-channel-smoke-20261008-HSiyqm/aocl_channel_smoke/system/synthesis/submodules/altera_address_span_extender.sv Line: 39
Info (12021): Found 1 design units, including 1 entities, in source file system/synthesis/submodules/system_board_dma_0_dma.v
    Info (12023): Found entity 1: system_board_dma_0_dma File: /sim/tarsio/aocl-channel-smoke-20261008-HSiyqm/aocl_channel_smoke/system/synthesis/submodules/system_board_dma_0_dma.v Line: 6
Info (12021): Found 1 design units, including 1 entities, in source file system/synthesis/submodules/system_board_dma_0_dma_mm_interconnect_1.v
    Info (12023): Found entity 1: system_board_dma_0_dma_mm_interconnect_1 File: /sim/tarsio/aocl-channel-smoke-20261008-HSiyqm/aocl_channel_smoke/system/synthesis/submodules/system_board_dma_0_dma_mm_interconnect_1.v Line: 9
Info (12021): Found 1 design units, including 1 entities, in source file system/synthesis/submodules/system_board_dma_0_dma_mm_interconnect_0.v
    Info (12023): Found entity 1: system_board_dma_0_dma_mm_interconnect_0 File: /sim/tarsio/aocl-channel-smoke-20261008-HSiyqm/aocl_channel_smoke/system/synthesis/submodules/system_board_dma_0_dma_mm_interconnect_0.v Line: 9
Info (12021): Found 1 design units, including 1 entities, in source file system/synthesis/submodules/write_master.v
    Info (12023): Found entity 1: write_master File: /sim/tarsio/aocl-channel-smoke-20261008-HSiyqm/aocl_channel_smoke/system/synthesis/submodules/write_master.v Line: 73
Info (12021): Found 8 design units, including 8 entities, in source file system/synthesis/submodules/byte_enable_generator.v
    Info (12023): Found entity 1: byte_enable_generator File: /sim/tarsio/aocl-channel-smoke-20261008-HSiyqm/aocl_channel_smoke/system/synthesis/submodules/byte_enable_generator.v Line: 60
    Info (12023): Found entity 2: one_thousand_twenty_four_byteenable_FSM File: /sim/tarsio/aocl-channel-smoke-20261008-HSiyqm/aocl_channel_smoke/system/synthesis/submodules/byte_enable_generator.v Line: 183
    Info (12023): Found entity 3: five_hundred_twelve_bit_byteenable_FSM File: /sim/tarsio/aocl-channel-smoke-20261008-HSiyqm/aocl_channel_smoke/system/synthesis/submodules/byte_enable_generator.v Line: 291
    Info (12023): Found entity 4: two_hundred_fifty_six_bit_byteenable_FSM File: /sim/tarsio/aocl-channel-smoke-20261008-HSiyqm/aocl_channel_smoke/system/synthesis/submodules/byte_enable_generator.v Line: 399
    Info (12023): Found entity 5: one_hundred_twenty_eight_bit_byteenable_FSM File: /sim/tarsio/aocl-channel-smoke-20261008-HSiyqm/aocl_channel_smoke/system/synthesis/submodules/byte_enable_generator.v Line: 506
    Info (12023): Found entity 6: sixty_four_bit_byteenable_FSM File: /sim/tarsio/aocl-channel-smoke-20261008-HSiyqm/aocl_channel_smoke/system/synthesis/submodules/byte_enable_generator.v Line: 612
    Info (12023): Found entity 7: thirty_two_bit_byteenable_FSM File: /sim/tarsio/aocl-channel-smoke-20261008-HSiyqm/aocl_channel_smoke/system/synthesis/submodules/byte_enable_generator.v Line: 717
    Info (12023): Found entity 8: sixteen_bit_byteenable_FSM File: /sim/tarsio/aocl-channel-smoke-20261008-HSiyqm/aocl_channel_smoke/system/synthesis/submodules/byte_enable_generator.v Line: 824
Info (12021): Found 1 design units, including 1 entities, in source file system/synthesis/submodules/ST_to_MM_Adapter.v
    Info (12023): Found entity 1: ST_to_MM_Adapter File: /sim/tarsio/aocl-channel-smoke-20261008-HSiyqm/aocl_channel_smoke/system/synthesis/submodules/ST_to_MM_Adapter.v Line: 49
Info (12021): Found 1 design units, including 1 entities, in source file system/synthesis/submodules/write_burst_control.v
    Info (12023): Found entity 1: write_burst_control File: /sim/tarsio/aocl-channel-smoke-20261008-HSiyqm/aocl_channel_smoke/system/synthesis/submodules/write_burst_control.v Line: 62
Info (12021): Found 1 design units, including 1 entities, in source file system/synthesis/submodules/read_master.v
    Info (12023): Found entity 1: read_master File: /sim/tarsio/aocl-channel-smoke-20261008-HSiyqm/aocl_channel_smoke/system/synthesis/submodules/read_master.v Line: 76
Info (12021): Found 1 design units, including 1 entities, in source file system/synthesis/submodules/MM_to_ST_Adapter.v
    Info (12023): Found entity 1: MM_to_ST_Adapter File: /sim/tarsio/aocl-channel-smoke-20261008-HSiyqm/aocl_channel_smoke/system/synthesis/submodules/MM_to_ST_Adapter.v Line: 60
Info (12021): Found 1 design units, including 1 entities, in source file system/synthesis/submodules/read_burst_control.v
    Info (12023): Found entity 1: read_burst_control File: /sim/tarsio/aocl-channel-smoke-20261008-HSiyqm/aocl_channel_smoke/system/synthesis/submodules/read_burst_control.v Line: 45
Info (12021): Found 1 design units, including 1 entities, in source file system/synthesis/submodules/dispatcher.v
    Info (12023): Found entity 1: dispatcher File: /sim/tarsio/aocl-channel-smoke-20261008-HSiyqm/aocl_channel_smoke/system/synthesis/submodules/dispatcher.v Line: 79
Info (12021): Found 1 design units, including 1 entities, in source file system/synthesis/submodules/csr_block.v
    Info (12023): Found entity 1: csr_block File: /sim/tarsio/aocl-channel-smoke-20261008-HSiyqm/aocl_channel_smoke/system/synthesis/submodules/csr_block.v Line: 105
Info (12021): Found 1 design units, including 1 entities, in source file system/synthesis/submodules/descriptor_buffers.v
    Info (12023): Found entity 1: descriptor_buffers File: /sim/tarsio/aocl-channel-smoke-20261008-HSiyqm/aocl_channel_smoke/system/synthesis/submodules/descriptor_buffers.v Line: 57
Info (12021): Found 1 design units, including 1 entities, in source file system/synthesis/submodules/response_block.v
    Info (12023): Found entity 1: response_block File: /sim/tarsio/aocl-channel-smoke-20261008-HSiyqm/aocl_channel_smoke/system/synthesis/submodules/response_block.v Line: 66
Info (12021): Found 1 design units, including 1 entities, in source file system/synthesis/submodules/fifo_with_byteenables.v
    Info (12023): Found entity 1: fifo_with_byteenables File: /sim/tarsio/aocl-channel-smoke-20261008-HSiyqm/aocl_channel_smoke/system/synthesis/submodules/fifo_with_byteenables.v Line: 50
Info (12021): Found 1 design units, including 1 entities, in source file system/synthesis/submodules/read_signal_breakout.v
    Info (12023): Found entity 1: read_signal_breakout File: /sim/tarsio/aocl-channel-smoke-20261008-HSiyqm/aocl_channel_smoke/system/synthesis/submodules/read_signal_breakout.v Line: 47
Info (12021): Found 1 design units, including 1 entities, in source file system/synthesis/submodules/write_signal_breakout.v
    Info (12023): Found entity 1: write_signal_breakout File: /sim/tarsio/aocl-channel-smoke-20261008-HSiyqm/aocl_channel_smoke/system/synthesis/submodules/write_signal_breakout.v Line: 45
Info (12021): Found 1 design units, including 1 entities, in source file system/synthesis/submodules/system_board_kernel_interface.v
    Info (12023): Found entity 1: system_board_kernel_interface File: /sim/tarsio/aocl-channel-smoke-20261008-HSiyqm/aocl_channel_smoke/system/synthesis/submodules/system_board_kernel_interface.v Line: 9
Info (12021): Found 1 design units, including 1 entities, in source file system/synthesis/submodules/system_board_kernel_interface_mm_interconnect_1.v
    Info (12023): Found entity 1: system_board_kernel_interface_mm_interconnect_1 File: /sim/tarsio/aocl-channel-smoke-20261008-HSiyqm/aocl_channel_smoke/system/synthesis/submodules/system_board_kernel_interface_mm_interconnect_1.v Line: 9
Info (12021): Found 1 design units, including 1 entities, in source file system/synthesis/submodules/system_board_kernel_interface_mm_interconnect_1_rsp_mux.sv
    Info (12023): Found entity 1: system_board_kernel_interface_mm_interconnect_1_rsp_mux File: /sim/tarsio/aocl-channel-smoke-20261008-HSiyqm/aocl_channel_smoke/system/synthesis/submodules/system_board_kernel_interface_mm_interconnect_1_rsp_mux.sv Line: 51
Info (12021): Found 1 design units, including 1 entities, in source file system/synthesis/submodules/system_board_kernel_interface_mm_interconnect_1_rsp_demux.sv
    Info (12023): Found entity 1: system_board_kernel_interface_mm_interconnect_1_rsp_demux File: /sim/tarsio/aocl-channel-smoke-20261008-HSiyqm/aocl_channel_smoke/system/synthesis/submodules/system_board_kernel_interface_mm_interconnect_1_rsp_demux.sv Line: 43
Info (12021): Found 1 design units, including 1 entities, in source file system/synthesis/submodules/system_board_kernel_interface_mm_interconnect_1_cmd_mux.sv
    Info (12023): Found entity 1: system_board_kernel_interface_mm_interconnect_1_cmd_mux File: /sim/tarsio/aocl-channel-smoke-20261008-HSiyqm/aocl_channel_smoke/system/synthesis/submodules/system_board_kernel_interface_mm_interconnect_1_cmd_mux.sv Line: 51
Info (12021): Found 1 design units, including 1 entities, in source file system/synthesis/submodules/system_board_kernel_interface_mm_interconnect_1_cmd_demux.sv
    Info (12023): Found entity 1: system_board_kernel_interface_mm_interconnect_1_cmd_demux File: /sim/tarsio/aocl-channel-smoke-20261008-HSiyqm/aocl_channel_smoke/system/synthesis/submodules/system_board_kernel_interface_mm_interconnect_1_cmd_demux.sv Line: 43
Info (12021): Found 2 design units, including 2 entities, in source file system/synthesis/submodules/system_board_kernel_interface_mm_interconnect_1_router_005.sv
    Info (12023): Found entity 1: system_board_kernel_interface_mm_interconnect_1_router_005_default_decode File: /sim/tarsio/aocl-channel-smoke-20261008-HSiyqm/aocl_channel_smoke/system/synthesis/submodules/system_board_kernel_interface_mm_interconnect_1_router_005.sv Line: 45
    Info (12023): Found entity 2: system_board_kernel_interface_mm_interconnect_1_router_005 File: /sim/tarsio/aocl-channel-smoke-20261008-HSiyqm/aocl_channel_smoke/system/synthesis/submodules/system_board_kernel_interface_mm_interconnect_1_router_005.sv Line: 84
Info (12021): Found 2 design units, including 2 entities, in source file system/synthesis/submodules/system_board_kernel_interface_mm_interconnect_1_router_001.sv
    Info (12023): Found entity 1: system_board_kernel_interface_mm_interconnect_1_router_001_default_decode File: /sim/tarsio/aocl-channel-smoke-20261008-HSiyqm/aocl_channel_smoke/system/synthesis/submodules/system_board_kernel_interface_mm_interconnect_1_router_001.sv Line: 45
    Info (12023): Found entity 2: system_board_kernel_interface_mm_interconnect_1_router_001 File: /sim/tarsio/aocl-channel-smoke-20261008-HSiyqm/aocl_channel_smoke/system/synthesis/submodules/system_board_kernel_interface_mm_interconnect_1_router_001.sv Line: 84
Info (12021): Found 2 design units, including 2 entities, in source file system/synthesis/submodules/system_board_kernel_interface_mm_interconnect_1_router.sv
    Info (12023): Found entity 1: system_board_kernel_interface_mm_interconnect_1_router_default_decode File: /sim/tarsio/aocl-channel-smoke-20261008-HSiyqm/aocl_channel_smoke/system/synthesis/submodules/system_board_kernel_interface_mm_interconnect_1_router.sv Line: 45
    Info (12023): Found entity 2: system_board_kernel_interface_mm_interconnect_1_router File: /sim/tarsio/aocl-channel-smoke-20261008-HSiyqm/aocl_channel_smoke/system/synthesis/submodules/system_board_kernel_interface_mm_interconnect_1_router.sv Line: 84
Info (12021): Found 1 design units, including 1 entities, in source file system/synthesis/submodules/system_board_kernel_interface_mm_interconnect_0.v
    Info (12023): Found entity 1: system_board_kernel_interface_mm_interconnect_0 File: /sim/tarsio/aocl-channel-smoke-20261008-HSiyqm/aocl_channel_smoke/system/synthesis/submodules/system_board_kernel_interface_mm_interconnect_0.v Line: 9
Info (12021): Found 1 design units, including 1 entities, in source file system/synthesis/submodules/system_board_kernel_interface_mm_interconnect_0_rsp_mux.sv
    Info (12023): Found entity 1: system_board_kernel_interface_mm_interconnect_0_rsp_mux File: /sim/tarsio/aocl-channel-smoke-20261008-HSiyqm/aocl_channel_smoke/system/synthesis/submodules/system_board_kernel_interface_mm_interconnect_0_rsp_mux.sv Line: 51
Info (12021): Found 1 design units, including 1 entities, in source file system/synthesis/submodules/system_board_kernel_interface_mm_interconnect_0_rsp_demux.sv
    Info (12023): Found entity 1: system_board_kernel_interface_mm_interconnect_0_rsp_demux File: /sim/tarsio/aocl-channel-smoke-20261008-HSiyqm/aocl_channel_smoke/system/synthesis/submodules/system_board_kernel_interface_mm_interconnect_0_rsp_demux.sv Line: 43
Info (12021): Found 1 design units, including 1 entities, in source file system/synthesis/submodules/system_board_kernel_interface_mm_interconnect_0_cmd_mux.sv
    Info (12023): Found entity 1: system_board_kernel_interface_mm_interconnect_0_cmd_mux File: /sim/tarsio/aocl-channel-smoke-20261008-HSiyqm/aocl_channel_smoke/system/synthesis/submodules/system_board_kernel_interface_mm_interconnect_0_cmd_mux.sv Line: 51
Info (12021): Found 1 design units, including 1 entities, in source file system/synthesis/submodules/system_board_kernel_interface_mm_interconnect_0_cmd_demux.sv
    Info (12023): Found entity 1: system_board_kernel_interface_mm_interconnect_0_cmd_demux File: /sim/tarsio/aocl-channel-smoke-20261008-HSiyqm/aocl_channel_smoke/system/synthesis/submodules/system_board_kernel_interface_mm_interconnect_0_cmd_demux.sv Line: 43
Info (12021): Found 2 design units, including 2 entities, in source file system/synthesis/submodules/system_board_kernel_interface_mm_interconnect_0_router_001.sv
    Info (12023): Found entity 1: system_board_kernel_interface_mm_interconnect_0_router_001_default_decode File: /sim/tarsio/aocl-channel-smoke-20261008-HSiyqm/aocl_channel_smoke/system/synthesis/submodules/system_board_kernel_interface_mm_interconnect_0_router_001.sv Line: 45
    Info (12023): Found entity 2: system_board_kernel_interface_mm_interconnect_0_router_001 File: /sim/tarsio/aocl-channel-smoke-20261008-HSiyqm/aocl_channel_smoke/system/synthesis/submodules/system_board_kernel_interface_mm_interconnect_0_router_001.sv Line: 84
Info (12021): Found 2 design units, including 2 entities, in source file system/synthesis/submodules/system_board_kernel_interface_mm_interconnect_0_router.sv
    Info (12023): Found entity 1: system_board_kernel_interface_mm_interconnect_0_router_default_decode File: /sim/tarsio/aocl-channel-smoke-20261008-HSiyqm/aocl_channel_smoke/system/synthesis/submodules/system_board_kernel_interface_mm_interconnect_0_router.sv Line: 45
    Info (12023): Found entity 2: system_board_kernel_interface_mm_interconnect_0_router File: /sim/tarsio/aocl-channel-smoke-20261008-HSiyqm/aocl_channel_smoke/system/synthesis/submodules/system_board_kernel_interface_mm_interconnect_0_router.sv Line: 84
Info (12021): Found 1 design units, including 1 entities, in source file system/synthesis/submodules/system_board_kernel_interface_sys_description_rom.v
    Info (12023): Found entity 1: system_board_kernel_interface_sys_description_rom File: /sim/tarsio/aocl-channel-smoke-20261008-HSiyqm/aocl_channel_smoke/system/synthesis/submodules/system_board_kernel_interface_sys_description_rom.v Line: 21
Info (12021): Found 1 design units, including 1 entities, in source file system/synthesis/submodules/mem_org_mode.v
    Info (12023): Found entity 1: mem_org_mode File: /sim/tarsio/aocl-channel-smoke-20261008-HSiyqm/aocl_channel_smoke/system/synthesis/submodules/mem_org_mode.v Line: 1
Info (12021): Found 1 design units, including 1 entities, in source file system/synthesis/submodules/global_routing.v
    Info (12023): Found entity 1: global_routing File: /sim/tarsio/aocl-channel-smoke-20261008-HSiyqm/aocl_channel_smoke/system/synthesis/submodules/global_routing.v Line: 1
Info (12021): Found 1 design units, including 1 entities, in source file system/synthesis/submodules/system_board_kernel_clk_gen.v
    Info (12023): Found entity 1: system_board_kernel_clk_gen File: /sim/tarsio/aocl-channel-smoke-20261008-HSiyqm/aocl_channel_smoke/system/synthesis/submodules/system_board_kernel_clk_gen.v Line: 6
Info (12021): Found 1 design units, including 1 entities, in source file system/synthesis/submodules/system_board_kernel_clk_gen_mm_interconnect_0.v
    Info (12023): Found entity 1: system_board_kernel_clk_gen_mm_interconnect_0 File: /sim/tarsio/aocl-channel-smoke-20261008-HSiyqm/aocl_channel_smoke/system/synthesis/submodules/system_board_kernel_clk_gen_mm_interconnect_0.v Line: 9
Info (12021): Found 1 design units, including 1 entities, in source file system/synthesis/submodules/altera_avalon_dc_fifo.v
    Info (12023): Found entity 1: altera_avalon_dc_fifo File: /sim/tarsio/aocl-channel-smoke-20261008-HSiyqm/aocl_channel_smoke/system/synthesis/submodules/altera_avalon_dc_fifo.v Line: 13
Info (12021): Found 1 design units, including 1 entities, in source file system/synthesis/submodules/altera_dcfifo_synchronizer_bundle.v
    Info (12023): Found entity 1: altera_dcfifo_synchronizer_bundle File: /sim/tarsio/aocl-channel-smoke-20261008-HSiyqm/aocl_channel_smoke/system/synthesis/submodules/altera_dcfifo_synchronizer_bundle.v Line: 8
Info (12021): Found 1 design units, including 1 entities, in source file system/synthesis/submodules/system_board_kernel_clk_gen_mm_interconnect_0_rsp_mux.sv
    Info (12023): Found entity 1: system_board_kernel_clk_gen_mm_interconnect_0_rsp_mux File: /sim/tarsio/aocl-channel-smoke-20261008-HSiyqm/aocl_channel_smoke/system/synthesis/submodules/system_board_kernel_clk_gen_mm_interconnect_0_rsp_mux.sv Line: 51
Info (12021): Found 1 design units, including 1 entities, in source file system/synthesis/submodules/system_board_kernel_clk_gen_mm_interconnect_0_rsp_demux_002.sv
    Info (12023): Found entity 1: system_board_kernel_clk_gen_mm_interconnect_0_rsp_demux_002 File: /sim/tarsio/aocl-channel-smoke-20261008-HSiyqm/aocl_channel_smoke/system/synthesis/submodules/system_board_kernel_clk_gen_mm_interconnect_0_rsp_demux_002.sv Line: 43
Info (12021): Found 1 design units, including 1 entities, in source file system/synthesis/submodules/system_board_kernel_clk_gen_mm_interconnect_0_rsp_demux.sv
    Info (12023): Found entity 1: system_board_kernel_clk_gen_mm_interconnect_0_rsp_demux File: /sim/tarsio/aocl-channel-smoke-20261008-HSiyqm/aocl_channel_smoke/system/synthesis/submodules/system_board_kernel_clk_gen_mm_interconnect_0_rsp_demux.sv Line: 43
Info (12021): Found 1 design units, including 1 entities, in source file system/synthesis/submodules/system_board_kernel_clk_gen_mm_interconnect_0_cmd_mux.sv
    Info (12023): Found entity 1: system_board_kernel_clk_gen_mm_interconnect_0_cmd_mux File: /sim/tarsio/aocl-channel-smoke-20261008-HSiyqm/aocl_channel_smoke/system/synthesis/submodules/system_board_kernel_clk_gen_mm_interconnect_0_cmd_mux.sv Line: 51
Info (12021): Found 1 design units, including 1 entities, in source file system/synthesis/submodules/system_board_kernel_clk_gen_mm_interconnect_0_cmd_demux.sv
    Info (12023): Found entity 1: system_board_kernel_clk_gen_mm_interconnect_0_cmd_demux File: /sim/tarsio/aocl-channel-smoke-20261008-HSiyqm/aocl_channel_smoke/system/synthesis/submodules/system_board_kernel_clk_gen_mm_interconnect_0_cmd_demux.sv Line: 43
Info (12021): Found 2 design units, including 2 entities, in source file system/synthesis/submodules/system_board_kernel_clk_gen_mm_interconnect_0_router_001.sv
    Info (12023): Found entity 1: system_board_kernel_clk_gen_mm_interconnect_0_router_001_default_decode File: /sim/tarsio/aocl-channel-smoke-20261008-HSiyqm/aocl_channel_smoke/system/synthesis/submodules/system_board_kernel_clk_gen_mm_interconnect_0_router_001.sv Line: 45
    Info (12023): Found entity 2: system_board_kernel_clk_gen_mm_interconnect_0_router_001 File: /sim/tarsio/aocl-channel-smoke-20261008-HSiyqm/aocl_channel_smoke/system/synthesis/submodules/system_board_kernel_clk_gen_mm_interconnect_0_router_001.sv Line: 84
Info (12021): Found 2 design units, including 2 entities, in source file system/synthesis/submodules/system_board_kernel_clk_gen_mm_interconnect_0_router.sv
    Info (12023): Found entity 1: system_board_kernel_clk_gen_mm_interconnect_0_router_default_decode File: /sim/tarsio/aocl-channel-smoke-20261008-HSiyqm/aocl_channel_smoke/system/synthesis/submodules/system_board_kernel_clk_gen_mm_interconnect_0_router.sv Line: 45
    Info (12023): Found entity 2: system_board_kernel_clk_gen_mm_interconnect_0_router File: /sim/tarsio/aocl-channel-smoke-20261008-HSiyqm/aocl_channel_smoke/system/synthesis/submodules/system_board_kernel_clk_gen_mm_interconnect_0_router.sv Line: 84
Info (12021): Found 1 design units, including 1 entities, in source file system/synthesis/submodules/system_board_kernel_clk_gen_pll_rom.v
    Info (12023): Found entity 1: system_board_kernel_clk_gen_pll_rom File: /sim/tarsio/aocl-channel-smoke-20261008-HSiyqm/aocl_channel_smoke/system/synthesis/submodules/system_board_kernel_clk_gen_pll_rom.v Line: 21
Info (12021): Found 1 design units, including 1 entities, in source file system/synthesis/submodules/pll_lock_avs.v
    Info (12023): Found entity 1: pll_lock_avs File: /sim/tarsio/aocl-channel-smoke-20261008-HSiyqm/aocl_channel_smoke/system/synthesis/submodules/pll_lock_avs.v Line: 1
Info (12021): Found 1 design units, including 1 entities, in source file system/synthesis/submodules/timer.v
    Info (12023): Found entity 1: acl_timer File: /sim/tarsio/aocl-channel-smoke-20261008-HSiyqm/aocl_channel_smoke/system/synthesis/submodules/timer.v Line: 1
Info (12021): Found 1 design units, including 1 entities, in source file system/synthesis/submodules/altera_pll_reconfig_top.v
    Info (12023): Found entity 1: altera_pll_reconfig_top File: /sim/tarsio/aocl-channel-smoke-20261008-HSiyqm/aocl_channel_smoke/system/synthesis/submodules/altera_pll_reconfig_top.v Line: 16
Info (12021): Found 6 design units, including 6 entities, in source file system/synthesis/submodules/altera_pll_reconfig_core.v
    Info (12023): Found entity 1: altera_pll_reconfig_core File: /sim/tarsio/aocl-channel-smoke-20261008-HSiyqm/aocl_channel_smoke/system/synthesis/submodules/altera_pll_reconfig_core.v Line: 16
    Info (12023): Found entity 2: self_reset File: /sim/tarsio/aocl-channel-smoke-20261008-HSiyqm/aocl_channel_smoke/system/synthesis/submodules/altera_pll_reconfig_core.v Line: 1691
    Info (12023): Found entity 3: dprio_mux File: /sim/tarsio/aocl-channel-smoke-20261008-HSiyqm/aocl_channel_smoke/system/synthesis/submodules/altera_pll_reconfig_core.v Line: 1739
    Info (12023): Found entity 4: fpll_dprio_init File: /sim/tarsio/aocl-channel-smoke-20261008-HSiyqm/aocl_channel_smoke/system/synthesis/submodules/altera_pll_reconfig_core.v Line: 1789
    Info (12023): Found entity 5: dyn_phase_shift File: /sim/tarsio/aocl-channel-smoke-20261008-HSiyqm/aocl_channel_smoke/system/synthesis/submodules/altera_pll_reconfig_core.v Line: 1884
    Info (12023): Found entity 6: generic_lcell_comb File: /sim/tarsio/aocl-channel-smoke-20261008-HSiyqm/aocl_channel_smoke/system/synthesis/submodules/altera_pll_reconfig_core.v Line: 2112
Warning (12090): Entity "altera_std_synchronizer" obtained from "system/synthesis/submodules/altera_std_synchronizer.v" instead of from Quartus Prime megafunction library File: /sim/tarsio/aocl-channel-smoke-20261008-HSiyqm/aocl_channel_smoke/system/synthesis/submodules/altera_std_synchronizer.v Line: 37
Info (12021): Found 1 design units, including 1 entities, in source file system/synthesis/submodules/altera_std_synchronizer.v
    Info (12023): Found entity 1: altera_std_synchronizer File: /sim/tarsio/aocl-channel-smoke-20261008-HSiyqm/aocl_channel_smoke/system/synthesis/submodules/altera_std_synchronizer.v Line: 37
Info (12021): Found 1 design units, including 1 entities, in source file system/synthesis/submodules/system_board_kernel_clk_gen_kernel_pll.v
    Info (12023): Found entity 1: system_board_kernel_clk_gen_kernel_pll File: /sim/tarsio/aocl-channel-smoke-20261008-HSiyqm/aocl_channel_smoke/system/synthesis/submodules/system_board_kernel_clk_gen_kernel_pll.v Line: 2
Info (12021): Found 1 design units, including 1 entities, in source file system/synthesis/submodules/temperature.v
    Info (12023): Found entity 1: temperature File: /sim/tarsio/aocl-channel-smoke-20261008-HSiyqm/aocl_channel_smoke/system/synthesis/submodules/temperature.v Line: 1
Info (12021): Found 2 design units, including 2 entities, in source file system/synthesis/submodules/temp_sense.v
    Info (12023): Found entity 1: temp_sense_alttemp_sense_v8t File: /sim/tarsio/aocl-channel-smoke-20261008-HSiyqm/aocl_channel_smoke/system/synthesis/submodules/temp_sense.v Line: 47
    Info (12023): Found entity 2: temp_sense File: /sim/tarsio/aocl-channel-smoke-20261008-HSiyqm/aocl_channel_smoke/system/synthesis/submodules/temp_sense.v Line: 93
Info (12021): Found 1 design units, including 1 entities, in source file system/synthesis/submodules/system_board_temperature_pll.v
    Info (12023): Found entity 1: system_board_temperature_pll File: /sim/tarsio/aocl-channel-smoke-20261008-HSiyqm/aocl_channel_smoke/system/synthesis/submodules/system_board_temperature_pll.v Line: 2
Info (12021): Found 1 design units, including 1 entities, in source file system/synthesis/submodules/altera_avalon_mm_clock_crossing_bridge.v
    Info (12023): Found entity 1: altera_avalon_mm_clock_crossing_bridge File: /sim/tarsio/aocl-channel-smoke-20261008-HSiyqm/aocl_channel_smoke/system/synthesis/submodules/altera_avalon_mm_clock_crossing_bridge.v Line: 30
Info (12021): Found 1 design units, including 1 entities, in source file system/synthesis/submodules/system_board_ddr3b.v
    Info (12023): Found entity 1: system_board_ddr3b File: /sim/tarsio/aocl-channel-smoke-20261008-HSiyqm/aocl_channel_smoke/system/synthesis/submodules/system_board_ddr3b.v Line: 9
Info (12021): Found 1 design units, including 1 entities, in source file system/synthesis/submodules/system_board_ddr3a_c0.v
    Info (12023): Found entity 1: system_board_ddr3a_c0 File: /sim/tarsio/aocl-channel-smoke-20261008-HSiyqm/aocl_channel_smoke/system/synthesis/submodules/system_board_ddr3a_c0.v Line: 9
Info (12021): Found 1 design units, including 1 entities, in source file system/synthesis/submodules/alt_mem_ddrx_mm_st_converter.v
    Info (12023): Found entity 1: alt_mem_ddrx_mm_st_converter File: /sim/tarsio/aocl-channel-smoke-20261008-HSiyqm/aocl_channel_smoke/system/synthesis/submodules/alt_mem_ddrx_mm_st_converter.v Line: 26
Info (12021): Found 1 design units, including 1 entities, in source file system/synthesis/submodules/alt_mem_ddrx_addr_cmd.v
    Info (12023): Found entity 1: alt_mem_ddrx_addr_cmd File: /sim/tarsio/aocl-channel-smoke-20261008-HSiyqm/aocl_channel_smoke/system/synthesis/submodules/alt_mem_ddrx_addr_cmd.v Line: 27
Info (12021): Found 1 design units, including 1 entities, in source file system/synthesis/submodules/alt_mem_ddrx_addr_cmd_wrap.v
    Info (12023): Found entity 1: alt_mem_ddrx_addr_cmd_wrap File: /sim/tarsio/aocl-channel-smoke-20261008-HSiyqm/aocl_channel_smoke/system/synthesis/submodules/alt_mem_ddrx_addr_cmd_wrap.v Line: 21
Info (12021): Found 1 design units, including 1 entities, in source file system/synthesis/submodules/alt_mem_ddrx_ddr2_odt_gen.v
    Info (12023): Found entity 1: alt_mem_ddrx_ddr2_odt_gen File: /sim/tarsio/aocl-channel-smoke-20261008-HSiyqm/aocl_channel_smoke/system/synthesis/submodules/alt_mem_ddrx_ddr2_odt_gen.v Line: 21
Info (12021): Found 1 design units, including 1 entities, in source file system/synthesis/submodules/alt_mem_ddrx_ddr3_odt_gen.v
    Info (12023): Found entity 1: alt_mem_ddrx_ddr3_odt_gen File: /sim/tarsio/aocl-channel-smoke-20261008-HSiyqm/aocl_channel_smoke/system/synthesis/submodules/alt_mem_ddrx_ddr3_odt_gen.v Line: 18
Info (12021): Found 1 design units, including 1 entities, in source file system/synthesis/submodules/alt_mem_ddrx_lpddr2_addr_cmd.v
    Info (12023): Found entity 1: alt_mem_ddrx_lpddr2_addr_cmd File: /sim/tarsio/aocl-channel-smoke-20261008-HSiyqm/aocl_channel_smoke/system/synthesis/submodules/alt_mem_ddrx_lpddr2_addr_cmd.v Line: 23
Info (12021): Found 1 design units, including 1 entities, in source file system/synthesis/submodules/alt_mem_ddrx_odt_gen.v
    Info (12023): Found entity 1: alt_mem_ddrx_odt_gen File: /sim/tarsio/aocl-channel-smoke-20261008-HSiyqm/aocl_channel_smoke/system/synthesis/submodules/alt_mem_ddrx_odt_gen.v Line: 20
Info (12021): Found 1 design units, including 1 entities, in source file system/synthesis/submodules/alt_mem_ddrx_rdwr_data_tmg.v
    Info (12023): Found entity 1: alt_mem_ddrx_rdwr_data_tmg File: /sim/tarsio/aocl-channel-smoke-20261008-HSiyqm/aocl_channel_smoke/system/synthesis/submodules/alt_mem_ddrx_rdwr_data_tmg.v Line: 35
Info (12021): Found 1 design units, including 1 entities, in source file system/synthesis/submodules/alt_mem_ddrx_arbiter.v
    Info (12023): Found entity 1: alt_mem_ddrx_arbiter File: /sim/tarsio/aocl-channel-smoke-20261008-HSiyqm/aocl_channel_smoke/system/synthesis/submodules/alt_mem_ddrx_arbiter.v Line: 18
Info (12021): Found 1 design units, including 1 entities, in source file system/synthesis/submodules/alt_mem_ddrx_burst_gen.v
    Info (12023): Found entity 1: alt_mem_ddrx_burst_gen File: /sim/tarsio/aocl-channel-smoke-20261008-HSiyqm/aocl_channel_smoke/system/synthesis/submodules/alt_mem_ddrx_burst_gen.v Line: 20
Info (12021): Found 1 design units, including 1 entities, in source file system/synthesis/submodules/alt_mem_ddrx_cmd_gen.v
    Info (12023): Found entity 1: alt_mem_ddrx_cmd_gen File: /sim/tarsio/aocl-channel-smoke-20261008-HSiyqm/aocl_channel_smoke/system/synthesis/submodules/alt_mem_ddrx_cmd_gen.v Line: 20
Info (12021): Found 1 design units, including 1 entities, in source file system/synthesis/submodules/alt_mem_ddrx_csr.v
    Info (12023): Found entity 1: alt_mem_ddrx_csr File: /sim/tarsio/aocl-channel-smoke-20261008-HSiyqm/aocl_channel_smoke/system/synthesis/submodules/alt_mem_ddrx_csr.v Line: 18
Info (12021): Found 1 design units, including 1 entities, in source file system/synthesis/submodules/alt_mem_ddrx_buffer.v
    Info (12023): Found entity 1: alt_mem_ddrx_buffer File: /sim/tarsio/aocl-channel-smoke-20261008-HSiyqm/aocl_channel_smoke/system/synthesis/submodules/alt_mem_ddrx_buffer.v Line: 17
Info (12021): Found 1 design units, including 1 entities, in source file system/synthesis/submodules/alt_mem_ddrx_buffer_manager.v
    Info (12023): Found entity 1: alt_mem_ddrx_buffer_manager File: /sim/tarsio/aocl-channel-smoke-20261008-HSiyqm/aocl_channel_smoke/system/synthesis/submodules/alt_mem_ddrx_buffer_manager.v Line: 17
Info (12021): Found 1 design units, including 1 entities, in source file system/synthesis/submodules/alt_mem_ddrx_burst_tracking.v
    Info (12023): Found entity 1: alt_mem_ddrx_burst_tracking File: /sim/tarsio/aocl-channel-smoke-20261008-HSiyqm/aocl_channel_smoke/system/synthesis/submodules/alt_mem_ddrx_burst_tracking.v Line: 19
Info (12021): Found 1 design units, including 1 entities, in source file system/synthesis/submodules/alt_mem_ddrx_dataid_manager.v
    Info (12023): Found entity 1: alt_mem_ddrx_dataid_manager File: /sim/tarsio/aocl-channel-smoke-20261008-HSiyqm/aocl_channel_smoke/system/synthesis/submodules/alt_mem_ddrx_dataid_manager.v Line: 19
Info (12021): Found 1 design units, including 1 entities, in source file system/synthesis/submodules/alt_mem_ddrx_fifo.v
    Info (12023): Found entity 1: alt_mem_ddrx_fifo File: /sim/tarsio/aocl-channel-smoke-20261008-HSiyqm/aocl_channel_smoke/system/synthesis/submodules/alt_mem_ddrx_fifo.v Line: 17
Info (12021): Found 1 design units, including 1 entities, in source file system/synthesis/submodules/alt_mem_ddrx_list.v
    Info (12023): Found entity 1: alt_mem_ddrx_list File: /sim/tarsio/aocl-channel-smoke-20261008-HSiyqm/aocl_channel_smoke/system/synthesis/submodules/alt_mem_ddrx_list.v Line: 19
Info (12021): Found 1 design units, including 1 entities, in source file system/synthesis/submodules/alt_mem_ddrx_rdata_path.v
    Info (12023): Found entity 1: alt_mem_ddrx_rdata_path File: /sim/tarsio/aocl-channel-smoke-20261008-HSiyqm/aocl_channel_smoke/system/synthesis/submodules/alt_mem_ddrx_rdata_path.v Line: 21
Info (12021): Found 1 design units, including 1 entities, in source file system/synthesis/submodules/alt_mem_ddrx_wdata_path.v
    Info (12023): Found entity 1: alt_mem_ddrx_wdata_path File: /sim/tarsio/aocl-channel-smoke-20261008-HSiyqm/aocl_channel_smoke/system/synthesis/submodules/alt_mem_ddrx_wdata_path.v Line: 18
Info (12021): Found 1 design units, including 1 entities, in source file system/synthesis/submodules/alt_mem_ddrx_ecc_decoder.v
    Info (12023): Found entity 1: alt_mem_ddrx_ecc_decoder File: /sim/tarsio/aocl-channel-smoke-20261008-HSiyqm/aocl_channel_smoke/system/synthesis/submodules/alt_mem_ddrx_ecc_decoder.v Line: 18
Info (12021): Found 3 design units, including 3 entities, in source file system/synthesis/submodules/alt_mem_ddrx_ecc_decoder_32_syn.v
    Info (12023): Found entity 1: alt_mem_ddrx_ecc_decoder_32_decode File: /sim/tarsio/aocl-channel-smoke-20261008-HSiyqm/aocl_channel_smoke/system/synthesis/submodules/alt_mem_ddrx_ecc_decoder_32_syn.v Line: 63
    Info (12023): Found entity 2: alt_mem_ddrx_ecc_decoder_32_altecc_decoder File: /sim/tarsio/aocl-channel-smoke-20261008-HSiyqm/aocl_channel_smoke/system/synthesis/submodules/alt_mem_ddrx_ecc_decoder_32_syn.v Line: 238
    Info (12023): Found entity 3: alt_mem_ddrx_ecc_decoder_32 File: /sim/tarsio/aocl-channel-smoke-20261008-HSiyqm/aocl_channel_smoke/system/synthesis/submodules/alt_mem_ddrx_ecc_decoder_32_syn.v Line: 412
Info (12021): Found 3 design units, including 3 entities, in source file system/synthesis/submodules/alt_mem_ddrx_ecc_decoder_64_syn.v
    Info (12023): Found entity 1: alt_mem_ddrx_ecc_decoder_64_decode File: /sim/tarsio/aocl-channel-smoke-20261008-HSiyqm/aocl_channel_smoke/system/synthesis/submodules/alt_mem_ddrx_ecc_decoder_64_syn.v Line: 63
    Info (12023): Found entity 2: alt_mem_ddrx_ecc_decoder_64_altecc_decoder File: /sim/tarsio/aocl-channel-smoke-20261008-HSiyqm/aocl_channel_smoke/system/synthesis/submodules/alt_mem_ddrx_ecc_decoder_64_syn.v Line: 390
    Info (12023): Found entity 3: alt_mem_ddrx_ecc_decoder_64 File: /sim/tarsio/aocl-channel-smoke-20261008-HSiyqm/aocl_channel_smoke/system/synthesis/submodules/alt_mem_ddrx_ecc_decoder_64_syn.v Line: 630
Info (12021): Found 1 design units, including 1 entities, in source file system/synthesis/submodules/alt_mem_ddrx_ecc_encoder.v
    Info (12023): Found entity 1: alt_mem_ddrx_ecc_encoder File: /sim/tarsio/aocl-channel-smoke-20261008-HSiyqm/aocl_channel_smoke/system/synthesis/submodules/alt_mem_ddrx_ecc_encoder.v Line: 18
Info (12021): Found 2 design units, including 2 entities, in source file system/synthesis/submodules/alt_mem_ddrx_ecc_encoder_32_syn.v
    Info (12023): Found entity 1: alt_mem_ddrx_ecc_encoder_32_altecc_encoder File: /sim/tarsio/aocl-channel-smoke-20261008-HSiyqm/aocl_channel_smoke/system/synthesis/submodules/alt_mem_ddrx_ecc_encoder_32_syn.v Line: 59
    Info (12023): Found entity 2: alt_mem_ddrx_ecc_encoder_32 File: /sim/tarsio/aocl-channel-smoke-20261008-HSiyqm/aocl_channel_smoke/system/synthesis/submodules/alt_mem_ddrx_ecc_encoder_32_syn.v Line: 229
Info (12021): Found 2 design units, including 2 entities, in source file system/synthesis/submodules/alt_mem_ddrx_ecc_encoder_64_syn.v
    Info (12023): Found entity 1: alt_mem_ddrx_ecc_encoder_64_altecc_encoder File: /sim/tarsio/aocl-channel-smoke-20261008-HSiyqm/aocl_channel_smoke/system/synthesis/submodules/alt_mem_ddrx_ecc_encoder_64_syn.v Line: 59
    Info (12023): Found entity 2: alt_mem_ddrx_ecc_encoder_64 File: /sim/tarsio/aocl-channel-smoke-20261008-HSiyqm/aocl_channel_smoke/system/synthesis/submodules/alt_mem_ddrx_ecc_encoder_64_syn.v Line: 328
Info (12021): Found 1 design units, including 1 entities, in source file system/synthesis/submodules/alt_mem_ddrx_ecc_encoder_decoder_wrapper.v
    Info (12023): Found entity 1: alt_mem_ddrx_ecc_encoder_decoder_wrapper File: /sim/tarsio/aocl-channel-smoke-20261008-HSiyqm/aocl_channel_smoke/system/synthesis/submodules/alt_mem_ddrx_ecc_encoder_decoder_wrapper.v Line: 18
Info (12021): Found 1 design units, including 1 entities, in source file system/synthesis/submodules/alt_mem_ddrx_axi_st_converter.v
    Info (12023): Found entity 1: alt_mem_ddrx_axi_st_converter File: /sim/tarsio/aocl-channel-smoke-20261008-HSiyqm/aocl_channel_smoke/system/synthesis/submodules/alt_mem_ddrx_axi_st_converter.v Line: 15
Info (12021): Found 1 design units, including 1 entities, in source file system/synthesis/submodules/alt_mem_ddrx_input_if.v
    Info (12023): Found entity 1: alt_mem_ddrx_input_if File: /sim/tarsio/aocl-channel-smoke-20261008-HSiyqm/aocl_channel_smoke/system/synthesis/submodules/alt_mem_ddrx_input_if.v Line: 15
Info (12021): Found 1 design units, including 1 entities, in source file system/synthesis/submodules/alt_mem_ddrx_rank_timer.v
    Info (12023): Found entity 1: alt_mem_ddrx_rank_timer File: /sim/tarsio/aocl-channel-smoke-20261008-HSiyqm/aocl_channel_smoke/system/synthesis/submodules/alt_mem_ddrx_rank_timer.v Line: 20
Info (12021): Found 1 design units, including 1 entities, in source file system/synthesis/submodules/alt_mem_ddrx_sideband.v
    Info (12023): Found entity 1: alt_mem_ddrx_sideband File: /sim/tarsio/aocl-channel-smoke-20261008-HSiyqm/aocl_channel_smoke/system/synthesis/submodules/alt_mem_ddrx_sideband.v Line: 20
Info (12021): Found 1 design units, including 1 entities, in source file system/synthesis/submodules/alt_mem_ddrx_tbp.v
    Info (12023): Found entity 1: alt_mem_ddrx_tbp File: /sim/tarsio/aocl-channel-smoke-20261008-HSiyqm/aocl_channel_smoke/system/synthesis/submodules/alt_mem_ddrx_tbp.v Line: 20
Info (12021): Found 1 design units, including 1 entities, in source file system/synthesis/submodules/alt_mem_ddrx_timing_param.v
    Info (12023): Found entity 1: alt_mem_ddrx_timing_param File: /sim/tarsio/aocl-channel-smoke-20261008-HSiyqm/aocl_channel_smoke/system/synthesis/submodules/alt_mem_ddrx_timing_param.v Line: 20
Info (12021): Found 1 design units, including 1 entities, in source file system/synthesis/submodules/alt_mem_ddrx_controller.v
    Info (12023): Found entity 1: alt_mem_ddrx_controller File: /sim/tarsio/aocl-channel-smoke-20261008-HSiyqm/aocl_channel_smoke/system/synthesis/submodules/alt_mem_ddrx_controller.v Line: 17
Info (12021): Found 1 design units, including 1 entities, in source file system/synthesis/submodules/alt_mem_ddrx_controller_st_top.v
    Info (12023): Found entity 1: alt_mem_ddrx_controller_st_top File: /sim/tarsio/aocl-channel-smoke-20261008-HSiyqm/aocl_channel_smoke/system/synthesis/submodules/alt_mem_ddrx_controller_st_top.v Line: 24
Info (12021): Found 1 design units, including 1 entities, in source file system/synthesis/submodules/alt_mem_if_nextgen_ddr3_controller_core.sv
    Info (12023): Found entity 1: alt_mem_if_nextgen_ddr3_controller_core File: /sim/tarsio/aocl-channel-smoke-20261008-HSiyqm/aocl_channel_smoke/system/synthesis/submodules/alt_mem_if_nextgen_ddr3_controller_core.sv Line: 18
Info (12021): Found 1 design units, including 1 entities, in source file system/synthesis/submodules/system_board_ddr3b_s0.v
    Info (12023): Found entity 1: system_board_ddr3b_s0 File: /sim/tarsio/aocl-channel-smoke-20261008-HSiyqm/aocl_channel_smoke/system/synthesis/submodules/system_board_ddr3b_s0.v Line: 9
Info (12021): Found 1 design units, including 1 entities, in source file system/synthesis/submodules/rw_manager_di_buffer.v
    Info (12023): Found entity 1: rw_manager_di_buffer File: /sim/tarsio/aocl-channel-smoke-20261008-HSiyqm/aocl_channel_smoke/system/synthesis/submodules/rw_manager_di_buffer.v Line: 22
Info (12021): Found 1 design units, including 1 entities, in source file system/synthesis/submodules/sequencer_scc_acv_phase_decode.v
    Info (12023): Found entity 1: sequencer_scc_acv_phase_decode File: /sim/tarsio/aocl-channel-smoke-20261008-HSiyqm/aocl_channel_smoke/system/synthesis/submodules/sequencer_scc_acv_phase_decode.v Line: 17
Info (12021): Found 1 design units, including 1 entities, in source file system/synthesis/submodules/rw_manager_lfsr36.v
    Info (12023): Found entity 1: rw_manager_lfsr36 File: /sim/tarsio/aocl-channel-smoke-20261008-HSiyqm/aocl_channel_smoke/system/synthesis/submodules/rw_manager_lfsr36.v Line: 16
Info (12021): Found 1 design units, including 1 entities, in source file system/synthesis/submodules/system_board_ddr3b_s0_mm_interconnect_0_cmd_mux.sv
    Info (12023): Found entity 1: system_board_ddr3b_s0_mm_interconnect_0_cmd_mux File: /sim/tarsio/aocl-channel-smoke-20261008-HSiyqm/aocl_channel_smoke/system/synthesis/submodules/system_board_ddr3b_s0_mm_interconnect_0_cmd_mux.sv Line: 51
Info (12021): Found 1 design units, including 1 entities, in source file system/synthesis/submodules/rw_manager_bitcheck.v
    Info (12023): Found entity 1: rw_manager_bitcheck File: /sim/tarsio/aocl-channel-smoke-20261008-HSiyqm/aocl_channel_smoke/system/synthesis/submodules/rw_manager_bitcheck.v Line: 16
Info (12021): Found 1 design units, including 1 entities, in source file system/synthesis/submodules/sequencer_scc_sv_phase_decode.v
    Info (12023): Found entity 1: sequencer_scc_sv_phase_decode File: /sim/tarsio/aocl-channel-smoke-20261008-HSiyqm/aocl_channel_smoke/system/synthesis/submodules/sequencer_scc_sv_phase_decode.v Line: 17
Info (12021): Found 1 design units, including 1 entities, in source file system/synthesis/submodules/system_board_ddr3b_s0_mm_interconnect_0_avalon_st_adapter.v
    Info (12023): Found entity 1: system_board_ddr3b_s0_mm_interconnect_0_avalon_st_adapter File: /sim/tarsio/aocl-channel-smoke-20261008-HSiyqm/aocl_channel_smoke/system/synthesis/submodules/system_board_ddr3b_s0_mm_interconnect_0_avalon_st_adapter.v Line: 9
Info (12021): Found 1 design units, including 1 entities, in source file system/synthesis/submodules/altera_mem_if_sequencer_rst.sv
    Info (12023): Found entity 1: altera_mem_if_sequencer_rst File: /sim/tarsio/aocl-channel-smoke-20261008-HSiyqm/aocl_channel_smoke/system/synthesis/submodules/altera_mem_if_sequencer_rst.sv Line: 18
Info (12021): Found 1 design units, including 1 entities, in source file system/synthesis/submodules/system_board_ddr3b_s0_irq_mapper.sv
    Info (12023): Found entity 1: system_board_ddr3b_s0_irq_mapper File: /sim/tarsio/aocl-channel-smoke-20261008-HSiyqm/aocl_channel_smoke/system/synthesis/submodules/system_board_ddr3b_s0_irq_mapper.sv Line: 31
Info (12021): Found 1 design units, including 1 entities, in source file system/synthesis/submodules/rw_manager_ram.v
    Info (12023): Found entity 1: rw_manager_ram File: /sim/tarsio/aocl-channel-smoke-20261008-HSiyqm/aocl_channel_smoke/system/synthesis/submodules/rw_manager_ram.v Line: 16
Info (12021): Found 1 design units, including 1 entities, in source file system/synthesis/submodules/rw_manager_ram_csr.v
    Info (12023): Found entity 1: rw_manager_ram_csr File: /sim/tarsio/aocl-channel-smoke-20261008-HSiyqm/aocl_channel_smoke/system/synthesis/submodules/rw_manager_ram_csr.v Line: 16
Info (12021): Found 1 design units, including 1 entities, in source file system/synthesis/submodules/rw_manager_generic.sv
    Info (12023): Found entity 1: rw_manager_generic File: /sim/tarsio/aocl-channel-smoke-20261008-HSiyqm/aocl_channel_smoke/system/synthesis/submodules/rw_manager_generic.sv Line: 18
Info (12021): Found 1 design units, including 1 entities, in source file system/synthesis/submodules/rw_manager_read_datapath.v
    Info (12023): Found entity 1: rw_manager_read_datapath File: /sim/tarsio/aocl-channel-smoke-20261008-HSiyqm/aocl_channel_smoke/system/synthesis/submodules/rw_manager_read_datapath.v Line: 16
Info (12021): Found 2 design units, including 2 entities, in source file system/synthesis/submodules/system_board_ddr3b_s0_mm_interconnect_0_router.sv
    Info (12023): Found entity 1: system_board_ddr3b_s0_mm_interconnect_0_router_default_decode File: /sim/tarsio/aocl-channel-smoke-20261008-HSiyqm/aocl_channel_smoke/system/synthesis/submodules/system_board_ddr3b_s0_mm_interconnect_0_router.sv Line: 45
    Info (12023): Found entity 2: system_board_ddr3b_s0_mm_interconnect_0_router File: /sim/tarsio/aocl-channel-smoke-20261008-HSiyqm/aocl_channel_smoke/system/synthesis/submodules/system_board_ddr3b_s0_mm_interconnect_0_router.sv Line: 84
Info (12021): Found 1 design units, including 1 entities, in source file system/synthesis/submodules/system_board_ddr3b_s0_mm_interconnect_0_rsp_demux_003.sv
    Info (12023): Found entity 1: system_board_ddr3b_s0_mm_interconnect_0_rsp_demux_003 File: /sim/tarsio/aocl-channel-smoke-20261008-HSiyqm/aocl_channel_smoke/system/synthesis/submodules/system_board_ddr3b_s0_mm_interconnect_0_rsp_demux_003.sv Line: 43
Info (12021): Found 1 design units, including 1 entities, in source file system/synthesis/submodules/rw_manager_inst_ROM_no_ifdef_params.v
    Info (12023): Found entity 1: rw_manager_inst_ROM_no_ifdef_params File: /sim/tarsio/aocl-channel-smoke-20261008-HSiyqm/aocl_channel_smoke/system/synthesis/submodules/rw_manager_inst_ROM_no_ifdef_params.v Line: 22
Info (12021): Found 1 design units, including 1 entities, in source file system/synthesis/submodules/sequencer_scc_acv_wrapper.sv
    Info (12023): Found entity 1: sequencer_scc_acv_wrapper File: /sim/tarsio/aocl-channel-smoke-20261008-HSiyqm/aocl_channel_smoke/system/synthesis/submodules/sequencer_scc_acv_wrapper.sv Line: 18
Info (12021): Found 1 design units, including 1 entities, in source file system/synthesis/submodules/sequencer_scc_sv_wrapper.sv
    Info (12023): Found entity 1: sequencer_scc_sv_wrapper File: /sim/tarsio/aocl-channel-smoke-20261008-HSiyqm/aocl_channel_smoke/system/synthesis/submodules/sequencer_scc_sv_wrapper.sv Line: 17
Info (12021): Found 1 design units, including 1 entities, in source file system/synthesis/submodules/rw_manager_dm_decoder.v
    Info (12023): Found entity 1: rw_manager_dm_decoder File: /sim/tarsio/aocl-channel-smoke-20261008-HSiyqm/aocl_channel_smoke/system/synthesis/submodules/rw_manager_dm_decoder.v Line: 17
Info (12021): Found 1 design units, including 1 entities, in source file system/synthesis/submodules/rw_manager_lfsr12.v
    Info (12023): Found entity 1: rw_manager_lfsr12 File: /sim/tarsio/aocl-channel-smoke-20261008-HSiyqm/aocl_channel_smoke/system/synthesis/submodules/rw_manager_lfsr12.v Line: 16
Info (12021): Found 1 design units, including 1 entities, in source file system/synthesis/submodules/rw_manager_lfsr72.v
    Info (12023): Found entity 1: rw_manager_lfsr72 File: /sim/tarsio/aocl-channel-smoke-20261008-HSiyqm/aocl_channel_smoke/system/synthesis/submodules/rw_manager_lfsr72.v Line: 16
Info (12021): Found 1 design units, including 1 entities, in source file system/synthesis/submodules/rw_manager_jumplogic.v
    Info (12023): Found entity 1: rw_manager_jumplogic File: /sim/tarsio/aocl-channel-smoke-20261008-HSiyqm/aocl_channel_smoke/system/synthesis/submodules/rw_manager_jumplogic.v Line: 16
Info (12021): Found 1 design units, including 1 entities, in source file system/synthesis/submodules/rw_manager_ac_ROM_no_ifdef_params.v
    Info (12023): Found entity 1: rw_manager_ac_ROM_no_ifdef_params File: /sim/tarsio/aocl-channel-smoke-20261008-HSiyqm/aocl_channel_smoke/system/synthesis/submodules/rw_manager_ac_ROM_no_ifdef_params.v Line: 22
Info (12021): Found 1 design units, including 1 entities, in source file system/synthesis/submodules/rw_manager_write_decoder.v
    Info (12023): Found entity 1: rw_manager_write_decoder File: /sim/tarsio/aocl-channel-smoke-20261008-HSiyqm/aocl_channel_smoke/system/synthesis/submodules/rw_manager_write_decoder.v Line: 16
Info (12021): Found 3 design units, including 3 entities, in source file system/synthesis/submodules/altera_mem_if_sequencer_cpu_no_ifdef_params_synth_cpu_inst.v
    Info (12023): Found entity 1: altera_mem_if_sequencer_cpu_no_ifdef_params_synth_cpu_inst_register_bank_a_module File: /sim/tarsio/aocl-channel-smoke-20261008-HSiyqm/aocl_channel_smoke/system/synthesis/submodules/altera_mem_if_sequencer_cpu_no_ifdef_params_synth_cpu_inst.v Line: 34
    Info (12023): Found entity 2: altera_mem_if_sequencer_cpu_no_ifdef_params_synth_cpu_inst_register_bank_b_module File: /sim/tarsio/aocl-channel-smoke-20261008-HSiyqm/aocl_channel_smoke/system/synthesis/submodules/altera_mem_if_sequencer_cpu_no_ifdef_params_synth_cpu_inst.v Line: 97
    Info (12023): Found entity 3: altera_mem_if_sequencer_cpu_no_ifdef_params_synth_cpu_inst File: /sim/tarsio/aocl-channel-smoke-20261008-HSiyqm/aocl_channel_smoke/system/synthesis/submodules/altera_mem_if_sequencer_cpu_no_ifdef_params_synth_cpu_inst.v Line: 159
Info (12021): Found 1 design units, including 1 entities, in source file system/synthesis/submodules/sequencer_phy_mgr.sv
    Info (12023): Found entity 1: sequencer_phy_mgr File: /sim/tarsio/aocl-channel-smoke-20261008-HSiyqm/aocl_channel_smoke/system/synthesis/submodules/sequencer_phy_mgr.sv Line: 73
Info (12021): Found 2 design units, including 2 entities, in source file system/synthesis/submodules/system_board_ddr3b_s0_mm_interconnect_0_router_005.sv
    Info (12023): Found entity 1: system_board_ddr3b_s0_mm_interconnect_0_router_005_default_decode File: /sim/tarsio/aocl-channel-smoke-20261008-HSiyqm/aocl_channel_smoke/system/synthesis/submodules/system_board_ddr3b_s0_mm_interconnect_0_router_005.sv Line: 45
    Info (12023): Found entity 2: system_board_ddr3b_s0_mm_interconnect_0_router_005 File: /sim/tarsio/aocl-channel-smoke-20261008-HSiyqm/aocl_channel_smoke/system/synthesis/submodules/system_board_ddr3b_s0_mm_interconnect_0_router_005.sv Line: 84
Info (12021): Found 1 design units, including 1 entities, in source file system/synthesis/submodules/sequencer_scc_siii_wrapper.sv
    Info (12023): Found entity 1: sequencer_scc_siii_wrapper File: /sim/tarsio/aocl-channel-smoke-20261008-HSiyqm/aocl_channel_smoke/system/synthesis/submodules/sequencer_scc_siii_wrapper.sv Line: 17
Info (12021): Found 1 design units, including 1 entities, in source file system/synthesis/submodules/sequencer_reg_file.sv
    Info (12023): Found entity 1: sequencer_reg_file File: /sim/tarsio/aocl-channel-smoke-20261008-HSiyqm/aocl_channel_smoke/system/synthesis/submodules/sequencer_reg_file.sv Line: 37
Info (12021): Found 1 design units, including 1 entities, in source file system/synthesis/submodules/rw_manager_pattern_fifo.v
    Info (12023): Found entity 1: rw_manager_pattern_fifo File: /sim/tarsio/aocl-channel-smoke-20261008-HSiyqm/aocl_channel_smoke/system/synthesis/submodules/rw_manager_pattern_fifo.v Line: 22
Info (12021): Found 1 design units, including 1 entities, in source file system/synthesis/submodules/system_board_ddr3b_s0_mm_interconnect_0_cmd_mux_003.sv
    Info (12023): Found entity 1: system_board_ddr3b_s0_mm_interconnect_0_cmd_mux_003 File: /sim/tarsio/aocl-channel-smoke-20261008-HSiyqm/aocl_channel_smoke/system/synthesis/submodules/system_board_ddr3b_s0_mm_interconnect_0_cmd_mux_003.sv Line: 51
Info (12021): Found 1 design units, including 1 entities, in source file system/synthesis/submodules/rw_manager_datamux.v
    Info (12023): Found entity 1: rw_manager_datamux File: /sim/tarsio/aocl-channel-smoke-20261008-HSiyqm/aocl_channel_smoke/system/synthesis/submodules/rw_manager_datamux.v Line: 16
Info (12021): Found 1 design units, including 1 entities, in source file system/synthesis/submodules/system_board_ddr3b_s0_mm_interconnect_0_cmd_demux_001.sv
    Info (12023): Found entity 1: system_board_ddr3b_s0_mm_interconnect_0_cmd_demux_001 File: /sim/tarsio/aocl-channel-smoke-20261008-HSiyqm/aocl_channel_smoke/system/synthesis/submodules/system_board_ddr3b_s0_mm_interconnect_0_cmd_demux_001.sv Line: 43
Info (12021): Found 2 design units, including 2 entities, in source file system/synthesis/submodules/system_board_ddr3b_s0_mm_interconnect_0_router_002.sv
    Info (12023): Found entity 1: system_board_ddr3b_s0_mm_interconnect_0_router_002_default_decode File: /sim/tarsio/aocl-channel-smoke-20261008-HSiyqm/aocl_channel_smoke/system/synthesis/submodules/system_board_ddr3b_s0_mm_interconnect_0_router_002.sv Line: 45
    Info (12023): Found entity 2: system_board_ddr3b_s0_mm_interconnect_0_router_002 File: /sim/tarsio/aocl-channel-smoke-20261008-HSiyqm/aocl_channel_smoke/system/synthesis/submodules/system_board_ddr3b_s0_mm_interconnect_0_router_002.sv Line: 84
Info (12021): Found 1 design units, including 1 entities, in source file system/synthesis/submodules/rw_manager_ddr3.v
    Info (12023): Found entity 1: rw_manager_ddr3 File: /sim/tarsio/aocl-channel-smoke-20261008-HSiyqm/aocl_channel_smoke/system/synthesis/submodules/rw_manager_ddr3.v Line: 17
Info (12021): Found 1 design units, including 1 entities, in source file system/synthesis/submodules/system_board_ddr3b_s0_mm_interconnect_0_avalon_st_adapter_error_adapter_0.sv
    Info (12023): Found entity 1: system_board_ddr3b_s0_mm_interconnect_0_avalon_st_adapter_error_adapter_0 File: /sim/tarsio/aocl-channel-smoke-20261008-HSiyqm/aocl_channel_smoke/system/synthesis/submodules/system_board_ddr3b_s0_mm_interconnect_0_avalon_st_adapter_error_adapter_0.sv Line: 66
Info (12021): Found 1 design units, including 1 entities, in source file system/synthesis/submodules/system_board_ddr3b_s0_mm_interconnect_0.v
    Info (12023): Found entity 1: system_board_ddr3b_s0_mm_interconnect_0 File: /sim/tarsio/aocl-channel-smoke-20261008-HSiyqm/aocl_channel_smoke/system/synthesis/submodules/system_board_ddr3b_s0_mm_interconnect_0.v Line: 9
Info (12021): Found 1 design units, including 1 entities, in source file system/synthesis/submodules/rw_manager_inst_ROM_reg.v
    Info (12023): Found entity 1: rw_manager_inst_ROM_reg File: /sim/tarsio/aocl-channel-smoke-20261008-HSiyqm/aocl_channel_smoke/system/synthesis/submodules/rw_manager_inst_ROM_reg.v Line: 17
Info (12021): Found 1 design units, including 1 entities, in source file system/synthesis/submodules/altera_mem_if_sequencer_mem_no_ifdef_params.sv
    Info (12023): Found entity 1: altera_mem_if_sequencer_mem_no_ifdef_params File: /sim/tarsio/aocl-channel-smoke-20261008-HSiyqm/aocl_channel_smoke/system/synthesis/submodules/altera_mem_if_sequencer_mem_no_ifdef_params.sv Line: 23
Info (12021): Found 1 design units, including 1 entities, in source file system/synthesis/submodules/sequencer_scc_reg_file.v
    Info (12023): Found entity 1: sequencer_scc_reg_file File: /sim/tarsio/aocl-channel-smoke-20261008-HSiyqm/aocl_channel_smoke/system/synthesis/submodules/sequencer_scc_reg_file.v Line: 17
Info (12021): Found 1 design units, including 1 entities, in source file system/synthesis/submodules/system_board_ddr3b_s0_mm_interconnect_0_rsp_mux.sv
    Info (12023): Found entity 1: system_board_ddr3b_s0_mm_interconnect_0_rsp_mux File: /sim/tarsio/aocl-channel-smoke-20261008-HSiyqm/aocl_channel_smoke/system/synthesis/submodules/system_board_ddr3b_s0_mm_interconnect_0_rsp_mux.sv Line: 51
Info (12021): Found 1 design units, including 1 entities, in source file system/synthesis/submodules/rw_manager_di_buffer_wrap.v
    Info (12023): Found entity 1: rw_manager_di_buffer_wrap File: /sim/tarsio/aocl-channel-smoke-20261008-HSiyqm/aocl_channel_smoke/system/synthesis/submodules/rw_manager_di_buffer_wrap.v Line: 16
Info (12021): Found 1 design units, including 1 entities, in source file system/synthesis/submodules/sequencer_data_mgr.sv
    Info (12023): Found entity 1: sequencer_data_mgr File: /sim/tarsio/aocl-channel-smoke-20261008-HSiyqm/aocl_channel_smoke/system/synthesis/submodules/sequencer_data_mgr.sv Line: 39
Info (12021): Found 1 design units, including 1 entities, in source file system/synthesis/submodules/system_board_ddr3b_s0_mm_interconnect_0_rsp_mux_001.sv
    Info (12023): Found entity 1: system_board_ddr3b_s0_mm_interconnect_0_rsp_mux_001 File: /sim/tarsio/aocl-channel-smoke-20261008-HSiyqm/aocl_channel_smoke/system/synthesis/submodules/system_board_ddr3b_s0_mm_interconnect_0_rsp_mux_001.sv Line: 51
Info (12021): Found 1 design units, including 1 entities, in source file system/synthesis/submodules/rw_manager_data_decoder.v
    Info (12023): Found entity 1: rw_manager_data_decoder File: /sim/tarsio/aocl-channel-smoke-20261008-HSiyqm/aocl_channel_smoke/system/synthesis/submodules/rw_manager_data_decoder.v Line: 17
Info (12021): Found 1 design units, including 1 entities, in source file system/synthesis/submodules/rw_manager_data_broadcast.v
    Info (12023): Found entity 1: rw_manager_data_broadcast File: /sim/tarsio/aocl-channel-smoke-20261008-HSiyqm/aocl_channel_smoke/system/synthesis/submodules/rw_manager_data_broadcast.v Line: 16
Info (12021): Found 2 design units, including 2 entities, in source file system/synthesis/submodules/system_board_ddr3b_s0_mm_interconnect_0_router_001.sv
    Info (12023): Found entity 1: system_board_ddr3b_s0_mm_interconnect_0_router_001_default_decode File: /sim/tarsio/aocl-channel-smoke-20261008-HSiyqm/aocl_channel_smoke/system/synthesis/submodules/system_board_ddr3b_s0_mm_interconnect_0_router_001.sv Line: 45
    Info (12023): Found entity 2: system_board_ddr3b_s0_mm_interconnect_0_router_001 File: /sim/tarsio/aocl-channel-smoke-20261008-HSiyqm/aocl_channel_smoke/system/synthesis/submodules/system_board_ddr3b_s0_mm_interconnect_0_router_001.sv Line: 84
Info (12021): Found 1 design units, including 1 entities, in source file system/synthesis/submodules/altera_mem_if_sequencer_cpu_no_ifdef_params_synth_cpu_inst_test_bench.v
    Info (12023): Found entity 1: altera_mem_if_sequencer_cpu_no_ifdef_params_synth_cpu_inst_test_bench File: /sim/tarsio/aocl-channel-smoke-20261008-HSiyqm/aocl_channel_smoke/system/synthesis/submodules/altera_mem_if_sequencer_cpu_no_ifdef_params_synth_cpu_inst_test_bench.v Line: 34
Info (12021): Found 1 design units, including 1 entities, in source file system/synthesis/submodules/system_board_ddr3b_s0_mm_interconnect_0_cmd_demux.sv
    Info (12023): Found entity 1: system_board_ddr3b_s0_mm_interconnect_0_cmd_demux File: /sim/tarsio/aocl-channel-smoke-20261008-HSiyqm/aocl_channel_smoke/system/synthesis/submodules/system_board_ddr3b_s0_mm_interconnect_0_cmd_demux.sv Line: 43
Info (12021): Found 1 design units, including 1 entities, in source file system/synthesis/submodules/sequencer_scc_siii_phase_decode.v
    Info (12023): Found entity 1: sequencer_scc_siii_phase_decode File: /sim/tarsio/aocl-channel-smoke-20261008-HSiyqm/aocl_channel_smoke/system/synthesis/submodules/sequencer_scc_siii_phase_decode.v Line: 17
Info (12021): Found 1 design units, including 1 entities, in source file system/synthesis/submodules/rw_manager_core.sv
    Info (12023): Found entity 1: rw_manager_core File: /sim/tarsio/aocl-channel-smoke-20261008-HSiyqm/aocl_channel_smoke/system/synthesis/submodules/rw_manager_core.sv Line: 16
Info (12021): Found 1 design units, including 1 entities, in source file system/synthesis/submodules/rw_manager_ac_ROM_reg.v
    Info (12023): Found entity 1: rw_manager_ac_ROM_reg File: /sim/tarsio/aocl-channel-smoke-20261008-HSiyqm/aocl_channel_smoke/system/synthesis/submodules/rw_manager_ac_ROM_reg.v Line: 16
Info (12021): Found 1 design units, including 1 entities, in source file system/synthesis/submodules/sequencer_scc_mgr.sv
    Info (12023): Found entity 1: sequencer_scc_mgr File: /sim/tarsio/aocl-channel-smoke-20261008-HSiyqm/aocl_channel_smoke/system/synthesis/submodules/sequencer_scc_mgr.sv Line: 29
Info (12021): Found 1 design units, including 1 entities, in source file system/synthesis/submodules/afi_mux_ddr3_ddrx.v
    Info (12023): Found entity 1: afi_mux_ddr3_ddrx File: /sim/tarsio/aocl-channel-smoke-20261008-HSiyqm/aocl_channel_smoke/system/synthesis/submodules/afi_mux_ddr3_ddrx.v Line: 23
Info (12021): Found 1 design units, including 1 entities, in source file system/synthesis/submodules/system_board_ddr3b_p0_clock_pair_generator.v
    Info (12023): Found entity 1: system_board_ddr3b_p0_clock_pair_generator File: /sim/tarsio/aocl-channel-smoke-20261008-HSiyqm/aocl_channel_smoke/system/synthesis/submodules/system_board_ddr3b_p0_clock_pair_generator.v Line: 28
Info (12021): Found 1 design units, including 1 entities, in source file system/synthesis/submodules/system_board_ddr3b_p0_read_valid_selector.v
    Info (12023): Found entity 1: system_board_ddr3b_p0_read_valid_selector File: /sim/tarsio/aocl-channel-smoke-20261008-HSiyqm/aocl_channel_smoke/system/synthesis/submodules/system_board_ddr3b_p0_read_valid_selector.v Line: 17
Info (12021): Found 1 design units, including 1 entities, in source file system/synthesis/submodules/system_board_ddr3b_p0_addr_cmd_datapath.v
    Info (12023): Found entity 1: system_board_ddr3b_p0_addr_cmd_datapath File: /sim/tarsio/aocl-channel-smoke-20261008-HSiyqm/aocl_channel_smoke/system/synthesis/submodules/system_board_ddr3b_p0_addr_cmd_datapath.v Line: 17
Info (12021): Found 1 design units, including 1 entities, in source file system/synthesis/submodules/system_board_ddr3b_p0_reset.v
    Info (12023): Found entity 1: system_board_ddr3b_p0_reset File: /sim/tarsio/aocl-channel-smoke-20261008-HSiyqm/aocl_channel_smoke/system/synthesis/submodules/system_board_ddr3b_p0_reset.v Line: 18
Info (12021): Found 1 design units, including 1 entities, in source file system/synthesis/submodules/system_board_ddr3b_p0_acv_ldc.v
    Info (12023): Found entity 1: system_board_ddr3b_p0_acv_ldc File: /sim/tarsio/aocl-channel-smoke-20261008-HSiyqm/aocl_channel_smoke/system/synthesis/submodules/system_board_ddr3b_p0_acv_ldc.v Line: 17
Info (12021): Found 1 design units, including 1 entities, in source file system/synthesis/submodules/system_board_ddr3b_p0_memphy.sv
    Info (12023): Found entity 1: system_board_ddr3b_p0_memphy File: /sim/tarsio/aocl-channel-smoke-20261008-HSiyqm/aocl_channel_smoke/system/synthesis/submodules/system_board_ddr3b_p0_memphy.sv Line: 21
Info (12021): Found 1 design units, including 1 entities, in source file system/synthesis/submodules/system_board_ddr3b_p0_reset_sync.v
    Info (12023): Found entity 1: system_board_ddr3b_p0_reset_sync File: /sim/tarsio/aocl-channel-smoke-20261008-HSiyqm/aocl_channel_smoke/system/synthesis/submodules/system_board_ddr3b_p0_reset_sync.v Line: 17
Info (12021): Found 1 design units, including 1 entities, in source file system/synthesis/submodules/system_board_ddr3b_p0_new_io_pads.v
    Info (12023): Found entity 1: system_board_ddr3b_p0_new_io_pads File: /sim/tarsio/aocl-channel-smoke-20261008-HSiyqm/aocl_channel_smoke/system/synthesis/submodules/system_board_ddr3b_p0_new_io_pads.v Line: 18
Info (12021): Found 1 design units, including 1 entities, in source file system/synthesis/submodules/system_board_ddr3b_p0_fr_cycle_shifter.v
    Info (12023): Found entity 1: system_board_ddr3b_p0_fr_cycle_shifter File: /sim/tarsio/aocl-channel-smoke-20261008-HSiyqm/aocl_channel_smoke/system/synthesis/submodules/system_board_ddr3b_p0_fr_cycle_shifter.v Line: 37
Info (12021): Found 1 design units, including 1 entities, in source file system/synthesis/submodules/system_board_ddr3b_p0_fr_cycle_extender.v
    Info (12023): Found entity 1: system_board_ddr3b_p0_fr_cycle_extender File: /sim/tarsio/aocl-channel-smoke-20261008-HSiyqm/aocl_channel_smoke/system/synthesis/submodules/system_board_ddr3b_p0_fr_cycle_extender.v Line: 17
Info (12021): Found 1 design units, including 1 entities, in source file system/synthesis/submodules/system_board_ddr3b_p0_read_datapath.sv
    Info (12023): Found entity 1: system_board_ddr3b_p0_read_datapath File: /sim/tarsio/aocl-channel-smoke-20261008-HSiyqm/aocl_channel_smoke/system/synthesis/submodules/system_board_ddr3b_p0_read_datapath.sv Line: 25
Info (12021): Found 1 design units, including 1 entities, in source file system/synthesis/submodules/system_board_ddr3b_p0_write_datapath.v
    Info (12023): Found entity 1: system_board_ddr3b_p0_write_datapath File: /sim/tarsio/aocl-channel-smoke-20261008-HSiyqm/aocl_channel_smoke/system/synthesis/submodules/system_board_ddr3b_p0_write_datapath.v Line: 22
Info (12021): Found 1 design units, including 1 entities, in source file system/synthesis/submodules/system_board_ddr3b_p0_core_shadow_registers.sv
    Info (12023): Found entity 1: system_board_ddr3b_p0_core_shadow_registers File: /sim/tarsio/aocl-channel-smoke-20261008-HSiyqm/aocl_channel_smoke/system/synthesis/submodules/system_board_ddr3b_p0_core_shadow_registers.sv Line: 21
Info (12021): Found 1 design units, including 1 entities, in source file system/synthesis/submodules/system_board_ddr3b_p0_simple_ddio_out.sv
    Info (12023): Found entity 1: system_board_ddr3b_p0_simple_ddio_out File: /sim/tarsio/aocl-channel-smoke-20261008-HSiyqm/aocl_channel_smoke/system/synthesis/submodules/system_board_ddr3b_p0_simple_ddio_out.sv Line: 84
Info (12021): Found 1 design units, including 1 entities, in source file system/synthesis/submodules/system_board_ddr3b_p0_phy_csr.sv
    Info (12023): Found entity 1: system_board_ddr3b_p0_phy_csr File: /sim/tarsio/aocl-channel-smoke-20261008-HSiyqm/aocl_channel_smoke/system/synthesis/submodules/system_board_ddr3b_p0_phy_csr.sv Line: 31
Info (12021): Found 1 design units, including 1 entities, in source file system/synthesis/submodules/system_board_ddr3b_p0_iss_probe.v
    Info (12023): Found entity 1: system_board_ddr3b_p0_iss_probe File: /sim/tarsio/aocl-channel-smoke-20261008-HSiyqm/aocl_channel_smoke/system/synthesis/submodules/system_board_ddr3b_p0_iss_probe.v Line: 17
Info (12021): Found 1 design units, including 1 entities, in source file system/synthesis/submodules/system_board_ddr3b_p0_addr_cmd_ldc_pads.v
    Info (12023): Found entity 1: system_board_ddr3b_p0_addr_cmd_ldc_pads File: /sim/tarsio/aocl-channel-smoke-20261008-HSiyqm/aocl_channel_smoke/system/synthesis/submodules/system_board_ddr3b_p0_addr_cmd_ldc_pads.v Line: 58
Info (12021): Found 1 design units, including 1 entities, in source file system/synthesis/submodules/system_board_ddr3b_p0_addr_cmd_ldc_pad.v
    Info (12023): Found entity 1: system_board_ddr3b_p0_addr_cmd_ldc_pad File: /sim/tarsio/aocl-channel-smoke-20261008-HSiyqm/aocl_channel_smoke/system/synthesis/submodules/system_board_ddr3b_p0_addr_cmd_ldc_pad.v Line: 24
Info (12021): Found 1 design units, including 1 entities, in source file system/synthesis/submodules/system_board_ddr3b_p0_addr_cmd_non_ldc_pad.v
    Info (12023): Found entity 1: system_board_ddr3b_p0_addr_cmd_non_ldc_pad File: /sim/tarsio/aocl-channel-smoke-20261008-HSiyqm/aocl_channel_smoke/system/synthesis/submodules/system_board_ddr3b_p0_addr_cmd_non_ldc_pad.v Line: 25
Info (12021): Found 1 design units, including 1 entities, in source file system/synthesis/submodules/system_board_ddr3b_p0_read_fifo_hard.v
    Info (12023): Found entity 1: system_board_ddr3b_p0_read_fifo_hard File: /sim/tarsio/aocl-channel-smoke-20261008-HSiyqm/aocl_channel_smoke/system/synthesis/submodules/system_board_ddr3b_p0_read_fifo_hard.v Line: 24
Info (12021): Found 1 design units, including 1 entities, in source file system/synthesis/submodules/system_board_ddr3b_p0.sv
    Info (12023): Found entity 1: system_board_ddr3b_p0 File: /sim/tarsio/aocl-channel-smoke-20261008-HSiyqm/aocl_channel_smoke/system/synthesis/submodules/system_board_ddr3b_p0.sv Line: 18
Info (12021): Found 1 design units, including 1 entities, in source file system/synthesis/submodules/system_board_ddr3b_p0_altdqdqs.v
    Info (12023): Found entity 1: system_board_ddr3b_p0_altdqdqs File: /sim/tarsio/aocl-channel-smoke-20261008-HSiyqm/aocl_channel_smoke/system/synthesis/submodules/system_board_ddr3b_p0_altdqdqs.v Line: 17
Info (12021): Found 1 design units, including 1 entities, in source file system/synthesis/submodules/altdq_dqs2_stratixv.sv
    Info (12023): Found entity 1: altdq_dqs2_stratixv File: /sim/tarsio/aocl-channel-smoke-20261008-HSiyqm/aocl_channel_smoke/system/synthesis/submodules/altdq_dqs2_stratixv.sv Line: 19
Info (12021): Found 1 design units, including 1 entities, in source file system/synthesis/submodules/system_board_ddr3a.v
    Info (12023): Found entity 1: system_board_ddr3a File: /sim/tarsio/aocl-channel-smoke-20261008-HSiyqm/aocl_channel_smoke/system/synthesis/submodules/system_board_ddr3a.v Line: 9
Info (12021): Found 1 design units, including 1 entities, in source file system/synthesis/submodules/altera_mem_if_dll_stratixv.sv
    Info (12023): Found entity 1: altera_mem_if_dll_stratixv File: /sim/tarsio/aocl-channel-smoke-20261008-HSiyqm/aocl_channel_smoke/system/synthesis/submodules/altera_mem_if_dll_stratixv.sv Line: 23
Info (12021): Found 1 design units, including 1 entities, in source file system/synthesis/submodules/altera_mem_if_oct_stratixv.sv
    Info (12023): Found entity 1: altera_mem_if_oct_stratixv File: /sim/tarsio/aocl-channel-smoke-20261008-HSiyqm/aocl_channel_smoke/system/synthesis/submodules/altera_mem_if_oct_stratixv.sv Line: 23
Info (12021): Found 1 design units, including 1 entities, in source file system/synthesis/submodules/system_board_ddr3a_s0.v
    Info (12023): Found entity 1: system_board_ddr3a_s0 File: /sim/tarsio/aocl-channel-smoke-20261008-HSiyqm/aocl_channel_smoke/system/synthesis/submodules/system_board_ddr3a_s0.v Line: 9
Info (12021): Found 1 design units, including 1 entities, in source file system/synthesis/submodules/system_board_ddr3a_s0_mm_interconnect_0_cmd_mux_003.sv
    Info (12023): Found entity 1: system_board_ddr3a_s0_mm_interconnect_0_cmd_mux_003 File: /sim/tarsio/aocl-channel-smoke-20261008-HSiyqm/aocl_channel_smoke/system/synthesis/submodules/system_board_ddr3a_s0_mm_interconnect_0_cmd_mux_003.sv Line: 51
Info (12021): Found 1 design units, including 1 entities, in source file system/synthesis/submodules/system_board_ddr3a_s0_mm_interconnect_0_avalon_st_adapter.v
    Info (12023): Found entity 1: system_board_ddr3a_s0_mm_interconnect_0_avalon_st_adapter File: /sim/tarsio/aocl-channel-smoke-20261008-HSiyqm/aocl_channel_smoke/system/synthesis/submodules/system_board_ddr3a_s0_mm_interconnect_0_avalon_st_adapter.v Line: 9
Info (12021): Found 2 design units, including 2 entities, in source file system/synthesis/submodules/system_board_ddr3a_s0_mm_interconnect_0_router_002.sv
    Info (12023): Found entity 1: system_board_ddr3a_s0_mm_interconnect_0_router_002_default_decode File: /sim/tarsio/aocl-channel-smoke-20261008-HSiyqm/aocl_channel_smoke/system/synthesis/submodules/system_board_ddr3a_s0_mm_interconnect_0_router_002.sv Line: 45
    Info (12023): Found entity 2: system_board_ddr3a_s0_mm_interconnect_0_router_002 File: /sim/tarsio/aocl-channel-smoke-20261008-HSiyqm/aocl_channel_smoke/system/synthesis/submodules/system_board_ddr3a_s0_mm_interconnect_0_router_002.sv Line: 84
Info (12021): Found 1 design units, including 1 entities, in source file system/synthesis/submodules/system_board_ddr3a_s0_mm_interconnect_0_avalon_st_adapter_error_adapter_0.sv
    Info (12023): Found entity 1: system_board_ddr3a_s0_mm_interconnect_0_avalon_st_adapter_error_adapter_0 File: /sim/tarsio/aocl-channel-smoke-20261008-HSiyqm/aocl_channel_smoke/system/synthesis/submodules/system_board_ddr3a_s0_mm_interconnect_0_avalon_st_adapter_error_adapter_0.sv Line: 66
Info (12021): Found 1 design units, including 1 entities, in source file system/synthesis/submodules/system_board_ddr3a_s0_mm_interconnect_0_rsp_mux_001.sv
    Info (12023): Found entity 1: system_board_ddr3a_s0_mm_interconnect_0_rsp_mux_001 File: /sim/tarsio/aocl-channel-smoke-20261008-HSiyqm/aocl_channel_smoke/system/synthesis/submodules/system_board_ddr3a_s0_mm_interconnect_0_rsp_mux_001.sv Line: 51
Info (12021): Found 1 design units, including 1 entities, in source file system/synthesis/submodules/system_board_ddr3a_s0_mm_interconnect_0_rsp_demux_003.sv
    Info (12023): Found entity 1: system_board_ddr3a_s0_mm_interconnect_0_rsp_demux_003 File: /sim/tarsio/aocl-channel-smoke-20261008-HSiyqm/aocl_channel_smoke/system/synthesis/submodules/system_board_ddr3a_s0_mm_interconnect_0_rsp_demux_003.sv Line: 43
Info (12021): Found 1 design units, including 1 entities, in source file system/synthesis/submodules/system_board_ddr3a_s0_mm_interconnect_0_cmd_demux.sv
    Info (12023): Found entity 1: system_board_ddr3a_s0_mm_interconnect_0_cmd_demux File: /sim/tarsio/aocl-channel-smoke-20261008-HSiyqm/aocl_channel_smoke/system/synthesis/submodules/system_board_ddr3a_s0_mm_interconnect_0_cmd_demux.sv Line: 43
Info (12021): Found 1 design units, including 1 entities, in source file system/synthesis/submodules/system_board_ddr3a_s0_mm_interconnect_0_rsp_mux.sv
    Info (12023): Found entity 1: system_board_ddr3a_s0_mm_interconnect_0_rsp_mux File: /sim/tarsio/aocl-channel-smoke-20261008-HSiyqm/aocl_channel_smoke/system/synthesis/submodules/system_board_ddr3a_s0_mm_interconnect_0_rsp_mux.sv Line: 51
Info (12021): Found 1 design units, including 1 entities, in source file system/synthesis/submodules/system_board_ddr3a_s0_irq_mapper.sv
    Info (12023): Found entity 1: system_board_ddr3a_s0_irq_mapper File: /sim/tarsio/aocl-channel-smoke-20261008-HSiyqm/aocl_channel_smoke/system/synthesis/submodules/system_board_ddr3a_s0_irq_mapper.sv Line: 31
Info (12021): Found 1 design units, including 1 entities, in source file system/synthesis/submodules/system_board_ddr3a_s0_mm_interconnect_0_cmd_demux_001.sv
    Info (12023): Found entity 1: system_board_ddr3a_s0_mm_interconnect_0_cmd_demux_001 File: /sim/tarsio/aocl-channel-smoke-20261008-HSiyqm/aocl_channel_smoke/system/synthesis/submodules/system_board_ddr3a_s0_mm_interconnect_0_cmd_demux_001.sv Line: 43
Info (12021): Found 2 design units, including 2 entities, in source file system/synthesis/submodules/system_board_ddr3a_s0_mm_interconnect_0_router.sv
    Info (12023): Found entity 1: system_board_ddr3a_s0_mm_interconnect_0_router_default_decode File: /sim/tarsio/aocl-channel-smoke-20261008-HSiyqm/aocl_channel_smoke/system/synthesis/submodules/system_board_ddr3a_s0_mm_interconnect_0_router.sv Line: 45
    Info (12023): Found entity 2: system_board_ddr3a_s0_mm_interconnect_0_router File: /sim/tarsio/aocl-channel-smoke-20261008-HSiyqm/aocl_channel_smoke/system/synthesis/submodules/system_board_ddr3a_s0_mm_interconnect_0_router.sv Line: 84
Info (12021): Found 2 design units, including 2 entities, in source file system/synthesis/submodules/system_board_ddr3a_s0_mm_interconnect_0_router_001.sv
    Info (12023): Found entity 1: system_board_ddr3a_s0_mm_interconnect_0_router_001_default_decode File: /sim/tarsio/aocl-channel-smoke-20261008-HSiyqm/aocl_channel_smoke/system/synthesis/submodules/system_board_ddr3a_s0_mm_interconnect_0_router_001.sv Line: 45
    Info (12023): Found entity 2: system_board_ddr3a_s0_mm_interconnect_0_router_001 File: /sim/tarsio/aocl-channel-smoke-20261008-HSiyqm/aocl_channel_smoke/system/synthesis/submodules/system_board_ddr3a_s0_mm_interconnect_0_router_001.sv Line: 84
Info (12021): Found 2 design units, including 2 entities, in source file system/synthesis/submodules/system_board_ddr3a_s0_mm_interconnect_0_router_005.sv
    Info (12023): Found entity 1: system_board_ddr3a_s0_mm_interconnect_0_router_005_default_decode File: /sim/tarsio/aocl-channel-smoke-20261008-HSiyqm/aocl_channel_smoke/system/synthesis/submodules/system_board_ddr3a_s0_mm_interconnect_0_router_005.sv Line: 45
    Info (12023): Found entity 2: system_board_ddr3a_s0_mm_interconnect_0_router_005 File: /sim/tarsio/aocl-channel-smoke-20261008-HSiyqm/aocl_channel_smoke/system/synthesis/submodules/system_board_ddr3a_s0_mm_interconnect_0_router_005.sv Line: 84
Info (12021): Found 1 design units, including 1 entities, in source file system/synthesis/submodules/system_board_ddr3a_s0_mm_interconnect_0.v
    Info (12023): Found entity 1: system_board_ddr3a_s0_mm_interconnect_0 File: /sim/tarsio/aocl-channel-smoke-20261008-HSiyqm/aocl_channel_smoke/system/synthesis/submodules/system_board_ddr3a_s0_mm_interconnect_0.v Line: 9
Info (12021): Found 1 design units, including 1 entities, in source file system/synthesis/submodules/system_board_ddr3a_s0_mm_interconnect_0_cmd_mux.sv
    Info (12023): Found entity 1: system_board_ddr3a_s0_mm_interconnect_0_cmd_mux File: /sim/tarsio/aocl-channel-smoke-20261008-HSiyqm/aocl_channel_smoke/system/synthesis/submodules/system_board_ddr3a_s0_mm_interconnect_0_cmd_mux.sv Line: 51
Info (12021): Found 1 design units, including 1 entities, in source file system/synthesis/submodules/system_board_ddr3a_p0_clock_pair_generator.v
    Info (12023): Found entity 1: system_board_ddr3a_p0_clock_pair_generator File: /sim/tarsio/aocl-channel-smoke-20261008-HSiyqm/aocl_channel_smoke/system/synthesis/submodules/system_board_ddr3a_p0_clock_pair_generator.v Line: 28
Info (12021): Found 1 design units, including 1 entities, in source file system/synthesis/submodules/system_board_ddr3a_p0_read_valid_selector.v
    Info (12023): Found entity 1: system_board_ddr3a_p0_read_valid_selector File: /sim/tarsio/aocl-channel-smoke-20261008-HSiyqm/aocl_channel_smoke/system/synthesis/submodules/system_board_ddr3a_p0_read_valid_selector.v Line: 17
Info (12021): Found 1 design units, including 1 entities, in source file system/synthesis/submodules/system_board_ddr3a_p0_addr_cmd_datapath.v
    Info (12023): Found entity 1: system_board_ddr3a_p0_addr_cmd_datapath File: /sim/tarsio/aocl-channel-smoke-20261008-HSiyqm/aocl_channel_smoke/system/synthesis/submodules/system_board_ddr3a_p0_addr_cmd_datapath.v Line: 17
Info (12021): Found 1 design units, including 1 entities, in source file system/synthesis/submodules/system_board_ddr3a_p0_reset.v
    Info (12023): Found entity 1: system_board_ddr3a_p0_reset File: /sim/tarsio/aocl-channel-smoke-20261008-HSiyqm/aocl_channel_smoke/system/synthesis/submodules/system_board_ddr3a_p0_reset.v Line: 18
Info (12021): Found 1 design units, including 1 entities, in source file system/synthesis/submodules/system_board_ddr3a_p0_acv_ldc.v
    Info (12023): Found entity 1: system_board_ddr3a_p0_acv_ldc File: /sim/tarsio/aocl-channel-smoke-20261008-HSiyqm/aocl_channel_smoke/system/synthesis/submodules/system_board_ddr3a_p0_acv_ldc.v Line: 17
Info (12021): Found 1 design units, including 1 entities, in source file system/synthesis/submodules/system_board_ddr3a_p0_memphy.sv
    Info (12023): Found entity 1: system_board_ddr3a_p0_memphy File: /sim/tarsio/aocl-channel-smoke-20261008-HSiyqm/aocl_channel_smoke/system/synthesis/submodules/system_board_ddr3a_p0_memphy.sv Line: 21
Info (12021): Found 1 design units, including 1 entities, in source file system/synthesis/submodules/system_board_ddr3a_p0_reset_sync.v
    Info (12023): Found entity 1: system_board_ddr3a_p0_reset_sync File: /sim/tarsio/aocl-channel-smoke-20261008-HSiyqm/aocl_channel_smoke/system/synthesis/submodules/system_board_ddr3a_p0_reset_sync.v Line: 17
Info (12021): Found 1 design units, including 1 entities, in source file system/synthesis/submodules/system_board_ddr3a_p0_new_io_pads.v
    Info (12023): Found entity 1: system_board_ddr3a_p0_new_io_pads File: /sim/tarsio/aocl-channel-smoke-20261008-HSiyqm/aocl_channel_smoke/system/synthesis/submodules/system_board_ddr3a_p0_new_io_pads.v Line: 18
Info (12021): Found 1 design units, including 1 entities, in source file system/synthesis/submodules/system_board_ddr3a_p0_fr_cycle_shifter.v
    Info (12023): Found entity 1: system_board_ddr3a_p0_fr_cycle_shifter File: /sim/tarsio/aocl-channel-smoke-20261008-HSiyqm/aocl_channel_smoke/system/synthesis/submodules/system_board_ddr3a_p0_fr_cycle_shifter.v Line: 37
Info (12021): Found 1 design units, including 1 entities, in source file system/synthesis/submodules/system_board_ddr3a_p0_fr_cycle_extender.v
    Info (12023): Found entity 1: system_board_ddr3a_p0_fr_cycle_extender File: /sim/tarsio/aocl-channel-smoke-20261008-HSiyqm/aocl_channel_smoke/system/synthesis/submodules/system_board_ddr3a_p0_fr_cycle_extender.v Line: 17
Info (12021): Found 1 design units, including 1 entities, in source file system/synthesis/submodules/system_board_ddr3a_p0_read_datapath.sv
    Info (12023): Found entity 1: system_board_ddr3a_p0_read_datapath File: /sim/tarsio/aocl-channel-smoke-20261008-HSiyqm/aocl_channel_smoke/system/synthesis/submodules/system_board_ddr3a_p0_read_datapath.sv Line: 25
Info (12021): Found 1 design units, including 1 entities, in source file system/synthesis/submodules/system_board_ddr3a_p0_write_datapath.v
    Info (12023): Found entity 1: system_board_ddr3a_p0_write_datapath File: /sim/tarsio/aocl-channel-smoke-20261008-HSiyqm/aocl_channel_smoke/system/synthesis/submodules/system_board_ddr3a_p0_write_datapath.v Line: 22
Info (12021): Found 1 design units, including 1 entities, in source file system/synthesis/submodules/system_board_ddr3a_p0_core_shadow_registers.sv
    Info (12023): Found entity 1: system_board_ddr3a_p0_core_shadow_registers File: /sim/tarsio/aocl-channel-smoke-20261008-HSiyqm/aocl_channel_smoke/system/synthesis/submodules/system_board_ddr3a_p0_core_shadow_registers.sv Line: 21
Info (12021): Found 1 design units, including 1 entities, in source file system/synthesis/submodules/system_board_ddr3a_p0_simple_ddio_out.sv
    Info (12023): Found entity 1: system_board_ddr3a_p0_simple_ddio_out File: /sim/tarsio/aocl-channel-smoke-20261008-HSiyqm/aocl_channel_smoke/system/synthesis/submodules/system_board_ddr3a_p0_simple_ddio_out.sv Line: 84
Info (12021): Found 1 design units, including 1 entities, in source file system/synthesis/submodules/system_board_ddr3a_p0_phy_csr.sv
    Info (12023): Found entity 1: system_board_ddr3a_p0_phy_csr File: /sim/tarsio/aocl-channel-smoke-20261008-HSiyqm/aocl_channel_smoke/system/synthesis/submodules/system_board_ddr3a_p0_phy_csr.sv Line: 31
Info (12021): Found 1 design units, including 1 entities, in source file system/synthesis/submodules/system_board_ddr3a_p0_iss_probe.v
    Info (12023): Found entity 1: system_board_ddr3a_p0_iss_probe File: /sim/tarsio/aocl-channel-smoke-20261008-HSiyqm/aocl_channel_smoke/system/synthesis/submodules/system_board_ddr3a_p0_iss_probe.v Line: 17
Info (12021): Found 1 design units, including 1 entities, in source file system/synthesis/submodules/system_board_ddr3a_p0_addr_cmd_ldc_pads.v
    Info (12023): Found entity 1: system_board_ddr3a_p0_addr_cmd_ldc_pads File: /sim/tarsio/aocl-channel-smoke-20261008-HSiyqm/aocl_channel_smoke/system/synthesis/submodules/system_board_ddr3a_p0_addr_cmd_ldc_pads.v Line: 58
Info (12021): Found 1 design units, including 1 entities, in source file system/synthesis/submodules/system_board_ddr3a_p0_addr_cmd_ldc_pad.v
    Info (12023): Found entity 1: system_board_ddr3a_p0_addr_cmd_ldc_pad File: /sim/tarsio/aocl-channel-smoke-20261008-HSiyqm/aocl_channel_smoke/system/synthesis/submodules/system_board_ddr3a_p0_addr_cmd_ldc_pad.v Line: 24
Info (12021): Found 1 design units, including 1 entities, in source file system/synthesis/submodules/system_board_ddr3a_p0_addr_cmd_non_ldc_pad.v
    Info (12023): Found entity 1: system_board_ddr3a_p0_addr_cmd_non_ldc_pad File: /sim/tarsio/aocl-channel-smoke-20261008-HSiyqm/aocl_channel_smoke/system/synthesis/submodules/system_board_ddr3a_p0_addr_cmd_non_ldc_pad.v Line: 25
Info (12021): Found 1 design units, including 1 entities, in source file system/synthesis/submodules/system_board_ddr3a_p0_read_fifo_hard.v
    Info (12023): Found entity 1: system_board_ddr3a_p0_read_fifo_hard File: /sim/tarsio/aocl-channel-smoke-20261008-HSiyqm/aocl_channel_smoke/system/synthesis/submodules/system_board_ddr3a_p0_read_fifo_hard.v Line: 24
Info (12021): Found 1 design units, including 1 entities, in source file system/synthesis/submodules/system_board_ddr3a_p0.sv
    Info (12023): Found entity 1: system_board_ddr3a_p0 File: /sim/tarsio/aocl-channel-smoke-20261008-HSiyqm/aocl_channel_smoke/system/synthesis/submodules/system_board_ddr3a_p0.sv Line: 18
Info (12021): Found 1 design units, including 1 entities, in source file system/synthesis/submodules/system_board_ddr3a_p0_altdqdqs.v
    Info (12023): Found entity 1: system_board_ddr3a_p0_altdqdqs File: /sim/tarsio/aocl-channel-smoke-20261008-HSiyqm/aocl_channel_smoke/system/synthesis/submodules/system_board_ddr3a_p0_altdqdqs.v Line: 17
Info (12021): Found 1 design units, including 1 entities, in source file system/synthesis/submodules/system_board_ddr3a_pll0.sv
    Info (12023): Found entity 1: system_board_ddr3a_pll0 File: /sim/tarsio/aocl-channel-smoke-20261008-HSiyqm/aocl_channel_smoke/system/synthesis/submodules/system_board_ddr3a_pll0.sv Line: 23
Info (12021): Found 1 design units, including 1 entities, in source file system/synthesis/submodules/altpcie_sv_hip_avmm_hwtcl.v
    Info (12023): Found entity 1: altpcie_sv_hip_avmm_hwtcl File: /sim/tarsio/aocl-channel-smoke-20261008-HSiyqm/aocl_channel_smoke/system/synthesis/submodules/altpcie_sv_hip_avmm_hwtcl.v Line: 18
Info (12021): Found 1 design units, including 1 entities, in source file system/synthesis/submodules/altpcierd_hip_rs.v
    Info (12023): Found entity 1: altpcierd_hip_rs File: /sim/tarsio/aocl-channel-smoke-20261008-HSiyqm/aocl_channel_smoke/system/synthesis/submodules/altpcierd_hip_rs.v Line: 24
Info (12021): Found 1 design units, including 1 entities, in source file system/synthesis/submodules/altpciexpav_stif_a2p_addrtrans.v
    Info (12023): Found entity 1: altpciexpav_stif_a2p_addrtrans File: /sim/tarsio/aocl-channel-smoke-20261008-HSiyqm/aocl_channel_smoke/system/synthesis/submodules/altpciexpav_stif_a2p_addrtrans.v Line: 42
Info (12021): Found 1 design units, including 1 entities, in source file system/synthesis/submodules/altpciexpav_stif_a2p_fixtrans.v
    Info (12023): Found entity 1: altpciexpav_stif_a2p_fixtrans File: /sim/tarsio/aocl-channel-smoke-20261008-HSiyqm/aocl_channel_smoke/system/synthesis/submodules/altpciexpav_stif_a2p_fixtrans.v Line: 42
Info (12021): Found 1 design units, including 1 entities, in source file system/synthesis/submodules/altpciexpav_stif_a2p_vartrans.v
    Info (12023): Found entity 1: altpciexpav_stif_a2p_vartrans File: /sim/tarsio/aocl-channel-smoke-20261008-HSiyqm/aocl_channel_smoke/system/synthesis/submodules/altpciexpav_stif_a2p_vartrans.v Line: 42
Info (12021): Found 1 design units, including 1 entities, in source file system/synthesis/submodules/altpciexpav_stif_app.v
    Info (12023): Found entity 1: altpciexpav_stif_app File: /sim/tarsio/aocl-channel-smoke-20261008-HSiyqm/aocl_channel_smoke/system/synthesis/submodules/altpciexpav_stif_app.v Line: 19
Info (12021): Found 1 design units, including 1 entities, in source file system/synthesis/submodules/altpciexpav_stif_control_register.v
    Info (12023): Found entity 1: altpciexpav_stif_control_register File: /sim/tarsio/aocl-channel-smoke-20261008-HSiyqm/aocl_channel_smoke/system/synthesis/submodules/altpciexpav_stif_control_register.v Line: 47
Info (12021): Found 1 design units, including 1 entities, in source file system/synthesis/submodules/altpciexpav_stif_cr_avalon.v
    Info (12023): Found entity 1: altpciexpav_stif_cr_avalon File: /sim/tarsio/aocl-channel-smoke-20261008-HSiyqm/aocl_channel_smoke/system/synthesis/submodules/altpciexpav_stif_cr_avalon.v Line: 93
Info (12021): Found 1 design units, including 1 entities, in source file system/synthesis/submodules/altpciexpav_stif_cr_interrupt.v
    Info (12023): Found entity 1: altpciexpav_stif_cr_interrupt File: /sim/tarsio/aocl-channel-smoke-20261008-HSiyqm/aocl_channel_smoke/system/synthesis/submodules/altpciexpav_stif_cr_interrupt.v Line: 55
Info (12021): Found 1 design units, including 1 entities, in source file system/synthesis/submodules/altpciexpav_stif_cr_rp.v
    Info (12023): Found entity 1: altpciexpav_stif_cr_rp File: /sim/tarsio/aocl-channel-smoke-20261008-HSiyqm/aocl_channel_smoke/system/synthesis/submodules/altpciexpav_stif_cr_rp.v Line: 17
Info (12021): Found 1 design units, including 1 entities, in source file system/synthesis/submodules/altpciexpav_stif_cfg_status.v
    Info (12023): Found entity 1: altpciexpav_stif_cfg_status File: /sim/tarsio/aocl-channel-smoke-20261008-HSiyqm/aocl_channel_smoke/system/synthesis/submodules/altpciexpav_stif_cfg_status.v Line: 18
Info (12021): Found 1 design units, including 1 entities, in source file system/synthesis/submodules/altpciexpav_stif_cr_mailbox.v
    Info (12023): Found entity 1: altpciexpav_stif_cr_mailbox File: /sim/tarsio/aocl-channel-smoke-20261008-HSiyqm/aocl_channel_smoke/system/synthesis/submodules/altpciexpav_stif_cr_mailbox.v Line: 71
Info (12021): Found 1 design units, including 1 entities, in source file system/synthesis/submodules/altpciexpav_stif_p2a_addrtrans.v
    Info (12023): Found entity 1: altpciexpav_stif_p2a_addrtrans File: /sim/tarsio/aocl-channel-smoke-20261008-HSiyqm/aocl_channel_smoke/system/synthesis/submodules/altpciexpav_stif_p2a_addrtrans.v Line: 17
Info (12021): Found 1 design units, including 1 entities, in source file system/synthesis/submodules/altpciexpav_stif_reg_fifo.v
    Info (12023): Found entity 1: altpciexpav_stif_reg_fifo File: /sim/tarsio/aocl-channel-smoke-20261008-HSiyqm/aocl_channel_smoke/system/synthesis/submodules/altpciexpav_stif_reg_fifo.v Line: 17
Info (12021): Found 1 design units, including 1 entities, in source file system/synthesis/submodules/altpciexpav_stif_rx.v
    Info (12023): Found entity 1: altpciexpav_stif_rx File: /sim/tarsio/aocl-channel-smoke-20261008-HSiyqm/aocl_channel_smoke/system/synthesis/submodules/altpciexpav_stif_rx.v Line: 17
Info (12021): Found 1 design units, including 1 entities, in source file system/synthesis/submodules/altpciexpav_stif_rx_cntrl.v
    Info (12023): Found entity 1: altpciexpav_stif_rx_cntrl File: /sim/tarsio/aocl-channel-smoke-20261008-HSiyqm/aocl_channel_smoke/system/synthesis/submodules/altpciexpav_stif_rx_cntrl.v Line: 20
Info (12021): Found 1 design units, including 1 entities, in source file system/synthesis/submodules/altpciexpav_stif_rx_resp.v
    Info (12023): Found entity 1: altpciexpav_stif_rx_resp File: /sim/tarsio/aocl-channel-smoke-20261008-HSiyqm/aocl_channel_smoke/system/synthesis/submodules/altpciexpav_stif_rx_resp.v Line: 19
Info (12021): Found 1 design units, including 1 entities, in source file system/synthesis/submodules/altpciexpav_stif_tx.v
    Info (12023): Found entity 1: altpciexpav_stif_tx File: /sim/tarsio/aocl-channel-smoke-20261008-HSiyqm/aocl_channel_smoke/system/synthesis/submodules/altpciexpav_stif_tx.v Line: 17
Info (12021): Found 1 design units, including 1 entities, in source file system/synthesis/submodules/altpciexpav_stif_tx_cntrl.v
    Info (12023): Found entity 1: altpciexpav_stif_tx_cntrl File: /sim/tarsio/aocl-channel-smoke-20261008-HSiyqm/aocl_channel_smoke/system/synthesis/submodules/altpciexpav_stif_tx_cntrl.v Line: 17
Info (12021): Found 1 design units, including 1 entities, in source file system/synthesis/submodules/altpciexpav_stif_txavl_cntrl.v
    Info (12023): Found entity 1: altpciexpav_stif_txavl_cntrl File: /sim/tarsio/aocl-channel-smoke-20261008-HSiyqm/aocl_channel_smoke/system/synthesis/submodules/altpciexpav_stif_txavl_cntrl.v Line: 19
Info (12021): Found 1 design units, including 1 entities, in source file system/synthesis/submodules/altpciexpav_stif_txresp_cntrl.v
    Info (12023): Found entity 1: altpciexpav_stif_txresp_cntrl File: /sim/tarsio/aocl-channel-smoke-20261008-HSiyqm/aocl_channel_smoke/system/synthesis/submodules/altpciexpav_stif_txresp_cntrl.v Line: 19
Info (12021): Found 1 design units, including 1 entities, in source file system/synthesis/submodules/altpciexpav_clksync.v
    Info (12023): Found entity 1: altpciexpav_clksync File: /sim/tarsio/aocl-channel-smoke-20261008-HSiyqm/aocl_channel_smoke/system/synthesis/submodules/altpciexpav_clksync.v Line: 48
Info (12021): Found 1 design units, including 1 entities, in source file system/synthesis/submodules/altpciexpav128_a2p_addrtrans.v
    Info (12023): Found entity 1: altpciexpav128_a2p_addrtrans File: /sim/tarsio/aocl-channel-smoke-20261008-HSiyqm/aocl_channel_smoke/system/synthesis/submodules/altpciexpav128_a2p_addrtrans.v Line: 42
Info (12021): Found 1 design units, including 1 entities, in source file system/synthesis/submodules/altpciexpav128_a2p_fixtrans.v
    Info (12023): Found entity 1: altpciexpav128_a2p_fixtrans File: /sim/tarsio/aocl-channel-smoke-20261008-HSiyqm/aocl_channel_smoke/system/synthesis/submodules/altpciexpav128_a2p_fixtrans.v Line: 42
Info (12021): Found 1 design units, including 1 entities, in source file system/synthesis/submodules/altpciexpav128_a2p_vartrans.v
    Info (12023): Found entity 1: altpciexpav128_a2p_vartrans File: /sim/tarsio/aocl-channel-smoke-20261008-HSiyqm/aocl_channel_smoke/system/synthesis/submodules/altpciexpav128_a2p_vartrans.v Line: 42
Info (12021): Found 1 design units, including 1 entities, in source file system/synthesis/submodules/altpciexpav128_app.v
    Info (12023): Found entity 1: altpciexpav128_app File: /sim/tarsio/aocl-channel-smoke-20261008-HSiyqm/aocl_channel_smoke/system/synthesis/submodules/altpciexpav128_app.v Line: 18
Info (12021): Found 1 design units, including 1 entities, in source file system/synthesis/submodules/altpciexpav128_clksync.v
    Info (12023): Found entity 1: altpciexpav128_clksync File: /sim/tarsio/aocl-channel-smoke-20261008-HSiyqm/aocl_channel_smoke/system/synthesis/submodules/altpciexpav128_clksync.v Line: 48
Info (12021): Found 1 design units, including 1 entities, in source file system/synthesis/submodules/altpciexpav128_control_register.v
    Info (12023): Found entity 1: altpciexpav128_control_register File: /sim/tarsio/aocl-channel-smoke-20261008-HSiyqm/aocl_channel_smoke/system/synthesis/submodules/altpciexpav128_control_register.v Line: 47
Info (12021): Found 1 design units, including 1 entities, in source file system/synthesis/submodules/altpciexpav128_cr_avalon.v
    Info (12023): Found entity 1: altpciexpav128_cr_avalon File: /sim/tarsio/aocl-channel-smoke-20261008-HSiyqm/aocl_channel_smoke/system/synthesis/submodules/altpciexpav128_cr_avalon.v Line: 93
Info (12021): Found 1 design units, including 1 entities, in source file system/synthesis/submodules/altpciexpav128_cr_interrupt.v
    Info (12023): Found entity 1: altpciexpav128_cr_interrupt File: /sim/tarsio/aocl-channel-smoke-20261008-HSiyqm/aocl_channel_smoke/system/synthesis/submodules/altpciexpav128_cr_interrupt.v Line: 54
Info (12021): Found 1 design units, including 1 entities, in source file system/synthesis/submodules/altpciexpav128_cr_rp.v
    Info (12023): Found entity 1: altpciexpav128_cr_rp File: /sim/tarsio/aocl-channel-smoke-20261008-HSiyqm/aocl_channel_smoke/system/synthesis/submodules/altpciexpav128_cr_rp.v Line: 17
Info (12021): Found 1 design units, including 1 entities, in source file system/synthesis/submodules/altpciexpav128_cfg_status.v
    Info (12023): Found entity 1: altpciexpav128_cfg_status File: /sim/tarsio/aocl-channel-smoke-20261008-HSiyqm/aocl_channel_smoke/system/synthesis/submodules/altpciexpav128_cfg_status.v Line: 18
Info (12021): Found 1 design units, including 1 entities, in source file system/synthesis/submodules/altpciexpav128_cr_mailbox.v
    Info (12023): Found entity 1: altpciexpav128_cr_mailbox File: /sim/tarsio/aocl-channel-smoke-20261008-HSiyqm/aocl_channel_smoke/system/synthesis/submodules/altpciexpav128_cr_mailbox.v Line: 71
Info (12021): Found 1 design units, including 1 entities, in source file system/synthesis/submodules/altpciexpav128_p2a_addrtrans.v
    Info (12023): Found entity 1: altpciexpav128_p2a_addrtrans File: /sim/tarsio/aocl-channel-smoke-20261008-HSiyqm/aocl_channel_smoke/system/synthesis/submodules/altpciexpav128_p2a_addrtrans.v Line: 17
Warning (10720): Verilog HDL or VHDL warning at system/synthesis/submodules/altpciexpav128_rx.v(14): MESSAGE_ON or MESSAGE_OFF directive cannot process the non-HDL message ID 14320. File: /sim/tarsio/aocl-channel-smoke-20261008-HSiyqm/aocl_channel_smoke/system/synthesis/submodules/altpciexpav128_rx.v Line: 14
Info (12021): Found 1 design units, including 1 entities, in source file system/synthesis/submodules/altpciexpav128_rx.v
    Info (12023): Found entity 1: altpciexpav128_rx File: /sim/tarsio/aocl-channel-smoke-20261008-HSiyqm/aocl_channel_smoke/system/synthesis/submodules/altpciexpav128_rx.v Line: 18
Info (12021): Found 1 design units, including 1 entities, in source file system/synthesis/submodules/altpciexpav128_rx_cntrl.v
    Info (12023): Found entity 1: altpciexpav128_rx_cntrl File: /sim/tarsio/aocl-channel-smoke-20261008-HSiyqm/aocl_channel_smoke/system/synthesis/submodules/altpciexpav128_rx_cntrl.v Line: 18
Info (12021): Found 1 design units, including 1 entities, in source file system/synthesis/submodules/altpciexpav128_fifo.v
    Info (12023): Found entity 1: altpciexpav128_fifo File: /sim/tarsio/aocl-channel-smoke-20261008-HSiyqm/aocl_channel_smoke/system/synthesis/submodules/altpciexpav128_fifo.v Line: 17
Info (12021): Found 1 design units, including 1 entities, in source file system/synthesis/submodules/altpciexpav128_rxm_adapter.v
    Info (12023): Found entity 1: altpciexpav128_rxm_adapter File: /sim/tarsio/aocl-channel-smoke-20261008-HSiyqm/aocl_channel_smoke/system/synthesis/submodules/altpciexpav128_rxm_adapter.v Line: 19
Info (12021): Found 1 design units, including 1 entities, in source file system/synthesis/submodules/altpciexpav128_rx_resp.v
    Info (12023): Found entity 1: altpciexpav128_rx_resp File: /sim/tarsio/aocl-channel-smoke-20261008-HSiyqm/aocl_channel_smoke/system/synthesis/submodules/altpciexpav128_rx_resp.v Line: 19
Warning (10720): Verilog HDL or VHDL warning at system/synthesis/submodules/altpciexpav128_tx.v(14): MESSAGE_ON or MESSAGE_OFF directive cannot process the non-HDL message ID 12110. File: /sim/tarsio/aocl-channel-smoke-20261008-HSiyqm/aocl_channel_smoke/system/synthesis/submodules/altpciexpav128_tx.v Line: 14
Info (12021): Found 1 design units, including 1 entities, in source file system/synthesis/submodules/altpciexpav128_tx.v
    Info (12023): Found entity 1: altpciexpav128_tx File: /sim/tarsio/aocl-channel-smoke-20261008-HSiyqm/aocl_channel_smoke/system/synthesis/submodules/altpciexpav128_tx.v Line: 18
Info (12021): Found 1 design units, including 1 entities, in source file system/synthesis/submodules/altpciexpav128_tx_cntrl.v
    Info (12023): Found entity 1: altpciexpav128_tx_cntrl File: /sim/tarsio/aocl-channel-smoke-20261008-HSiyqm/aocl_channel_smoke/system/synthesis/submodules/altpciexpav128_tx_cntrl.v Line: 18
Info (12021): Found 1 design units, including 1 entities, in source file system/synthesis/submodules/altpciexpav128_txavl_cntrl.v
    Info (12023): Found entity 1: altpciexpav128_txavl_cntrl File: /sim/tarsio/aocl-channel-smoke-20261008-HSiyqm/aocl_channel_smoke/system/synthesis/submodules/altpciexpav128_txavl_cntrl.v Line: 18
Info (12021): Found 1 design units, including 1 entities, in source file system/synthesis/submodules/altpciexpav128_txresp_cntrl.v
    Info (12023): Found entity 1: altpciexpav128_txresp_cntrl File: /sim/tarsio/aocl-channel-smoke-20261008-HSiyqm/aocl_channel_smoke/system/synthesis/submodules/altpciexpav128_txresp_cntrl.v Line: 18
Info (12021): Found 1 design units, including 1 entities, in source file system/synthesis/submodules/altpciexpav_lite_app.v
    Info (12023): Found entity 1: altpciexpav_lite_app File: /sim/tarsio/aocl-channel-smoke-20261008-HSiyqm/aocl_channel_smoke/system/synthesis/submodules/altpciexpav_lite_app.v Line: 19
Info (12021): Found 1 design units, including 1 entities, in source file system/synthesis/submodules/altpcie_sv_hip_ast_hwtcl.v
    Info (12023): Found entity 1: altpcie_sv_hip_ast_hwtcl File: /sim/tarsio/aocl-channel-smoke-20261008-HSiyqm/aocl_channel_smoke/system/synthesis/submodules/altpcie_sv_hip_ast_hwtcl.v Line: 18
Info (12021): Found 1 design units, including 1 entities, in source file system/synthesis/submodules/altpcie_hip_256_pipen1b.v
    Info (12023): Found entity 1: altpcie_hip_256_pipen1b File: /sim/tarsio/aocl-channel-smoke-20261008-HSiyqm/aocl_channel_smoke/system/synthesis/submodules/altpcie_hip_256_pipen1b.v Line: 22
Info (12021): Found 1 design units, including 1 entities, in source file system/synthesis/submodules/altpcie_rs_serdes.v
    Info (12023): Found entity 1: altpcie_rs_serdes File: /sim/tarsio/aocl-channel-smoke-20261008-HSiyqm/aocl_channel_smoke/system/synthesis/submodules/altpcie_rs_serdes.v Line: 19
Info (12021): Found 1 design units, including 1 entities, in source file system/synthesis/submodules/altpcie_rs_hip.v
    Info (12023): Found entity 1: altpcie_rs_hip File: /sim/tarsio/aocl-channel-smoke-20261008-HSiyqm/aocl_channel_smoke/system/synthesis/submodules/altpcie_rs_hip.v Line: 22
Info (12021): Found 1 design units, including 1 entities, in source file system/synthesis/submodules/altpcie_scfifo.v
    Info (12023): Found entity 1: altpcie_scfifo File: /sim/tarsio/aocl-channel-smoke-20261008-HSiyqm/aocl_channel_smoke/system/synthesis/submodules/altpcie_scfifo.v Line: 21
Info (12021): Found 2 design units, including 2 entities, in source file system/synthesis/submodules/altpcie_sv_scfifo_ext.v
    Info (12023): Found entity 1: altpcie_sv_scfifo_ext File: /sim/tarsio/aocl-channel-smoke-20261008-HSiyqm/aocl_channel_smoke/system/synthesis/submodules/altpcie_sv_scfifo_ext.v Line: 17
    Info (12023): Found entity 2: altpcie_scfifo_svaa_deep File: /sim/tarsio/aocl-channel-smoke-20261008-HSiyqm/aocl_channel_smoke/system/synthesis/submodules/altpcie_sv_scfifo_ext.v Line: 124
Info (12021): Found 2 design units, including 2 entities, in source file system/synthesis/submodules/altpcie_scfifo_sv.v
    Info (12023): Found entity 1: altpcie_scfifo_sv File: /sim/tarsio/aocl-channel-smoke-20261008-HSiyqm/aocl_channel_smoke/system/synthesis/submodules/altpcie_scfifo_sv.v Line: 19
    Info (12023): Found entity 2: altpcie_scfifo_deep File: /sim/tarsio/aocl-channel-smoke-20261008-HSiyqm/aocl_channel_smoke/system/synthesis/submodules/altpcie_scfifo_sv.v Line: 116
Info (12021): Found 5 design units, including 5 entities, in source file system/synthesis/submodules/altpcie_sv_gbfifo.v
    Info (12023): Found entity 1: altpcie_sv_gbfifo File: /sim/tarsio/aocl-channel-smoke-20261008-HSiyqm/aocl_channel_smoke/system/synthesis/submodules/altpcie_sv_gbfifo.v Line: 46
    Info (12023): Found entity 2: altpcie_sv_gbfifo_neq_5_ena File: /sim/tarsio/aocl-channel-smoke-20261008-HSiyqm/aocl_channel_smoke/system/synthesis/submodules/altpcie_sv_gbfifo.v Line: 342
    Info (12023): Found entity 3: altpcie_sv_gbfifo_s5mlab File: /sim/tarsio/aocl-channel-smoke-20261008-HSiyqm/aocl_channel_smoke/system/synthesis/submodules/altpcie_sv_gbfifo.v Line: 393
    Info (12023): Found entity 4: altpcie_sv_gbfifo_eq_5_ena File: /sim/tarsio/aocl-channel-smoke-20261008-HSiyqm/aocl_channel_smoke/system/synthesis/submodules/altpcie_sv_gbfifo.v Line: 504
    Info (12023): Found entity 5: altpcie_sv_gbfifo_wys_lut File: /sim/tarsio/aocl-channel-smoke-20261008-HSiyqm/aocl_channel_smoke/system/synthesis/submodules/altpcie_sv_gbfifo.v Line: 566
Info (12021): Found 1 design units, including 1 entities, in source file system/synthesis/submodules/altpcie_tlp_inspector.v
    Info (12023): Found entity 1: altpcie_tlp_inspector File: /sim/tarsio/aocl-channel-smoke-20261008-HSiyqm/aocl_channel_smoke/system/synthesis/submodules/altpcie_tlp_inspector.v Line: 151
Info (12021): Found 1 design units, including 1 entities, in source file system/synthesis/submodules/altpcie_tlp_inspector_trigger.v
    Info (12023): Found entity 1: altpcie_tlp_inspector_trigger File: /sim/tarsio/aocl-channel-smoke-20261008-HSiyqm/aocl_channel_smoke/system/synthesis/submodules/altpcie_tlp_inspector_trigger.v Line: 120
Info (12021): Found 1 design units, including 1 entities, in source file system/synthesis/submodules/altpcie_hip_eq_dprio.v
    Info (12023): Found entity 1: altpcie_hip_eq_dprio File: /sim/tarsio/aocl-channel-smoke-20261008-HSiyqm/aocl_channel_smoke/system/synthesis/submodules/altpcie_hip_eq_dprio.v Line: 22
Info (12021): Found 5 design units, including 5 entities, in source file system/synthesis/submodules/altpcie_hip_eq_bypass_ph3.v
    Info (12023): Found entity 1: altpcie_hip_eq_bypass_ph3 File: /sim/tarsio/aocl-channel-smoke-20261008-HSiyqm/aocl_channel_smoke/system/synthesis/submodules/altpcie_hip_eq_bypass_ph3.v Line: 18
    Info (12023): Found entity 2: altpcie_hip_bitsync2 File: /sim/tarsio/aocl-channel-smoke-20261008-HSiyqm/aocl_channel_smoke/system/synthesis/submodules/altpcie_hip_eq_bypass_ph3.v Line: 674
    Info (12023): Found entity 3: altpcie_hip_bitsync File: /sim/tarsio/aocl-channel-smoke-20261008-HSiyqm/aocl_channel_smoke/system/synthesis/submodules/altpcie_hip_eq_bypass_ph3.v Line: 705
    Info (12023): Found entity 4: altpcie_hip_vecsync2 File: /sim/tarsio/aocl-channel-smoke-20261008-HSiyqm/aocl_channel_smoke/system/synthesis/submodules/altpcie_hip_eq_bypass_ph3.v Line: 743
    Info (12023): Found entity 5: altpcie_hip_vecsync File: /sim/tarsio/aocl-channel-smoke-20261008-HSiyqm/aocl_channel_smoke/system/synthesis/submodules/altpcie_hip_eq_bypass_ph3.v Line: 780
Info (12021): Found 1 design units, including 1 entities, in source file system/synthesis/submodules/altpcie_tlp_inspector_monitor.sv
    Info (12023): Found entity 1: altpcie_tlp_inspector_monitor File: /sim/tarsio/aocl-channel-smoke-20261008-HSiyqm/aocl_channel_smoke/system/synthesis/submodules/altpcie_tlp_inspector_monitor.sv Line: 94
Info (12021): Found 1 design units, including 1 entities, in source file system/synthesis/submodules/altpcie_tlp_inspector_cseb.sv
    Info (12023): Found entity 1: altpcie_tlp_inspector_cseb File: /sim/tarsio/aocl-channel-smoke-20261008-HSiyqm/aocl_channel_smoke/system/synthesis/submodules/altpcie_tlp_inspector_cseb.sv Line: 287
Info (12021): Found 1 design units, including 0 entities, in source file system/synthesis/submodules/altera_xcvr_functions.sv
    Info (12022): Found design unit 1: altera_xcvr_functions (SystemVerilog) (system) File: /sim/tarsio/aocl-channel-smoke-20261008-HSiyqm/aocl_channel_smoke/system/synthesis/submodules/altera_xcvr_functions.sv Line: 20
Info (12021): Found 1 design units, including 1 entities, in source file system/synthesis/submodules/sv_pcs.sv
    Info (12023): Found entity 1: sv_pcs File: /sim/tarsio/aocl-channel-smoke-20261008-HSiyqm/aocl_channel_smoke/system/synthesis/submodules/sv_pcs.sv Line: 26
Info (12021): Found 1 design units, including 1 entities, in source file system/synthesis/submodules/sv_pcs_ch.sv
    Info (12023): Found entity 1: sv_pcs_ch File: /sim/tarsio/aocl-channel-smoke-20261008-HSiyqm/aocl_channel_smoke/system/synthesis/submodules/sv_pcs_ch.sv Line: 42
Info (12021): Found 1 design units, including 1 entities, in source file system/synthesis/submodules/sv_pma.sv
    Info (12023): Found entity 1: sv_pma File: /sim/tarsio/aocl-channel-smoke-20261008-HSiyqm/aocl_channel_smoke/system/synthesis/submodules/sv_pma.sv Line: 16
Info (12021): Found 1 design units, including 1 entities, in source file system/synthesis/submodules/sv_reconfig_bundle_to_xcvr.sv
    Info (12023): Found entity 1: sv_reconfig_bundle_to_xcvr File: /sim/tarsio/aocl-channel-smoke-20261008-HSiyqm/aocl_channel_smoke/system/synthesis/submodules/sv_reconfig_bundle_to_xcvr.sv Line: 28
Info (12021): Found 1 design units, including 1 entities, in source file system/synthesis/submodules/sv_reconfig_bundle_to_ip.sv
    Info (12023): Found entity 1: sv_reconfig_bundle_to_ip File: /sim/tarsio/aocl-channel-smoke-20261008-HSiyqm/aocl_channel_smoke/system/synthesis/submodules/sv_reconfig_bundle_to_ip.sv Line: 16
Info (12021): Found 1 design units, including 1 entities, in source file system/synthesis/submodules/sv_reconfig_bundle_merger.sv
    Info (12023): Found entity 1: sv_reconfig_bundle_merger File: /sim/tarsio/aocl-channel-smoke-20261008-HSiyqm/aocl_channel_smoke/system/synthesis/submodules/sv_reconfig_bundle_merger.sv Line: 18
Info (12021): Found 1 design units, including 1 entities, in source file system/synthesis/submodules/sv_rx_pma.sv
    Info (12023): Found entity 1: sv_rx_pma File: /sim/tarsio/aocl-channel-smoke-20261008-HSiyqm/aocl_channel_smoke/system/synthesis/submodules/sv_rx_pma.sv Line: 15
Info (12021): Found 1 design units, including 1 entities, in source file system/synthesis/submodules/sv_tx_pma.sv
    Info (12023): Found entity 1: sv_tx_pma File: /sim/tarsio/aocl-channel-smoke-20261008-HSiyqm/aocl_channel_smoke/system/synthesis/submodules/sv_tx_pma.sv Line: 18
Info (12021): Found 1 design units, including 1 entities, in source file system/synthesis/submodules/sv_tx_pma_ch.sv
    Info (12023): Found entity 1: sv_tx_pma_ch File: /sim/tarsio/aocl-channel-smoke-20261008-HSiyqm/aocl_channel_smoke/system/synthesis/submodules/sv_tx_pma_ch.sv Line: 52
Info (12021): Found 1 design units, including 0 entities, in source file system/synthesis/submodules/sv_xcvr_h.sv
    Info (12022): Found design unit 1: sv_xcvr_h (SystemVerilog) (system) File: /sim/tarsio/aocl-channel-smoke-20261008-HSiyqm/aocl_channel_smoke/system/synthesis/submodules/sv_xcvr_h.sv Line: 20
Info (12021): Found 1 design units, including 1 entities, in source file system/synthesis/submodules/sv_xcvr_avmm_csr.sv
    Info (12023): Found entity 1: sv_xcvr_avmm_csr File: /sim/tarsio/aocl-channel-smoke-20261008-HSiyqm/aocl_channel_smoke/system/synthesis/submodules/sv_xcvr_avmm_csr.sv Line: 16
Info (12021): Found 1 design units, including 1 entities, in source file system/synthesis/submodules/sv_xcvr_avmm_dcd.sv
    Info (12023): Found entity 1: sv_xcvr_avmm_dcd File: /sim/tarsio/aocl-channel-smoke-20261008-HSiyqm/aocl_channel_smoke/system/synthesis/submodules/sv_xcvr_avmm_dcd.sv Line: 28
Info (12021): Found 1 design units, including 1 entities, in source file system/synthesis/submodules/sv_xcvr_avmm.sv
    Info (12023): Found entity 1: sv_xcvr_avmm File: /sim/tarsio/aocl-channel-smoke-20261008-HSiyqm/aocl_channel_smoke/system/synthesis/submodules/sv_xcvr_avmm.sv Line: 18
Info (12021): Found 1 design units, including 1 entities, in source file system/synthesis/submodules/sv_xcvr_data_adapter.sv
    Info (12023): Found entity 1: sv_xcvr_data_adapter File: /sim/tarsio/aocl-channel-smoke-20261008-HSiyqm/aocl_channel_smoke/system/synthesis/submodules/sv_xcvr_data_adapter.sv Line: 24
Info (12021): Found 1 design units, including 1 entities, in source file system/synthesis/submodules/sv_xcvr_native.sv
    Info (12023): Found entity 1: sv_xcvr_native File: /sim/tarsio/aocl-channel-smoke-20261008-HSiyqm/aocl_channel_smoke/system/synthesis/submodules/sv_xcvr_native.sv Line: 17
Info (12021): Found 1 design units, including 1 entities, in source file system/synthesis/submodules/sv_xcvr_plls.sv
    Info (12023): Found entity 1: sv_xcvr_plls File: /sim/tarsio/aocl-channel-smoke-20261008-HSiyqm/aocl_channel_smoke/system/synthesis/submodules/sv_xcvr_plls.sv Line: 28
Info (12021): Found 1 design units, including 1 entities, in source file system/synthesis/submodules/alt_xcvr_resync.sv
    Info (12023): Found entity 1: alt_xcvr_resync File: /sim/tarsio/aocl-channel-smoke-20261008-HSiyqm/aocl_channel_smoke/system/synthesis/submodules/alt_xcvr_resync.sv Line: 44
Info (12021): Found 1 design units, including 1 entities, in source file system/synthesis/submodules/sv_hssi_10g_rx_pcs_rbc.sv
    Info (12023): Found entity 1: sv_hssi_10g_rx_pcs_rbc File: /sim/tarsio/aocl-channel-smoke-20261008-HSiyqm/aocl_channel_smoke/system/synthesis/submodules/sv_hssi_10g_rx_pcs_rbc.sv Line: 21
Info (12021): Found 1 design units, including 1 entities, in source file system/synthesis/submodules/sv_hssi_10g_tx_pcs_rbc.sv
    Info (12023): Found entity 1: sv_hssi_10g_tx_pcs_rbc File: /sim/tarsio/aocl-channel-smoke-20261008-HSiyqm/aocl_channel_smoke/system/synthesis/submodules/sv_hssi_10g_tx_pcs_rbc.sv Line: 19
Info (12021): Found 1 design units, including 1 entities, in source file system/synthesis/submodules/sv_hssi_8g_rx_pcs_rbc.sv
    Info (12023): Found entity 1: sv_hssi_8g_rx_pcs_rbc File: /sim/tarsio/aocl-channel-smoke-20261008-HSiyqm/aocl_channel_smoke/system/synthesis/submodules/sv_hssi_8g_rx_pcs_rbc.sv Line: 19
Info (12021): Found 1 design units, including 1 entities, in source file system/synthesis/submodules/sv_hssi_8g_tx_pcs_rbc.sv
    Info (12023): Found entity 1: sv_hssi_8g_tx_pcs_rbc File: /sim/tarsio/aocl-channel-smoke-20261008-HSiyqm/aocl_channel_smoke/system/synthesis/submodules/sv_hssi_8g_tx_pcs_rbc.sv Line: 19
Info (12021): Found 1 design units, including 1 entities, in source file system/synthesis/submodules/sv_hssi_8g_pcs_aggregate_rbc.sv
    Info (12023): Found entity 1: sv_hssi_8g_pcs_aggregate_rbc File: /sim/tarsio/aocl-channel-smoke-20261008-HSiyqm/aocl_channel_smoke/system/synthesis/submodules/sv_hssi_8g_pcs_aggregate_rbc.sv Line: 19
Info (12021): Found 1 design units, including 1 entities, in source file system/synthesis/submodules/sv_hssi_common_pcs_pma_interface_rbc.sv
    Info (12023): Found entity 1: sv_hssi_common_pcs_pma_interface_rbc File: /sim/tarsio/aocl-channel-smoke-20261008-HSiyqm/aocl_channel_smoke/system/synthesis/submodules/sv_hssi_common_pcs_pma_interface_rbc.sv Line: 19
Info (12021): Found 1 design units, including 1 entities, in source file system/synthesis/submodules/sv_hssi_common_pld_pcs_interface_rbc.sv
    Info (12023): Found entity 1: sv_hssi_common_pld_pcs_interface_rbc File: /sim/tarsio/aocl-channel-smoke-20261008-HSiyqm/aocl_channel_smoke/system/synthesis/submodules/sv_hssi_common_pld_pcs_interface_rbc.sv Line: 19
Info (12021): Found 1 design units, including 1 entities, in source file system/synthesis/submodules/sv_hssi_pipe_gen1_2_rbc.sv
    Info (12023): Found entity 1: sv_hssi_pipe_gen1_2_rbc File: /sim/tarsio/aocl-channel-smoke-20261008-HSiyqm/aocl_channel_smoke/system/synthesis/submodules/sv_hssi_pipe_gen1_2_rbc.sv Line: 19
Info (12021): Found 1 design units, including 1 entities, in source file system/synthesis/submodules/sv_hssi_pipe_gen3_rbc.sv
    Info (12023): Found entity 1: sv_hssi_pipe_gen3_rbc File: /sim/tarsio/aocl-channel-smoke-20261008-HSiyqm/aocl_channel_smoke/system/synthesis/submodules/sv_hssi_pipe_gen3_rbc.sv Line: 19
Info (12021): Found 1 design units, including 1 entities, in source file system/synthesis/submodules/sv_hssi_rx_pcs_pma_interface_rbc.sv
    Info (12023): Found entity 1: sv_hssi_rx_pcs_pma_interface_rbc File: /sim/tarsio/aocl-channel-smoke-20261008-HSiyqm/aocl_channel_smoke/system/synthesis/submodules/sv_hssi_rx_pcs_pma_interface_rbc.sv Line: 19
Info (12021): Found 1 design units, including 1 entities, in source file system/synthesis/submodules/sv_hssi_rx_pld_pcs_interface_rbc.sv
    Info (12023): Found entity 1: sv_hssi_rx_pld_pcs_interface_rbc File: /sim/tarsio/aocl-channel-smoke-20261008-HSiyqm/aocl_channel_smoke/system/synthesis/submodules/sv_hssi_rx_pld_pcs_interface_rbc.sv Line: 19
Info (12021): Found 1 design units, including 1 entities, in source file system/synthesis/submodules/sv_hssi_tx_pcs_pma_interface_rbc.sv
    Info (12023): Found entity 1: sv_hssi_tx_pcs_pma_interface_rbc File: /sim/tarsio/aocl-channel-smoke-20261008-HSiyqm/aocl_channel_smoke/system/synthesis/submodules/sv_hssi_tx_pcs_pma_interface_rbc.sv Line: 19
Info (12021): Found 1 design units, including 1 entities, in source file system/synthesis/submodules/sv_hssi_tx_pld_pcs_interface_rbc.sv
    Info (12023): Found entity 1: sv_hssi_tx_pld_pcs_interface_rbc File: /sim/tarsio/aocl-channel-smoke-20261008-HSiyqm/aocl_channel_smoke/system/synthesis/submodules/sv_hssi_tx_pld_pcs_interface_rbc.sv Line: 19
Info (12021): Found 1 design units, including 1 entities, in source file system/synthesis/submodules/sv_xcvr_emsip_adapter.sv
    Info (12023): Found entity 1: sv_xcvr_emsip_adapter File: /sim/tarsio/aocl-channel-smoke-20261008-HSiyqm/aocl_channel_smoke/system/synthesis/submodules/sv_xcvr_emsip_adapter.sv Line: 36
Info (12021): Found 1 design units, including 1 entities, in source file system/synthesis/submodules/sv_xcvr_pipe_native.sv
    Info (12023): Found entity 1: sv_xcvr_pipe_native File: /sim/tarsio/aocl-channel-smoke-20261008-HSiyqm/aocl_channel_smoke/system/synthesis/submodules/sv_xcvr_pipe_native.sv Line: 22
Info (12021): Found 1 design units, including 1 entities, in source file system/synthesis/submodules/cvp_update_reset_zero.v
    Info (12023): Found entity 1: cvp_update_reset File: /sim/tarsio/aocl-channel-smoke-20261008-HSiyqm/aocl_channel_smoke/system/synthesis/submodules/cvp_update_reset_zero.v Line: 1
Warning (10236): Verilog HDL Implicit Net warning at altpcie_sv_hip_avmm_hwtcl.v(879): created implicit net for "derr_cor_ext" File: /sim/tarsio/aocl-channel-smoke-20261008-HSiyqm/aocl_channel_smoke/system/synthesis/submodules/altpcie_sv_hip_avmm_hwtcl.v Line: 879
Warning (10236): Verilog HDL Implicit Net warning at altpciexpav_stif_app.v(676): created implicit net for "txrp_tlp_ack" File: /sim/tarsio/aocl-channel-smoke-20261008-HSiyqm/aocl_channel_smoke/system/synthesis/submodules/altpciexpav_stif_app.v Line: 676
Info (12127): Elaborating entity "top" for the top level hierarchy
Info (12128): Elaborating entity "system" for hierarchy "system:system_inst" File: /sim/tarsio/aocl-channel-smoke-20261008-HSiyqm/aocl_channel_smoke/top.v Line: 312
Info (12128): Elaborating entity "system_board" for hierarchy "system:system_inst|system_board:board" File: /sim/tarsio/aocl-channel-smoke-20261008-HSiyqm/aocl_channel_smoke/system/synthesis/system.v Line: 237
Info (12128): Elaborating entity "altera_avalon_mm_bridge" for hierarchy "system:system_inst|system_board:board|altera_avalon_mm_bridge:pipe_stage_ddr3b_dimm" File: /sim/tarsio/aocl-channel-smoke-20261008-HSiyqm/aocl_channel_smoke/system/synthesis/submodules/system_board.v Line: 542
Info (12128): Elaborating entity "altpcie_sv_hip_avmm_hwtcl" for hierarchy "system:system_inst|system_board:board|altpcie_sv_hip_avmm_hwtcl:pcie" File: /sim/tarsio/aocl-channel-smoke-20261008-HSiyqm/aocl_channel_smoke/system/synthesis/submodules/system_board.v Line: 1012
Warning (10036): Verilog HDL or VHDL warning at altpcie_sv_hip_avmm_hwtcl.v(879): object "derr_cor_ext" assigned a value but never read File: /sim/tarsio/aocl-channel-smoke-20261008-HSiyqm/aocl_channel_smoke/system/synthesis/submodules/altpcie_sv_hip_avmm_hwtcl.v Line: 879
Warning (10034): Output port "derr_cor_ext_rcv" at altpcie_sv_hip_avmm_hwtcl.v(662) has no driver File: /sim/tarsio/aocl-channel-smoke-20261008-HSiyqm/aocl_channel_smoke/system/synthesis/submodules/altpcie_sv_hip_avmm_hwtcl.v Line: 662
Warning (10034): Output port "derr_cor_ext_rpl" at altpcie_sv_hip_avmm_hwtcl.v(663) has no driver File: /sim/tarsio/aocl-channel-smoke-20261008-HSiyqm/aocl_channel_smoke/system/synthesis/submodules/altpcie_sv_hip_avmm_hwtcl.v Line: 663
Info (12128): Elaborating entity "altpcie_sv_hip_ast_hwtcl" for hierarchy "system:system_inst|system_board:board|altpcie_sv_hip_avmm_hwtcl:pcie|altpcie_sv_hip_ast_hwtcl:altera_s5_a2p" File: /sim/tarsio/aocl-channel-smoke-20261008-HSiyqm/aocl_channel_smoke/system/synthesis/submodules/altpcie_sv_hip_avmm_hwtcl.v Line: 1423
Warning (10764): Verilog HDL warning at altpcie_sv_hip_ast_hwtcl.v(1099): converting signed shift amount to unsigned File: /sim/tarsio/aocl-channel-smoke-20261008-HSiyqm/aocl_channel_smoke/system/synthesis/submodules/altpcie_sv_hip_ast_hwtcl.v Line: 1099
Warning (10764): Verilog HDL warning at altpcie_sv_hip_ast_hwtcl.v(1097): converting signed shift amount to unsigned File: /sim/tarsio/aocl-channel-smoke-20261008-HSiyqm/aocl_channel_smoke/system/synthesis/submodules/altpcie_sv_hip_ast_hwtcl.v Line: 1097
Warning (10764): Verilog HDL warning at altpcie_sv_hip_ast_hwtcl.v(1098): converting signed shift amount to unsigned File: /sim/tarsio/aocl-channel-smoke-20261008-HSiyqm/aocl_channel_smoke/system/synthesis/submodules/altpcie_sv_hip_ast_hwtcl.v Line: 1098
Warning (10242): Verilog HDL Function Declaration warning at altpcie_sv_hip_ast_hwtcl.v(1061): variable "return_string" may have a Don't Care value because it may not be assigned a value in every possible path through the statements preceding its use File: /sim/tarsio/aocl-channel-smoke-20261008-HSiyqm/aocl_channel_smoke/system/synthesis/submodules/altpcie_sv_hip_ast_hwtcl.v Line: 1061
Warning (10230): Verilog HDL assignment warning at altpcie_sv_hip_ast_hwtcl.v(1061): truncated value with size 208 to match size of target (200) File: /sim/tarsio/aocl-channel-smoke-20261008-HSiyqm/aocl_channel_smoke/system/synthesis/submodules/altpcie_sv_hip_ast_hwtcl.v Line: 1061
Warning (10764): Verilog HDL warning at altpcie_sv_hip_ast_hwtcl.v(1109): converting signed shift amount to unsigned File: /sim/tarsio/aocl-channel-smoke-20261008-HSiyqm/aocl_channel_smoke/system/synthesis/submodules/altpcie_sv_hip_ast_hwtcl.v Line: 1109
Info (10648): Verilog HDL Display System Task info at altpcie_sv_hip_ast_hwtcl.v(2383): Stratix V Hard IP for PCI Express "" File: /sim/tarsio/aocl-channel-smoke-20261008-HSiyqm/aocl_channel_smoke/system/synthesis/submodules/altpcie_sv_hip_ast_hwtcl.v Line: 2383
Warning (10230): Verilog HDL assignment warning at altpcie_sv_hip_ast_hwtcl.v(2390): truncated value with size 2 to match size of target (1) File: /sim/tarsio/aocl-channel-smoke-20261008-HSiyqm/aocl_channel_smoke/system/synthesis/submodules/altpcie_sv_hip_ast_hwtcl.v Line: 2390
Warning (10230): Verilog HDL assignment warning at altpcie_sv_hip_ast_hwtcl.v(2391): truncated value with size 2 to match size of target (1) File: /sim/tarsio/aocl-channel-smoke-20261008-HSiyqm/aocl_channel_smoke/system/synthesis/submodules/altpcie_sv_hip_ast_hwtcl.v Line: 2391
Warning (10230): Verilog HDL assignment warning at altpcie_sv_hip_ast_hwtcl.v(2392): truncated value with size 2 to match size of target (1) File: /sim/tarsio/aocl-channel-smoke-20261008-HSiyqm/aocl_channel_smoke/system/synthesis/submodules/altpcie_sv_hip_ast_hwtcl.v Line: 2392
Warning (10230): Verilog HDL assignment warning at altpcie_sv_hip_ast_hwtcl.v(2393): truncated value with size 2 to match size of target (1) File: /sim/tarsio/aocl-channel-smoke-20261008-HSiyqm/aocl_channel_smoke/system/synthesis/submodules/altpcie_sv_hip_ast_hwtcl.v Line: 2393
Info (12128): Elaborating entity "altpcie_hip_256_pipen1b" for hierarchy "system:system_inst|system_board:board|altpcie_sv_hip_avmm_hwtcl:pcie|altpcie_sv_hip_ast_hwtcl:altera_s5_a2p|altpcie_hip_256_pipen1b:altpcie_hip_256_pipen1b" File: /sim/tarsio/aocl-channel-smoke-20261008-HSiyqm/aocl_channel_smoke/system/synthesis/submodules/altpcie_sv_hip_ast_hwtcl.v Line: 3324
Warning (10242): Verilog HDL Function Declaration warning at altpcie_hip_256_pipen1b.v(940): variable "return_string" may have a Don't Care value because it may not be assigned a value in every possible path through the statements preceding its use File: /sim/tarsio/aocl-channel-smoke-20261008-HSiyqm/aocl_channel_smoke/system/synthesis/submodules/altpcie_hip_256_pipen1b.v Line: 940
Info (12128): Elaborating entity "altpcie_rs_hip" for hierarchy "system:system_inst|system_board:board|altpcie_sv_hip_avmm_hwtcl:pcie|altpcie_sv_hip_ast_hwtcl:altera_s5_a2p|altpcie_hip_256_pipen1b:altpcie_hip_256_pipen1b|altpcie_rs_hip:g_hiprst.altpcie_rs_hip" File: /sim/tarsio/aocl-channel-smoke-20261008-HSiyqm/aocl_channel_smoke/system/synthesis/submodules/altpcie_hip_256_pipen1b.v Line: 2049
Info (12128): Elaborating entity "sv_xcvr_pipe_native" for hierarchy "system:system_inst|system_board:board|altpcie_sv_hip_avmm_hwtcl:pcie|altpcie_sv_hip_ast_hwtcl:altera_s5_a2p|altpcie_hip_256_pipen1b:altpcie_hip_256_pipen1b|sv_xcvr_pipe_native:g_xcvr.sv_xcvr_pipe_native" File: /sim/tarsio/aocl-channel-smoke-20261008-HSiyqm/aocl_channel_smoke/system/synthesis/submodules/altpcie_hip_256_pipen1b.v Line: 3962
Warning (10036): Verilog HDL or VHDL warning at sv_xcvr_pipe_native.sv(452): object "w_pll_tx_pcie_fb_clk" assigned a value but never read File: /sim/tarsio/aocl-channel-smoke-20261008-HSiyqm/aocl_channel_smoke/system/synthesis/submodules/sv_xcvr_pipe_native.sv Line: 452
Warning (10036): Verilog HDL or VHDL warning at sv_xcvr_pipe_native.sv(453): object "w_pll_tx_pll_fb_sw" assigned a value but never read File: /sim/tarsio/aocl-channel-smoke-20261008-HSiyqm/aocl_channel_smoke/system/synthesis/submodules/sv_xcvr_pipe_native.sv Line: 453
Info (12128): Elaborating entity "sv_xcvr_emsip_adapter" for hierarchy "system:system_inst|system_board:board|altpcie_sv_hip_avmm_hwtcl:pcie|altpcie_sv_hip_ast_hwtcl:altera_s5_a2p|altpcie_hip_256_pipen1b:altpcie_hip_256_pipen1b|sv_xcvr_pipe_native:g_xcvr.sv_xcvr_pipe_native|sv_xcvr_emsip_adapter:sv_xcvr_emsip_adapter_inst" File: /sim/tarsio/aocl-channel-smoke-20261008-HSiyqm/aocl_channel_smoke/system/synthesis/submodules/sv_xcvr_pipe_native.sv Line: 709
Warning (10034): Output port "rxfreqtxcmuplllock[4]" at sv_xcvr_emsip_adapter.sv(104) has no driver File: /sim/tarsio/aocl-channel-smoke-20261008-HSiyqm/aocl_channel_smoke/system/synthesis/submodules/sv_xcvr_emsip_adapter.sv Line: 104
Warning (10034): Output port "out_pcspldif_emsip_tx_in[916..914]" at sv_xcvr_emsip_adapter.sv(119) has no driver File: /sim/tarsio/aocl-channel-smoke-20261008-HSiyqm/aocl_channel_smoke/system/synthesis/submodules/sv_xcvr_emsip_adapter.sv Line: 119
Warning (10034): Output port "out_pcspldif_emsip_tx_in[912..910]" at sv_xcvr_emsip_adapter.sv(119) has no driver File: /sim/tarsio/aocl-channel-smoke-20261008-HSiyqm/aocl_channel_smoke/system/synthesis/submodules/sv_xcvr_emsip_adapter.sv Line: 119
Warning (10034): Output port "out_pcspldif_emsip_tx_in[812..810]" at sv_xcvr_emsip_adapter.sv(119) has no driver File: /sim/tarsio/aocl-channel-smoke-20261008-HSiyqm/aocl_channel_smoke/system/synthesis/submodules/sv_xcvr_emsip_adapter.sv Line: 119
Warning (10034): Output port "out_pcspldif_emsip_tx_in[808..806]" at sv_xcvr_emsip_adapter.sv(119) has no driver File: /sim/tarsio/aocl-channel-smoke-20261008-HSiyqm/aocl_channel_smoke/system/synthesis/submodules/sv_xcvr_emsip_adapter.sv Line: 119
Warning (10034): Output port "out_pcspldif_emsip_tx_in[708..706]" at sv_xcvr_emsip_adapter.sv(119) has no driver File: /sim/tarsio/aocl-channel-smoke-20261008-HSiyqm/aocl_channel_smoke/system/synthesis/submodules/sv_xcvr_emsip_adapter.sv Line: 119
Warning (10034): Output port "out_pcspldif_emsip_tx_in[704..702]" at sv_xcvr_emsip_adapter.sv(119) has no driver File: /sim/tarsio/aocl-channel-smoke-20261008-HSiyqm/aocl_channel_smoke/system/synthesis/submodules/sv_xcvr_emsip_adapter.sv Line: 119
Warning (10034): Output port "out_pcspldif_emsip_tx_in[604..602]" at sv_xcvr_emsip_adapter.sv(119) has no driver File: /sim/tarsio/aocl-channel-smoke-20261008-HSiyqm/aocl_channel_smoke/system/synthesis/submodules/sv_xcvr_emsip_adapter.sv Line: 119
Warning (10034): Output port "out_pcspldif_emsip_tx_in[600..598]" at sv_xcvr_emsip_adapter.sv(119) has no driver File: /sim/tarsio/aocl-channel-smoke-20261008-HSiyqm/aocl_channel_smoke/system/synthesis/submodules/sv_xcvr_emsip_adapter.sv Line: 119
Warning (10034): Output port "out_pcspldif_emsip_tx_in[500..498]" at sv_xcvr_emsip_adapter.sv(119) has no driver File: /sim/tarsio/aocl-channel-smoke-20261008-HSiyqm/aocl_channel_smoke/system/synthesis/submodules/sv_xcvr_emsip_adapter.sv Line: 119
Warning (10034): Output port "out_pcspldif_emsip_tx_in[496..494]" at sv_xcvr_emsip_adapter.sv(119) has no driver File: /sim/tarsio/aocl-channel-smoke-20261008-HSiyqm/aocl_channel_smoke/system/synthesis/submodules/sv_xcvr_emsip_adapter.sv Line: 119
Warning (10034): Output port "out_pcspldif_emsip_tx_in[396..394]" at sv_xcvr_emsip_adapter.sv(119) has no driver File: /sim/tarsio/aocl-channel-smoke-20261008-HSiyqm/aocl_channel_smoke/system/synthesis/submodules/sv_xcvr_emsip_adapter.sv Line: 119
Warning (10034): Output port "out_pcspldif_emsip_tx_in[392..390]" at sv_xcvr_emsip_adapter.sv(119) has no driver File: /sim/tarsio/aocl-channel-smoke-20261008-HSiyqm/aocl_channel_smoke/system/synthesis/submodules/sv_xcvr_emsip_adapter.sv Line: 119
Warning (10034): Output port "out_pcspldif_emsip_tx_in[292..290]" at sv_xcvr_emsip_adapter.sv(119) has no driver File: /sim/tarsio/aocl-channel-smoke-20261008-HSiyqm/aocl_channel_smoke/system/synthesis/submodules/sv_xcvr_emsip_adapter.sv Line: 119
Warning (10034): Output port "out_pcspldif_emsip_tx_in[288..286]" at sv_xcvr_emsip_adapter.sv(119) has no driver File: /sim/tarsio/aocl-channel-smoke-20261008-HSiyqm/aocl_channel_smoke/system/synthesis/submodules/sv_xcvr_emsip_adapter.sv Line: 119
Warning (10034): Output port "out_pcspldif_emsip_tx_in[188..186]" at sv_xcvr_emsip_adapter.sv(119) has no driver File: /sim/tarsio/aocl-channel-smoke-20261008-HSiyqm/aocl_channel_smoke/system/synthesis/submodules/sv_xcvr_emsip_adapter.sv Line: 119
Warning (10034): Output port "out_pcspldif_emsip_tx_in[184..182]" at sv_xcvr_emsip_adapter.sv(119) has no driver File: /sim/tarsio/aocl-channel-smoke-20261008-HSiyqm/aocl_channel_smoke/system/synthesis/submodules/sv_xcvr_emsip_adapter.sv Line: 119
Warning (10034): Output port "out_pcspldif_emsip_tx_in[84..82]" at sv_xcvr_emsip_adapter.sv(119) has no driver File: /sim/tarsio/aocl-channel-smoke-20261008-HSiyqm/aocl_channel_smoke/system/synthesis/submodules/sv_xcvr_emsip_adapter.sv Line: 119
Warning (10034): Output port "out_pcspldif_emsip_tx_in[80..78]" at sv_xcvr_emsip_adapter.sv(119) has no driver File: /sim/tarsio/aocl-channel-smoke-20261008-HSiyqm/aocl_channel_smoke/system/synthesis/submodules/sv_xcvr_emsip_adapter.sv Line: 119
Warning (10034): Output port "out_pcspldif_emsip_tx_special_in[108]" at sv_xcvr_emsip_adapter.sv(120) has no driver File: /sim/tarsio/aocl-channel-smoke-20261008-HSiyqm/aocl_channel_smoke/system/synthesis/submodules/sv_xcvr_emsip_adapter.sv Line: 120
Warning (10034): Output port "out_pcspldif_emsip_tx_special_in[95]" at sv_xcvr_emsip_adapter.sv(120) has no driver File: /sim/tarsio/aocl-channel-smoke-20261008-HSiyqm/aocl_channel_smoke/system/synthesis/submodules/sv_xcvr_emsip_adapter.sv Line: 120
Warning (10034): Output port "out_pcspldif_emsip_tx_special_in[82]" at sv_xcvr_emsip_adapter.sv(120) has no driver File: /sim/tarsio/aocl-channel-smoke-20261008-HSiyqm/aocl_channel_smoke/system/synthesis/submodules/sv_xcvr_emsip_adapter.sv Line: 120
Warning (10034): Output port "out_pcspldif_emsip_tx_special_in[69]" at sv_xcvr_emsip_adapter.sv(120) has no driver File: /sim/tarsio/aocl-channel-smoke-20261008-HSiyqm/aocl_channel_smoke/system/synthesis/submodules/sv_xcvr_emsip_adapter.sv Line: 120
Warning (10034): Output port "out_pcspldif_emsip_tx_special_in[56]" at sv_xcvr_emsip_adapter.sv(120) has no driver File: /sim/tarsio/aocl-channel-smoke-20261008-HSiyqm/aocl_channel_smoke/system/synthesis/submodules/sv_xcvr_emsip_adapter.sv Line: 120
Warning (10034): Output port "out_pcspldif_emsip_tx_special_in[43]" at sv_xcvr_emsip_adapter.sv(120) has no driver File: /sim/tarsio/aocl-channel-smoke-20261008-HSiyqm/aocl_channel_smoke/system/synthesis/submodules/sv_xcvr_emsip_adapter.sv Line: 120
Warning (10034): Output port "out_pcspldif_emsip_tx_special_in[30]" at sv_xcvr_emsip_adapter.sv(120) has no driver File: /sim/tarsio/aocl-channel-smoke-20261008-HSiyqm/aocl_channel_smoke/system/synthesis/submodules/sv_xcvr_emsip_adapter.sv Line: 120
Warning (10034): Output port "out_pcspldif_emsip_tx_special_in[17]" at sv_xcvr_emsip_adapter.sv(120) has no driver File: /sim/tarsio/aocl-channel-smoke-20261008-HSiyqm/aocl_channel_smoke/system/synthesis/submodules/sv_xcvr_emsip_adapter.sv Line: 120
Warning (10034): Output port "out_pcspldif_emsip_tx_special_in[4]" at sv_xcvr_emsip_adapter.sv(120) has no driver File: /sim/tarsio/aocl-channel-smoke-20261008-HSiyqm/aocl_channel_smoke/system/synthesis/submodules/sv_xcvr_emsip_adapter.sv Line: 120
Info (12128): Elaborating entity "sv_xcvr_plls" for hierarchy "system:system_inst|system_board:board|altpcie_sv_hip_avmm_hwtcl:pcie|altpcie_sv_hip_ast_hwtcl:altera_s5_a2p|altpcie_hip_256_pipen1b:altpcie_hip_256_pipen1b|sv_xcvr_pipe_native:g_xcvr.sv_xcvr_pipe_native|sv_xcvr_plls:sv_xcvr_tx_plls_inst" File: /sim/tarsio/aocl-channel-smoke-20261008-HSiyqm/aocl_channel_smoke/system/synthesis/submodules/sv_xcvr_pipe_native.sv Line: 1076
Warning (10036): Verilog HDL or VHDL warning at sv_xcvr_plls.sv(131): object "atx_avmm_blockselect" assigned a value but never read File: /sim/tarsio/aocl-channel-smoke-20261008-HSiyqm/aocl_channel_smoke/system/synthesis/submodules/sv_xcvr_plls.sv Line: 131
Warning (10036): Verilog HDL or VHDL warning at sv_xcvr_plls.sv(132): object "atx_avmm_readdata" assigned a value but never read File: /sim/tarsio/aocl-channel-smoke-20261008-HSiyqm/aocl_channel_smoke/system/synthesis/submodules/sv_xcvr_plls.sv Line: 132
Warning (10036): Verilog HDL or VHDL warning at sv_xcvr_plls.sv(133): object "atx_mux_avmm_blockselect" assigned a value but never read File: /sim/tarsio/aocl-channel-smoke-20261008-HSiyqm/aocl_channel_smoke/system/synthesis/submodules/sv_xcvr_plls.sv Line: 133
Warning (10036): Verilog HDL or VHDL warning at sv_xcvr_plls.sv(134): object "atx_mux_avmm_readdata" assigned a value but never read File: /sim/tarsio/aocl-channel-smoke-20261008-HSiyqm/aocl_channel_smoke/system/synthesis/submodules/sv_xcvr_plls.sv Line: 134
Info (12128): Elaborating entity "sv_xcvr_native" for hierarchy "system:system_inst|system_board:board|altpcie_sv_hip_avmm_hwtcl:pcie|altpcie_sv_hip_ast_hwtcl:altera_s5_a2p|altpcie_hip_256_pipen1b:altpcie_hip_256_pipen1b|sv_xcvr_pipe_native:g_xcvr.sv_xcvr_pipe_native|sv_xcvr_native:inst_sv_xcvr_native" File: /sim/tarsio/aocl-channel-smoke-20261008-HSiyqm/aocl_channel_smoke/system/synthesis/submodules/sv_xcvr_pipe_native.sv Line: 1730
Info (12128): Elaborating entity "sv_pma" for hierarchy "system:system_inst|system_board:board|altpcie_sv_hip_avmm_hwtcl:pcie|altpcie_sv_hip_ast_hwtcl:altera_s5_a2p|altpcie_hip_256_pipen1b:altpcie_hip_256_pipen1b|sv_xcvr_pipe_native:g_xcvr.sv_xcvr_pipe_native|sv_xcvr_native:inst_sv_xcvr_native|sv_pma:inst_sv_pma" File: /sim/tarsio/aocl-channel-smoke-20261008-HSiyqm/aocl_channel_smoke/system/synthesis/submodules/sv_xcvr_native.sv Line: 1184
Info (12128): Elaborating entity "sv_rx_pma" for hierarchy "system:system_inst|system_board:board|altpcie_sv_hip_avmm_hwtcl:pcie|altpcie_sv_hip_ast_hwtcl:altera_s5_a2p|altpcie_hip_256_pipen1b:altpcie_hip_256_pipen1b|sv_xcvr_pipe_native:g_xcvr.sv_xcvr_pipe_native|sv_xcvr_native:inst_sv_xcvr_native|sv_pma:inst_sv_pma|sv_rx_pma:rx_pma.sv_rx_pma_inst" File: /sim/tarsio/aocl-channel-smoke-20261008-HSiyqm/aocl_channel_smoke/system/synthesis/submodules/sv_pma.sv Line: 337
Warning (10034): Output port "clk33pcs[4]" at sv_rx_pma.sv(90) has no driver File: /sim/tarsio/aocl-channel-smoke-20261008-HSiyqm/aocl_channel_smoke/system/synthesis/submodules/sv_rx_pma.sv Line: 90
Warning (10034): Output port "rdlpbkp[4]" at sv_rx_pma.sv(109) has no driver File: /sim/tarsio/aocl-channel-smoke-20261008-HSiyqm/aocl_channel_smoke/system/synthesis/submodules/sv_rx_pma.sv Line: 109
Warning (10034): Output port "rdlpbkn[4]" at sv_rx_pma.sv(110) has no driver File: /sim/tarsio/aocl-channel-smoke-20261008-HSiyqm/aocl_channel_smoke/system/synthesis/submodules/sv_rx_pma.sv Line: 110
Warning (10034): Output port "refclk_to_cdr[4]" at sv_rx_pma.sv(112) has no driver File: /sim/tarsio/aocl-channel-smoke-20261008-HSiyqm/aocl_channel_smoke/system/synthesis/submodules/sv_rx_pma.sv Line: 112
Info (12128): Elaborating entity "sv_tx_pma" for hierarchy "system:system_inst|system_board:board|altpcie_sv_hip_avmm_hwtcl:pcie|altpcie_sv_hip_ast_hwtcl:altera_s5_a2p|altpcie_hip_256_pipen1b:altpcie_hip_256_pipen1b|sv_xcvr_pipe_native:g_xcvr.sv_xcvr_pipe_native|sv_xcvr_native:inst_sv_xcvr_native|sv_pma:inst_sv_pma|sv_tx_pma:tx_pma.sv_tx_pma_inst" File: /sim/tarsio/aocl-channel-smoke-20261008-HSiyqm/aocl_channel_smoke/system/synthesis/submodules/sv_pma.sv Line: 445
Terminating backend processes...
Exiting...
